Hydrant,Latitude,Longitude,Capacity_L_min,Available,Capacity_source,Public_hydrant_object_id,Model_type,Location_source
H0001,55.65516,12.596182,1200,True,simulated_from_model_type,1,"unset, 80 mm",6100_Brandhaner__Koebenhavn
H0002,55.656111,12.59654,1200,True,simulated_from_model_type,2,"unset, 80 mm",6100_Brandhaner__Koebenhavn
H0003,55.657671,12.597123,1200,True,simulated_from_model_type,3,"unset, 80 mm",6100_Brandhaner__Koebenhavn
H0004,55.626594,12.53293,1600,True,simulated_from_model_type,4,"KV 1916, 100 mm",6100_Brandhaner__Koebenhavn
H0005,55.629802,12.537386,1600,True,simulated_from_model_type,5,"KV 1916, 100 mm",6100_Brandhaner__Koebenhavn
H0006,55.633299,12.54278,1600,True,simulated_from_model_type,6,"KV 1916, 100 mm",6100_Brandhaner__Koebenhavn
H0007,55.636492,12.548864,1600,True,simulated_from_model_type,7,"KV 1916, 100 mm",6100_Brandhaner__Koebenhavn
H0008,55.661576,12.610503,1600,True,simulated_from_model_type,8,"A-60, 100 mm",6100_Brandhaner__Koebenhavn
H0009,55.639991,12.587295,1600,True,simulated_from_model_type,9,"KV 1916, 100 mm",6100_Brandhaner__Koebenhavn
H0010,55.647395,12.597787,1600,True,simulated_from_model_type,10,"KV 1916, 100 mm",6100_Brandhaner__Koebenhavn
H0011,55.659667,12.608687,1600,True,simulated_from_model_type,11,"KV 1916, 100 mm",6100_Brandhaner__Koebenhavn
H0012,55.660416,12.573523,1600,True,simulated_from_model_type,12,"KV 1916, 100 mm",6100_Brandhaner__Koebenhavn
H0013,55.641568,12.592913,1600,True,simulated_from_model_type,13,"unset, 100 mm",6100_Brandhaner__Koebenhavn
H0014,55.658716,12.607356,2000,True,simulated_from_model_type,14,"KV 1916, 110 mm",6100_Brandhaner__Koebenhavn
H0015,55.660542,12.611342,1600,True,simulated_from_model_type,15,"KV 1916, 100 mm",6100_Brandhaner__Koebenhavn
H0016,55.670973,12.627428,1600,True,simulated_from_model_type,16,"KV 1916, 100 mm",6100_Brandhaner__Koebenhavn
H0017,55.658176,12.622512,800,True,simulated_from_model_type,17,"unset, unset",6100_Brandhaner__Koebenhavn
H0018,55.662577,12.59739,1500,True,simulated_from_model_type,18,"unset, 90 mm",6100_Brandhaner__Koebenhavn
H0019,55.654489,12.599017,1600,True,simulated_from_model_type,19,"unset, 100 mm",6100_Brandhaner__Koebenhavn
H0020,55.655017,12.597763,1600,True,simulated_from_model_type,20,"unset, 100 mm",6100_Brandhaner__Koebenhavn
H0021,55.656842,12.596812,1200,True,simulated_from_model_type,21,"unset, 80 mm",6100_Brandhaner__Koebenhavn
H0022,55.655536,12.567381,1600,True,simulated_from_model_type,22,"KV 1916, 100 mm",6100_Brandhaner__Koebenhavn
H0023,55.655939,12.565749,1600,True,simulated_from_model_type,23,"KV 1916, 100 mm",6100_Brandhaner__Koebenhavn
H0024,55.661495,12.600061,2000,True,simulated_from_model_type,24,"unset, 110 mm",6100_Brandhaner__Koebenhavn
H0025,55.646306,12.635671,1600,True,simulated_from_model_type,25,"KV 1916, 100 mm",6100_Brandhaner__Koebenhavn
H0026,55.646646,12.637169,1600,True,simulated_from_model_type,26,"KV 1916, 100 mm",6100_Brandhaner__Koebenhavn
H0027,55.645773,12.637705,1600,True,simulated_from_model_type,27,"KV 1916, 100 mm",6100_Brandhaner__Koebenhavn
H0028,55.640762,12.611729,1600,True,simulated_from_model_type,28,"KV 1916, 100 mm",6100_Brandhaner__Koebenhavn
H0029,55.656078,12.599133,1500,True,simulated_from_model_type,29,"unset, 90 mm",6100_Brandhaner__Koebenhavn
H0030,55.657803,12.602339,1500,True,simulated_from_model_type,30,"unset, 90 mm",6100_Brandhaner__Koebenhavn
H0031,55.656714,12.601009,1500,True,simulated_from_model_type,31,"unset, 90 mm",6100_Brandhaner__Koebenhavn
H0032,55.66843,12.611652,2000,True,simulated_from_model_type,32,"KV 1916, 110 mm",6100_Brandhaner__Koebenhavn
H0033,55.672644,12.592776,1600,True,simulated_from_model_type,33,"KV 1916, 100 mm",6100_Brandhaner__Koebenhavn
H0034,55.689226,12.611317,1600,True,simulated_from_model_type,34,"KV 1916, 100 mm",6100_Brandhaner__Koebenhavn
H0035,55.664769,12.596697,1500,True,simulated_from_model_type,35,"unset, 90 mm",6100_Brandhaner__Koebenhavn
H0036,55.646022,12.641372,1600,True,simulated_from_model_type,36,"KV 1916, 100 mm",6100_Brandhaner__Koebenhavn
H0037,55.694161,12.616271,1600,True,simulated_from_model_type,37,"unset, 100 mm",6100_Brandhaner__Koebenhavn
H0038,55.695909,12.618899,800,True,simulated_from_model_type,38,"unset, Ikke Oplyst",6100_Brandhaner__Koebenhavn
H0039,55.695066,12.618378,800,True,simulated_from_model_type,39,"unset, Ikke Oplyst",6100_Brandhaner__Koebenhavn
H0040,55.693772,12.620296,800,True,simulated_from_model_type,40,"unset, Ikke Oplyst",6100_Brandhaner__Koebenhavn
H0041,55.693475,12.621912,800,True,simulated_from_model_type,41,"unset, Ikke Oplyst",6100_Brandhaner__Koebenhavn
H0042,55.695961,12.622153,800,True,simulated_from_model_type,42,"unset, Ikke Oplyst",6100_Brandhaner__Koebenhavn
H0043,55.684963,12.624903,1600,True,simulated_from_model_type,43,"unset, 100 mm",6100_Brandhaner__Koebenhavn
H0044,55.686588,12.628017,1600,True,simulated_from_model_type,44,"unset, 100 mm",6100_Brandhaner__Koebenhavn
H0045,55.684706,12.605714,1600,True,simulated_from_model_type,45,"unset, 100 mm",6100_Brandhaner__Koebenhavn
H0046,55.68534,12.606152,1600,True,simulated_from_model_type,46,"unset, 100 mm",6100_Brandhaner__Koebenhavn
H0047,55.687314,12.607643,1600,True,simulated_from_model_type,47,"unset, 100 mm",6100_Brandhaner__Koebenhavn
H0048,55.6864,12.607733,1600,True,simulated_from_model_type,48,"unset, 100 mm",6100_Brandhaner__Koebenhavn
H0049,55.68494,12.608167,1600,True,simulated_from_model_type,49,"unset, 100 mm",6100_Brandhaner__Koebenhavn
H0050,55.684223,12.607124,1600,True,simulated_from_model_type,50,"unset, 100 mm",6100_Brandhaner__Koebenhavn
H0051,55.66193,12.616707,1600,True,simulated_from_model_type,51,"A-60, 100 mm",6100_Brandhaner__Koebenhavn
H0052,55.654765,12.593993,1600,True,simulated_from_model_type,52,"unset, 100 mm",6100_Brandhaner__Koebenhavn
H0053,55.675643,12.602623,1600,True,simulated_from_model_type,53,"unset, 100 mm",6100_Brandhaner__Koebenhavn
H0054,55.678362,12.602308,1600,True,simulated_from_model_type,54,"unset, 100 mm",6100_Brandhaner__Koebenhavn
H0055,55.677287,12.602055,1600,True,simulated_from_model_type,55,"unset, 100 mm",6100_Brandhaner__Koebenhavn
H0056,55.684065,12.607966,1600,True,simulated_from_model_type,56,"unset, 100 mm",6100_Brandhaner__Koebenhavn
H0057,55.649743,12.622557,800,True,simulated_from_model_type,57,"unset, unset",6100_Brandhaner__Koebenhavn
H0058,55.676308,12.639387,600,True,simulated_from_model_type,58,"unset, 50 mm",6100_Brandhaner__Koebenhavn
H0059,55.673544,12.638496,1600,True,simulated_from_model_type,59,"unset, 100 mm",6100_Brandhaner__Koebenhavn
H0060,55.666296,12.577637,1600,True,simulated_from_model_type,60,"unset, 100 mm",6100_Brandhaner__Koebenhavn
H0061,55.654743,12.605452,1600,True,simulated_from_model_type,61,"unset, 100 mm",6100_Brandhaner__Koebenhavn
H0062,55.668406,12.59959,1600,True,simulated_from_model_type,62,"unset, 100 mm",6100_Brandhaner__Koebenhavn
H0063,55.661815,12.602303,1600,True,simulated_from_model_type,63,"A-60, 100 mm",6100_Brandhaner__Koebenhavn
H0064,55.653617,12.593887,1600,True,simulated_from_model_type,64,"A-60, 100 mm",6100_Brandhaner__Koebenhavn
H0065,55.656644,12.611001,1200,True,simulated_from_model_type,65,"unset, 80 mm",6100_Brandhaner__Koebenhavn
H0066,55.668099,12.621506,1600,True,simulated_from_model_type,66,"A-60, 100 mm",6100_Brandhaner__Koebenhavn
H0067,55.623995,12.530585,2000,True,simulated_from_model_type,67,"KV 1916, 110 mm",6100_Brandhaner__Koebenhavn
H0068,55.621142,12.576712,1600,True,simulated_from_model_type,68,"unset, 100 mm",6100_Brandhaner__Koebenhavn
H0069,55.628919,12.578765,800,True,simulated_from_model_type,69,"unset, unset",6100_Brandhaner__Koebenhavn
H0070,55.66678,12.594512,1600,True,simulated_from_model_type,70,"A-60, 100 mm",6100_Brandhaner__Koebenhavn
H0071,55.6596,12.604163,1600,True,simulated_from_model_type,71,"A-60, 100 mm",6100_Brandhaner__Koebenhavn
H0072,55.663106,12.602967,2000,True,simulated_from_model_type,72,"unset, 110 mm",6100_Brandhaner__Koebenhavn
H0073,55.672079,12.590972,1600,True,simulated_from_model_type,73,"A-60, 100 mm",6100_Brandhaner__Koebenhavn
H0074,55.677644,12.605392,2000,True,simulated_from_model_type,74,"KV 1916, 110 mm",6100_Brandhaner__Koebenhavn
H0075,55.663839,12.585601,800,True,simulated_from_model_type,75,"unset, unset",6100_Brandhaner__Koebenhavn
H0076,55.628839,12.581606,1600,True,simulated_from_model_type,76,"A-60, 100 mm",6100_Brandhaner__Koebenhavn
H0077,55.641592,12.610996,2000,True,simulated_from_model_type,77,"KV 1916, 110 mm",6100_Brandhaner__Koebenhavn
H0078,55.647089,12.561659,2000,True,simulated_from_model_type,78,"A-60, 110 mm",6100_Brandhaner__Koebenhavn
H0079,55.646002,12.561092,2000,True,simulated_from_model_type,79,"A-60, 110 mm",6100_Brandhaner__Koebenhavn
H0080,55.644851,12.560639,2000,True,simulated_from_model_type,80,"A-60, 110 mm",6100_Brandhaner__Koebenhavn
H0081,55.664576,12.603193,1600,True,simulated_from_model_type,81,"A-60, 100 mm",6100_Brandhaner__Koebenhavn
H0082,55.666664,12.583953,2000,True,simulated_from_model_type,82,"KV, 110 mm",6100_Brandhaner__Koebenhavn
H0083,55.667359,12.582312,2000,True,simulated_from_model_type,83,"KV, 110 mm",6100_Brandhaner__Koebenhavn
H0084,55.666056,12.585467,2000,True,simulated_from_model_type,84,"KV, 110 mm",6100_Brandhaner__Koebenhavn
H0085,55.662344,12.572761,2000,True,simulated_from_model_type,85,"unset, 110 mm",6100_Brandhaner__Koebenhavn
H0086,55.661005,12.569725,1600,True,simulated_from_model_type,86,"A-60, 100 mm",6100_Brandhaner__Koebenhavn
H0087,55.6603,12.571392,1600,True,simulated_from_model_type,87,"A-60, 100 mm",6100_Brandhaner__Koebenhavn
H0088,55.660148,12.589303,2000,True,simulated_from_model_type,88,"KV, 110 mm",6100_Brandhaner__Koebenhavn
H0089,55.664467,12.573839,1600,True,simulated_from_model_type,89,"A-60, 100 mm",6100_Brandhaner__Koebenhavn
H0090,55.641764,12.58617,800,True,simulated_from_model_type,90,"unset, unset",6100_Brandhaner__Koebenhavn
H0091,55.64445,12.587084,2000,True,simulated_from_model_type,91,"unset, 110 mm",6100_Brandhaner__Koebenhavn
H0092,55.64527,12.587059,2000,True,simulated_from_model_type,92,"unset, 110 mm",6100_Brandhaner__Koebenhavn
H0093,55.626377,12.58087,2000,True,simulated_from_model_type,93,"unset, 110 mm",6100_Brandhaner__Koebenhavn
H0094,55.625931,12.578633,2000,True,simulated_from_model_type,94,"unset, 110 mm",6100_Brandhaner__Koebenhavn
H0095,55.621615,12.586208,2000,True,simulated_from_model_type,95,"A-60, 110 mm",6100_Brandhaner__Koebenhavn
H0096,55.626876,12.586955,2000,True,simulated_from_model_type,96,"KVF, 110 mm",6100_Brandhaner__Koebenhavn
H0097,55.623367,12.586456,2000,True,simulated_from_model_type,97,"A-60, 110 mm",6100_Brandhaner__Koebenhavn
H0098,55.625133,12.586708,2000,True,simulated_from_model_type,98,"KVF, 110 mm",6100_Brandhaner__Koebenhavn
H0099,55.620872,12.527457,1600,True,simulated_from_model_type,99,"KV 1916, 100 mm",6100_Brandhaner__Koebenhavn
H0100,55.658475,12.56977,1600,True,simulated_from_model_type,100,"A-60, 100 mm",6100_Brandhaner__Koebenhavn
H0101,55.647706,12.637114,1600,True,simulated_from_model_type,101,"A-60, 100 mm",6100_Brandhaner__Koebenhavn
H0102,55.64847,12.636734,1600,True,simulated_from_model_type,102,"A-60, 100 mm",6100_Brandhaner__Koebenhavn
H0103,55.662034,12.574439,800,True,simulated_from_model_type,103,"unset, unset",6100_Brandhaner__Koebenhavn
H0104,55.63209,12.578105,800,True,simulated_from_model_type,104,"Ikke Oplyst, unset",6100_Brandhaner__Koebenhavn
H0105,55.651862,12.612046,1600,True,simulated_from_model_type,105,"A-60, 100 mm",6100_Brandhaner__Koebenhavn
H0106,55.655652,12.588315,800,True,simulated_from_model_type,106,"unset, unset",6100_Brandhaner__Koebenhavn
H0107,55.662892,12.585184,800,True,simulated_from_model_type,107,"unset, unset",6100_Brandhaner__Koebenhavn
H0108,55.660138,12.590968,1600,True,simulated_from_model_type,108,"KV, 100 mm",6100_Brandhaner__Koebenhavn
H0109,55.63759,12.582611,800,True,simulated_from_model_type,109,"unset, unset",6100_Brandhaner__Koebenhavn
H0110,55.65924,12.588425,1600,True,simulated_from_model_type,110,"A-60, 100 mm",6100_Brandhaner__Koebenhavn
H0111,55.65494,12.63417,1600,True,simulated_from_model_type,111,"A-60, 100 mm",6100_Brandhaner__Koebenhavn
H0112,55.631274,12.576137,1600,True,simulated_from_model_type,112,"A-60, 100 mm",6100_Brandhaner__Koebenhavn
H0113,55.631345,12.577669,1600,True,simulated_from_model_type,113,"A-60, 100 mm",6100_Brandhaner__Koebenhavn
H0114,55.630964,12.579638,1600,True,simulated_from_model_type,114,"A-60, 100 mm",6100_Brandhaner__Koebenhavn
H0115,55.629967,12.579248,1600,True,simulated_from_model_type,115,"A-60, 100 mm",6100_Brandhaner__Koebenhavn
H0116,55.649197,12.588141,1600,True,simulated_from_model_type,116,"KV, 100 mm",6100_Brandhaner__Koebenhavn
H0117,55.646335,12.58731,1600,True,simulated_from_model_type,117,"KV, 100 mm",6100_Brandhaner__Koebenhavn
H0118,55.647426,12.587555,1600,True,simulated_from_model_type,118,"KV, 100 mm",6100_Brandhaner__Koebenhavn
H0119,55.64849,12.58779,1600,True,simulated_from_model_type,119,"KV, 100 mm",6100_Brandhaner__Koebenhavn
H0120,55.663714,12.629103,1600,True,simulated_from_model_type,120,"A-60, 100 mm",6100_Brandhaner__Koebenhavn
H0121,55.66344,12.610835,1600,True,simulated_from_model_type,121,"A-60, 100 mm",6100_Brandhaner__Koebenhavn
H0122,55.657558,12.592005,1600,True,simulated_from_model_type,122,"A-60, 100 mm",6100_Brandhaner__Koebenhavn
H0123,55.660969,12.609877,1600,True,simulated_from_model_type,123,"A-60, 100 mm",6100_Brandhaner__Koebenhavn
H0124,55.639472,12.583967,1600,True,simulated_from_model_type,124,"A-60, 100 mm",6100_Brandhaner__Koebenhavn
H0125,55.666253,12.605845,1600,True,simulated_from_model_type,125,"A-60, 100 mm",6100_Brandhaner__Koebenhavn
H0126,55.660198,12.570393,1600,True,simulated_from_model_type,126,"A-60, 100 mm",6100_Brandhaner__Koebenhavn
H0127,55.632555,12.576465,800,True,simulated_from_model_type,127,"unset, unset",6100_Brandhaner__Koebenhavn
H0129,55.667325,12.580522,2000,True,simulated_from_model_type,129,"unset, 110 mm",6100_Brandhaner__Koebenhavn
H0130,55.632444,12.574712,800,True,simulated_from_model_type,130,"unset, unset",6100_Brandhaner__Koebenhavn
H0131,55.639275,12.584844,1600,True,simulated_from_model_type,131,"A-60, 100 mm",6100_Brandhaner__Koebenhavn
H0132,55.665519,12.58376,800,True,simulated_from_model_type,132,"unset, unset",6100_Brandhaner__Koebenhavn
H0133,55.660094,12.592936,800,True,simulated_from_model_type,133,"unset, unset",6100_Brandhaner__Koebenhavn
H0134,55.655592,12.625107,1600,True,simulated_from_model_type,134,"A-60, 100 mm",6100_Brandhaner__Koebenhavn
H0135,55.634681,12.582809,1600,True,simulated_from_model_type,135,"A-60, 100 mm",6100_Brandhaner__Koebenhavn
H0136,55.670154,12.624558,1600,True,simulated_from_model_type,136,"A-60, 100 mm",6100_Brandhaner__Koebenhavn
H0137,55.666544,12.590372,800,True,simulated_from_model_type,137,"unset, unset",6100_Brandhaner__Koebenhavn
H0138,55.665818,12.588202,800,True,simulated_from_model_type,138,"unset, unset",6100_Brandhaner__Koebenhavn
H0139,55.645084,12.598033,1600,True,simulated_from_model_type,139,"A-60, 100 mm",6100_Brandhaner__Koebenhavn
H0140,55.646004,12.598447,1600,True,simulated_from_model_type,140,"A-60, 100 mm",6100_Brandhaner__Koebenhavn
H0141,55.645959,12.600161,1600,True,simulated_from_model_type,141,"A-60, 100 mm",6100_Brandhaner__Koebenhavn
H0142,55.645908,12.601996,1600,True,simulated_from_model_type,142,"A-60, 100 mm",6100_Brandhaner__Koebenhavn
H0143,55.645868,12.603566,1600,True,simulated_from_model_type,143,"A-60, 100 mm",6100_Brandhaner__Koebenhavn
H0144,55.657621,12.588387,800,True,simulated_from_model_type,144,"unset, unset",6100_Brandhaner__Koebenhavn
H0145,55.658289,12.588638,800,True,simulated_from_model_type,145,"unset, unset",6100_Brandhaner__Koebenhavn
H0146,55.658152,12.59007,800,True,simulated_from_model_type,146,"unset, unset",6100_Brandhaner__Koebenhavn
H0147,55.634975,12.576582,1500,True,simulated_from_model_type,147,"A-60, 90 mm",6100_Brandhaner__Koebenhavn
H0148,55.658667,12.568645,1600,True,simulated_from_model_type,148,"A-60, 100 mm",6100_Brandhaner__Koebenhavn
H0149,55.659427,12.585341,1600,True,simulated_from_model_type,149,"A-60, 100 mm",6100_Brandhaner__Koebenhavn
H0150,55.630712,12.575752,800,True,simulated_from_model_type,150,"Fields\/Privat, unset",6100_Brandhaner__Koebenhavn
H0151,55.630269,12.575681,800,True,simulated_from_model_type,151,"Fields\/Privat, unset",6100_Brandhaner__Koebenhavn
H0152,55.629802,12.576335,800,True,simulated_from_model_type,152,"Fields\/Privat, unset",6100_Brandhaner__Koebenhavn
H0153,55.634103,12.582791,800,True,simulated_from_model_type,153,"unset, unset",6100_Brandhaner__Koebenhavn
H0154,55.63562,12.574293,800,True,simulated_from_model_type,154,"unset, unset",6100_Brandhaner__Koebenhavn
H0155,55.635032,12.575879,800,True,simulated_from_model_type,155,"unset, unset",6100_Brandhaner__Koebenhavn
H0156,55.635174,12.577664,800,True,simulated_from_model_type,156,"unset, unset",6100_Brandhaner__Koebenhavn
H0157,55.634597,12.579246,800,True,simulated_from_model_type,157,"unset, unset",6100_Brandhaner__Koebenhavn
H0158,55.634734,12.581043,800,True,simulated_from_model_type,158,"unset, unset",6100_Brandhaner__Koebenhavn
H0159,55.661823,12.591197,800,True,simulated_from_model_type,159,"unset, unset",6100_Brandhaner__Koebenhavn
H0160,55.664212,12.619678,800,True,simulated_from_model_type,160,"unset, unset",6100_Brandhaner__Koebenhavn
H0161,55.664699,12.620954,800,True,simulated_from_model_type,161,"unset, unset",6100_Brandhaner__Koebenhavn
H0162,55.664575,12.619888,800,True,simulated_from_model_type,162,"unset, unset",6100_Brandhaner__Koebenhavn
H0163,55.649047,12.636285,1600,True,simulated_from_model_type,163,"A-60, 100 mm",6100_Brandhaner__Koebenhavn
H0164,55.661631,12.625948,1600,True,simulated_from_model_type,164,"A-60, 100 mm",6100_Brandhaner__Koebenhavn
H0165,55.658277,12.567111,800,True,simulated_from_model_type,165,"unset, unset",6100_Brandhaner__Koebenhavn
H0166,55.629516,12.579926,2000,True,simulated_from_model_type,166,"KV, 110 mm",6100_Brandhaner__Koebenhavn
H0167,55.664821,12.610613,2000,True,simulated_from_model_type,167,"KV, 110 mm",6100_Brandhaner__Koebenhavn
H0168,55.660666,12.586042,800,True,simulated_from_model_type,168,"unset, unset",6100_Brandhaner__Koebenhavn
H0169,55.661457,12.584902,800,True,simulated_from_model_type,169,"unset, unset",6100_Brandhaner__Koebenhavn
H0170,55.619543,12.568813,800,True,simulated_from_model_type,170,"unset, unset",6100_Brandhaner__Koebenhavn
H0171,55.618506,12.568467,800,True,simulated_from_model_type,171,"unset, unset",6100_Brandhaner__Koebenhavn
H0172,55.617496,12.567817,800,True,simulated_from_model_type,172,"unset, unset",6100_Brandhaner__Koebenhavn
H0173,55.617634,12.570352,800,True,simulated_from_model_type,173,"unset, unset",6100_Brandhaner__Koebenhavn
H0174,55.61862,12.570841,800,True,simulated_from_model_type,174,"unset, unset",6100_Brandhaner__Koebenhavn
H0175,55.617319,12.574107,800,True,simulated_from_model_type,175,"unset, unset",6100_Brandhaner__Koebenhavn
H0176,55.616685,12.572108,800,True,simulated_from_model_type,176,"unset, unset",6100_Brandhaner__Koebenhavn
H0177,55.61772,12.572173,800,True,simulated_from_model_type,177,"unset, unset",6100_Brandhaner__Koebenhavn
H0178,55.618792,12.572536,800,True,simulated_from_model_type,178,"unset, unset",6100_Brandhaner__Koebenhavn
H0179,55.626696,12.576747,800,True,simulated_from_model_type,179,"unset, unset",6100_Brandhaner__Koebenhavn
H0180,55.657222,12.589846,2000,True,simulated_from_model_type,180,"KV, 110 mm",6100_Brandhaner__Koebenhavn
H0181,55.627462,12.578206,800,True,simulated_from_model_type,181,"unset, unset",6100_Brandhaner__Koebenhavn
H0182,55.666843,12.596958,2000,True,simulated_from_model_type,182,"KV, 110 mm",6100_Brandhaner__Koebenhavn
H0183,55.667798,12.596217,2000,True,simulated_from_model_type,183,"KV, 110 mm",6100_Brandhaner__Koebenhavn
H0184,55.666816,12.595927,2000,True,simulated_from_model_type,184,"KV, 110 mm",6100_Brandhaner__Koebenhavn
H0185,55.668124,12.581583,2000,True,simulated_from_model_type,185,"KV, 110 mm",6100_Brandhaner__Koebenhavn
H0186,55.618753,12.573122,800,True,simulated_from_model_type,186,"unset, unset",6100_Brandhaner__Koebenhavn
H0187,55.617682,12.572904,800,True,simulated_from_model_type,187,"unset, unset",6100_Brandhaner__Koebenhavn
H0188,55.66793,12.595643,2000,True,simulated_from_model_type,188,"KV, 110 mm",6100_Brandhaner__Koebenhavn
H0189,55.667371,12.595471,2000,True,simulated_from_model_type,189,"KV, 110 mm",6100_Brandhaner__Koebenhavn
H0190,55.664041,12.578621,800,True,simulated_from_model_type,190,"unset, unset",6100_Brandhaner__Koebenhavn
H0191,55.669262,12.602489,2000,True,simulated_from_model_type,191,"KV, 110 mm",6100_Brandhaner__Koebenhavn
H0192,55.667339,12.607108,2000,True,simulated_from_model_type,192,"KV, 110 mm",6100_Brandhaner__Koebenhavn
H0193,55.668978,12.599301,2000,True,simulated_from_model_type,193,"KV, 110 mm",6100_Brandhaner__Koebenhavn
H0194,55.668755,12.601565,2000,True,simulated_from_model_type,194,"KV, 110 mm",6100_Brandhaner__Koebenhavn
H0195,55.668559,12.603403,2000,True,simulated_from_model_type,195,"KV, 110 mm",6100_Brandhaner__Koebenhavn
H0196,55.658778,12.592483,2000,True,simulated_from_model_type,196,"KV, 110 mm",6100_Brandhaner__Koebenhavn
H0197,55.668449,12.60139,2000,True,simulated_from_model_type,197,"KV, 110 mm",6100_Brandhaner__Koebenhavn
H0198,55.626476,12.57781,2000,True,simulated_from_model_type,198,"KV, 110 mm",6100_Brandhaner__Koebenhavn
H0199,55.672569,12.591451,2000,True,simulated_from_model_type,199,"KV, 110 mm",6100_Brandhaner__Koebenhavn
H0200,55.660872,12.617159,2000,True,simulated_from_model_type,200,"KV, 110 mm",6100_Brandhaner__Koebenhavn
H0201,55.631325,12.572448,800,True,simulated_from_model_type,201,"A-60, unset",6100_Brandhaner__Koebenhavn
H0202,55.662654,12.615455,2000,True,simulated_from_model_type,202,"KV, 110 mm",6100_Brandhaner__Koebenhavn
H0203,55.664086,12.614348,2000,True,simulated_from_model_type,203,"KV, 110 mm",6100_Brandhaner__Koebenhavn
H0204,55.666157,12.612739,2000,True,simulated_from_model_type,204,"KV, 110 mm",6100_Brandhaner__Koebenhavn
H0205,55.665119,12.613544,2000,True,simulated_from_model_type,205,"KV, 110 mm",6100_Brandhaner__Koebenhavn
H0206,55.667837,12.6001,2000,True,simulated_from_model_type,206,"KV, 110 mm",6100_Brandhaner__Koebenhavn
H0207,55.668381,12.597093,2000,True,simulated_from_model_type,207,"KV, 110 mm",6100_Brandhaner__Koebenhavn
H0208,55.6387,12.583496,1600,True,simulated_from_model_type,208,"A-60, 100 mm",6100_Brandhaner__Koebenhavn
H0209,55.616604,12.572707,800,True,simulated_from_model_type,209,"unset, unset",6100_Brandhaner__Koebenhavn
H0210,55.663851,12.600504,2000,True,simulated_from_model_type,210,"KV, 110 mm",6100_Brandhaner__Koebenhavn
H0211,55.663336,12.59878,2000,True,simulated_from_model_type,211,"KV, 110 mm",6100_Brandhaner__Koebenhavn
H0212,55.65009,12.591078,800,True,simulated_from_model_type,212,"A-60, unset",6100_Brandhaner__Koebenhavn
H0213,55.663143,12.596811,2000,True,simulated_from_model_type,213,"KV, 110 mm",6100_Brandhaner__Koebenhavn
H0216,55.668171,12.604644,2000,True,simulated_from_model_type,216,"KV, 110 mm",6100_Brandhaner__Koebenhavn
H0217,55.668108,12.605678,2000,True,simulated_from_model_type,217,"KV, 110 mm",6100_Brandhaner__Koebenhavn
H0218,55.669195,12.607623,2000,True,simulated_from_model_type,218,"KV, 110 mm",6100_Brandhaner__Koebenhavn
H0219,55.668879,12.606276,2000,True,simulated_from_model_type,219,"KV, 110 mm",6100_Brandhaner__Koebenhavn
H0220,55.667962,12.607138,2000,True,simulated_from_model_type,220,"KV, 110 mm",6100_Brandhaner__Koebenhavn
H0221,55.667752,12.608636,2000,True,simulated_from_model_type,221,"KV, 110 mm",6100_Brandhaner__Koebenhavn
H0222,55.667541,12.610145,2000,True,simulated_from_model_type,222,"KV, 110 mm",6100_Brandhaner__Koebenhavn
H0223,55.627249,12.580985,2000,True,simulated_from_model_type,223,"KV, 110 mm",6100_Brandhaner__Koebenhavn
H0225,55.618753,12.573123,2000,True,simulated_from_model_type,225,"KV, 110 mm",6100_Brandhaner__Koebenhavn
H0226,55.667027,12.577177,1600,True,simulated_from_model_type,226,"unset, 100 mm",6100_Brandhaner__Koebenhavn
H0227,55.667727,12.578104,1600,True,simulated_from_model_type,227,"unset, 100 mm",6100_Brandhaner__Koebenhavn
H0228,55.666736,12.578015,1600,True,simulated_from_model_type,228,"unset, 100 mm",6100_Brandhaner__Koebenhavn
H0229,55.68829,12.626694,1600,True,simulated_from_model_type,229,"unset, 100 mm",6100_Brandhaner__Koebenhavn
H0230,55.686993,12.626714,1600,True,simulated_from_model_type,230,"unset, 100 mm",6100_Brandhaner__Koebenhavn
H0231,55.686826,12.624383,1600,True,simulated_from_model_type,231,"unset, 100 mm",6100_Brandhaner__Koebenhavn
H0232,55.686053,12.624373,1600,True,simulated_from_model_type,232,"unset, 100 mm",6100_Brandhaner__Koebenhavn
H0233,55.685539,12.623505,1600,True,simulated_from_model_type,233,"unset, 100 mm",6100_Brandhaner__Koebenhavn
H0234,55.684263,12.634123,1600,True,simulated_from_model_type,234,"unset, 100 mm",6100_Brandhaner__Koebenhavn
H0235,55.687357,12.632739,1600,True,simulated_from_model_type,235,"unset, 100 mm",6100_Brandhaner__Koebenhavn
H0236,55.68689,12.618804,1600,True,simulated_from_model_type,236,"unset, 100 mm",6100_Brandhaner__Koebenhavn
H0237,55.695226,12.610282,1600,True,simulated_from_model_type,237,"unset, 100 mm",6100_Brandhaner__Koebenhavn
H0238,55.697379,12.617285,1600,True,simulated_from_model_type,238,"unset, 100 mm",6100_Brandhaner__Koebenhavn
H0239,55.696199,12.615636,1600,True,simulated_from_model_type,239,"unset, 100 mm",6100_Brandhaner__Koebenhavn
H0240,55.695701,12.615319,1600,True,simulated_from_model_type,240,"unset, 100 mm",6100_Brandhaner__Koebenhavn
H0241,55.695347,12.61468,1600,True,simulated_from_model_type,241,"unset, 100 mm",6100_Brandhaner__Koebenhavn
H0242,55.694734,12.615328,1600,True,simulated_from_model_type,242,"unset, 100 mm",6100_Brandhaner__Koebenhavn
H0243,55.693285,12.608541,1600,True,simulated_from_model_type,243,"unset, 100 mm",6100_Brandhaner__Koebenhavn
H0244,55.694375,12.614506,1600,True,simulated_from_model_type,244,"unset, 100 mm",6100_Brandhaner__Koebenhavn
H0245,55.688423,12.607818,1600,True,simulated_from_model_type,245,"unset, 100 mm",6100_Brandhaner__Koebenhavn
H0246,55.691611,12.61347,1600,True,simulated_from_model_type,246,"unset, 100 mm",6100_Brandhaner__Koebenhavn
H0247,55.683205,12.622432,1600,True,simulated_from_model_type,247,"unset, 100 mm",6100_Brandhaner__Koebenhavn
H0248,55.681715,12.619019,1600,True,simulated_from_model_type,248,"unset, 100 mm",6100_Brandhaner__Koebenhavn
H0249,55.682526,12.618995,1600,True,simulated_from_model_type,249,"unset, 100 mm",6100_Brandhaner__Koebenhavn
H0250,55.682208,12.620718,800,True,simulated_from_model_type,250,"unset, (intet)",6100_Brandhaner__Koebenhavn
H0251,55.69585,12.614072,1600,True,simulated_from_model_type,251,"unset, 100 mm",6100_Brandhaner__Koebenhavn
H0252,55.680956,12.632431,1600,True,simulated_from_model_type,252,"unset, 100 mm",6100_Brandhaner__Koebenhavn
H0253,55.682556,12.632859,1600,True,simulated_from_model_type,253,"unset, 100 mm",6100_Brandhaner__Koebenhavn
H0254,55.683115,12.634237,1600,True,simulated_from_model_type,254,"unset, 100 mm",6100_Brandhaner__Koebenhavn
H0255,55.677967,12.600937,1600,True,simulated_from_model_type,255,"unset, 100 mm",6100_Brandhaner__Koebenhavn
H0256,55.682107,12.635476,1600,True,simulated_from_model_type,256,"unset, 100 mm",6100_Brandhaner__Koebenhavn
H0257,55.680952,12.633292,1600,True,simulated_from_model_type,257,"unset, 100 mm",6100_Brandhaner__Koebenhavn
H0258,55.680976,12.635893,1600,True,simulated_from_model_type,258,"unset, 100 mm",6100_Brandhaner__Koebenhavn
H0259,55.679993,12.635909,1600,True,simulated_from_model_type,259,"unset, 100 mm",6100_Brandhaner__Koebenhavn
H0260,55.682357,12.631729,1600,True,simulated_from_model_type,260,"unset, 100 mm",6100_Brandhaner__Koebenhavn
H0261,55.679829,12.629434,1600,True,simulated_from_model_type,261,"unset, 100 mm",6100_Brandhaner__Koebenhavn
H0262,55.690842,12.610884,1600,True,simulated_from_model_type,262,"unset, 100 mm",6100_Brandhaner__Koebenhavn
H0263,55.676314,12.631855,1600,True,simulated_from_model_type,263,"unset, 100 mm",6100_Brandhaner__Koebenhavn
H0264,55.677209,12.632771,1600,True,simulated_from_model_type,264,"unset, 100 mm",6100_Brandhaner__Koebenhavn
H0265,55.677738,12.633568,1600,True,simulated_from_model_type,265,"unset, 100 mm",6100_Brandhaner__Koebenhavn
H0266,55.676747,12.633439,1600,True,simulated_from_model_type,266,"unset, 100 mm",6100_Brandhaner__Koebenhavn
H0267,55.677557,12.634493,1600,True,simulated_from_model_type,267,"unset, 100 mm",6100_Brandhaner__Koebenhavn
H0268,55.676863,12.63656,1600,True,simulated_from_model_type,268,"unset, 100 mm",6100_Brandhaner__Koebenhavn
H0269,55.677909,12.632431,1600,True,simulated_from_model_type,269,"unset, 100 mm",6100_Brandhaner__Koebenhavn
H0270,55.678843,12.633881,1600,True,simulated_from_model_type,270,"unset, 100 mm",6100_Brandhaner__Koebenhavn
H0271,55.678152,12.634255,1600,True,simulated_from_model_type,271,"unset, 100 mm",6100_Brandhaner__Koebenhavn
H0272,55.678482,12.632948,1600,True,simulated_from_model_type,272,"unset, 100 mm",6100_Brandhaner__Koebenhavn
H0273,55.676895,12.629426,1600,True,simulated_from_model_type,273,"unset, 100 mm",6100_Brandhaner__Koebenhavn
H0274,55.67717,12.630646,1600,True,simulated_from_model_type,274,"unset, 100 mm",6100_Brandhaner__Koebenhavn
H0275,55.67788,12.630313,1600,True,simulated_from_model_type,275,"unset, 100 mm",6100_Brandhaner__Koebenhavn
H0276,55.678528,12.628259,1600,True,simulated_from_model_type,276,"unset, 100 mm",6100_Brandhaner__Koebenhavn
H0277,55.680062,12.631624,1600,True,simulated_from_model_type,277,"unset, 100 mm",6100_Brandhaner__Koebenhavn
H0278,55.678679,12.629937,1600,True,simulated_from_model_type,278,"unset, 100 mm",6100_Brandhaner__Koebenhavn
H0279,55.677746,12.618362,1600,True,simulated_from_model_type,279,"unset, 100 mm",6100_Brandhaner__Koebenhavn
H0280,55.677057,12.61896,1600,True,simulated_from_model_type,280,"unset, 100 mm",6100_Brandhaner__Koebenhavn
H0281,55.678804,12.61743,1600,True,simulated_from_model_type,281,"unset, 100 mm",6100_Brandhaner__Koebenhavn
H0282,55.677147,12.631658,1600,True,simulated_from_model_type,282,"unset, 100 mm",6100_Brandhaner__Koebenhavn
H0283,55.68001,12.616376,1600,True,simulated_from_model_type,283,"unset, 100 mm",6100_Brandhaner__Koebenhavn
H0284,55.680861,12.615627,1600,True,simulated_from_model_type,284,"unset, 100 mm",6100_Brandhaner__Koebenhavn
H0285,55.675701,12.615994,1600,True,simulated_from_model_type,285,"unset, 100 mm",6100_Brandhaner__Koebenhavn
H0286,55.682249,12.614559,1600,True,simulated_from_model_type,286,"unset, 100 mm",6100_Brandhaner__Koebenhavn
H0287,55.683079,12.614734,1600,True,simulated_from_model_type,287,"unset, 100 mm",6100_Brandhaner__Koebenhavn
H0288,55.68343,12.614036,1600,True,simulated_from_model_type,288,"unset, 100 mm",6100_Brandhaner__Koebenhavn
H0289,55.675374,12.619611,1600,True,simulated_from_model_type,289,"unset, 100 mm",6100_Brandhaner__Koebenhavn
H0290,55.674425,12.618539,1600,True,simulated_from_model_type,290,"unset, 100 mm",6100_Brandhaner__Koebenhavn
H0291,55.674203,12.605002,1600,True,simulated_from_model_type,291,"unset, 100 mm",6100_Brandhaner__Koebenhavn
H0292,55.674138,12.603945,1600,True,simulated_from_model_type,292,"unset, 100 mm",6100_Brandhaner__Koebenhavn
H0293,55.674833,12.605435,1600,True,simulated_from_model_type,293,"unset, 100 mm",6100_Brandhaner__Koebenhavn
H0294,55.68155,12.613411,1600,True,simulated_from_model_type,294,"unset, 100 mm",6100_Brandhaner__Koebenhavn
H0295,55.675919,12.632589,1600,True,simulated_from_model_type,295,"unset, 100 mm",6100_Brandhaner__Koebenhavn
H0296,55.675288,12.632152,1600,True,simulated_from_model_type,296,"unset, 100 mm",6100_Brandhaner__Koebenhavn
H0297,55.673684,12.610524,1600,True,simulated_from_model_type,297,"unset, 100 mm",6100_Brandhaner__Koebenhavn
H0298,55.674417,12.634733,1600,True,simulated_from_model_type,298,"unset, 100 mm",6100_Brandhaner__Koebenhavn
H0299,55.675125,12.637232,1600,True,simulated_from_model_type,299,"unset, 100 mm",6100_Brandhaner__Koebenhavn
H0300,55.673703,12.634969,1600,True,simulated_from_model_type,300,"unset, 100 mm",6100_Brandhaner__Koebenhavn
H0301,55.683331,12.615313,1600,True,simulated_from_model_type,301,"unset, 100 mm",6100_Brandhaner__Koebenhavn
H0302,55.673221,12.600601,1600,True,simulated_from_model_type,302,"unset, 100 mm",6100_Brandhaner__Koebenhavn
H0303,55.674241,12.631933,1600,True,simulated_from_model_type,303,"unset, 100 mm",6100_Brandhaner__Koebenhavn
H0304,55.674799,12.633537,1600,True,simulated_from_model_type,304,"unset, 100 mm",6100_Brandhaner__Koebenhavn
H0305,55.672273,12.635218,1600,True,simulated_from_model_type,305,"unset, 100 mm",6100_Brandhaner__Koebenhavn
H0306,55.676224,12.630708,1600,True,simulated_from_model_type,306,"unset, 100 mm",6100_Brandhaner__Koebenhavn
H0307,55.674798,12.613403,1600,True,simulated_from_model_type,307,"unset, 100 mm",6100_Brandhaner__Koebenhavn
H0308,55.684673,12.613193,1600,True,simulated_from_model_type,308,"unset, 100 mm",6100_Brandhaner__Koebenhavn
H0309,55.670054,12.631346,1600,True,simulated_from_model_type,309,"unset, 100 mm",6100_Brandhaner__Koebenhavn
H0310,55.669764,12.628834,1600,True,simulated_from_model_type,310,"unset, 100 mm",6100_Brandhaner__Koebenhavn
H0311,55.670752,12.629323,1600,True,simulated_from_model_type,311,"unset, 100 mm",6100_Brandhaner__Koebenhavn
H0312,55.670614,12.627937,1600,True,simulated_from_model_type,312,"unset, 100 mm",6100_Brandhaner__Koebenhavn
H0313,55.670117,12.626778,1600,True,simulated_from_model_type,313,"unset, 100 mm",6100_Brandhaner__Koebenhavn
H0314,55.670528,12.581264,1600,True,simulated_from_model_type,314,"unset, 100 mm",6100_Brandhaner__Koebenhavn
H0315,55.669971,12.625585,1600,True,simulated_from_model_type,315,"unset, 100 mm",6100_Brandhaner__Koebenhavn
H0316,55.670586,12.582644,1600,True,simulated_from_model_type,316,"unset, 100 mm",6100_Brandhaner__Koebenhavn
H0317,55.672596,12.607837,1600,True,simulated_from_model_type,317,"unset, 100 mm",6100_Brandhaner__Koebenhavn
H0318,55.671859,12.606007,1600,True,simulated_from_model_type,318,"unset, 100 mm",6100_Brandhaner__Koebenhavn
H0319,55.670425,12.584186,1600,True,simulated_from_model_type,319,"unset, 100 mm",6100_Brandhaner__Koebenhavn
H0320,55.67007,12.603448,1600,True,simulated_from_model_type,320,"unset, 100 mm",6100_Brandhaner__Koebenhavn
H0321,55.670255,12.585662,1600,True,simulated_from_model_type,321,"unset, 100 mm",6100_Brandhaner__Koebenhavn
H0322,55.670947,12.604834,1600,True,simulated_from_model_type,322,"unset, 100 mm",6100_Brandhaner__Koebenhavn
H0323,55.670305,12.587745,1600,True,simulated_from_model_type,323,"unset, 100 mm",6100_Brandhaner__Koebenhavn
H0324,55.673761,12.601539,1600,True,simulated_from_model_type,324,"unset, 100 mm",6100_Brandhaner__Koebenhavn
H0325,55.673673,12.602466,1600,True,simulated_from_model_type,325,"unset, 100 mm",6100_Brandhaner__Koebenhavn
H0326,55.673735,12.599154,1600,True,simulated_from_model_type,326,"unset, 100 mm",6100_Brandhaner__Koebenhavn
H0327,55.672319,12.622869,1600,True,simulated_from_model_type,327,"unset, 100 mm",6100_Brandhaner__Koebenhavn
H0328,55.671885,12.623262,1600,True,simulated_from_model_type,328,"unset, 100 mm",6100_Brandhaner__Koebenhavn
H0329,55.68427,12.614575,1600,True,simulated_from_model_type,329,"unset, 100 mm",6100_Brandhaner__Koebenhavn
H0330,55.674373,12.602526,1600,True,simulated_from_model_type,330,"unset, 100 mm",6100_Brandhaner__Koebenhavn
H0331,55.674923,12.601157,1600,True,simulated_from_model_type,331,"unset, 100 mm",6100_Brandhaner__Koebenhavn
H0332,55.670446,12.58928,1600,True,simulated_from_model_type,332,"unset, 100 mm",6100_Brandhaner__Koebenhavn
H0333,55.685593,12.614851,1600,True,simulated_from_model_type,333,"unset, 100 mm",6100_Brandhaner__Koebenhavn
H0334,55.669443,12.621398,1600,True,simulated_from_model_type,334,"unset, 100 mm",6100_Brandhaner__Koebenhavn
H0335,55.671048,12.58893,1600,True,simulated_from_model_type,335,"unset, 100 mm",6100_Brandhaner__Koebenhavn
H0336,55.671127,12.619878,1600,True,simulated_from_model_type,336,"unset, 100 mm",6100_Brandhaner__Koebenhavn
H0337,55.670174,12.590646,1600,True,simulated_from_model_type,337,"unset, 100 mm",6100_Brandhaner__Koebenhavn
H0338,55.671,12.591756,1600,True,simulated_from_model_type,338,"unset, 100 mm",6100_Brandhaner__Koebenhavn
H0339,55.670643,12.592558,1600,True,simulated_from_model_type,339,"unset, 100 mm",6100_Brandhaner__Koebenhavn
H0340,55.671557,12.59268,1600,True,simulated_from_model_type,340,"unset, 100 mm",6100_Brandhaner__Koebenhavn
H0341,55.671086,12.590757,1600,True,simulated_from_model_type,341,"unset, 100 mm",6100_Brandhaner__Koebenhavn
H0342,55.665756,12.592893,1600,True,simulated_from_model_type,342,"unset, 100 mm",6100_Brandhaner__Koebenhavn
H0343,55.673105,12.593692,1600,True,simulated_from_model_type,343,"unset, 100 mm",6100_Brandhaner__Koebenhavn
H0344,55.673119,12.592393,1600,True,simulated_from_model_type,344,"unset, 100 mm",6100_Brandhaner__Koebenhavn
H0345,55.675271,12.599458,1600,True,simulated_from_model_type,345,"unset, 100 mm",6100_Brandhaner__Koebenhavn
H0346,55.663177,12.591521,1600,True,simulated_from_model_type,346,"unset, 100 mm",6100_Brandhaner__Koebenhavn
H0347,55.672601,12.593667,1600,True,simulated_from_model_type,347,"unset, 100 mm",6100_Brandhaner__Koebenhavn
H0348,55.663387,12.589647,1600,True,simulated_from_model_type,348,"unset, 100 mm",6100_Brandhaner__Koebenhavn
H0349,55.675907,12.600106,1600,True,simulated_from_model_type,349,"unset, 100 mm",6100_Brandhaner__Koebenhavn
H0350,55.676384,12.598958,1600,True,simulated_from_model_type,350,"unset, 100 mm",6100_Brandhaner__Koebenhavn
H0351,55.665888,12.58668,1600,True,simulated_from_model_type,351,"unset, 100 mm",6100_Brandhaner__Koebenhavn
H0352,55.665177,12.585802,1600,True,simulated_from_model_type,352,"unset, 100 mm",6100_Brandhaner__Koebenhavn
H0353,55.664416,12.584331,1600,True,simulated_from_model_type,353,"unset, 100 mm",6100_Brandhaner__Koebenhavn
H0354,55.663629,12.587523,1600,True,simulated_from_model_type,354,"unset, 100 mm",6100_Brandhaner__Koebenhavn
H0355,55.663231,12.586314,1600,True,simulated_from_model_type,355,"unset, 100 mm",6100_Brandhaner__Koebenhavn
H0356,55.675563,12.598805,1600,True,simulated_from_model_type,356,"unset, 100 mm",6100_Brandhaner__Koebenhavn
H0357,55.664851,12.582488,1600,True,simulated_from_model_type,357,"unset, 100 mm",6100_Brandhaner__Koebenhavn
H0358,55.66533,12.581359,1600,True,simulated_from_model_type,358,"unset, 100 mm",6100_Brandhaner__Koebenhavn
H0359,55.665763,12.580332,1600,True,simulated_from_model_type,359,"unset, 100 mm",6100_Brandhaner__Koebenhavn
H0360,55.666267,12.579155,1600,True,simulated_from_model_type,360,"unset, 100 mm",6100_Brandhaner__Koebenhavn
H0361,55.665342,12.57994,1600,True,simulated_from_model_type,361,"unset, 100 mm",6100_Brandhaner__Koebenhavn
H0362,55.664418,12.582127,1600,True,simulated_from_model_type,362,"unset, 100 mm",6100_Brandhaner__Koebenhavn
H0363,55.672606,12.597574,1600,True,simulated_from_model_type,363,"unset, 100 mm",6100_Brandhaner__Koebenhavn
H0364,55.67274,12.595014,1600,True,simulated_from_model_type,364,"unset, 100 mm",6100_Brandhaner__Koebenhavn
H0365,55.664038,12.58158,1600,True,simulated_from_model_type,365,"unset, 100 mm",6100_Brandhaner__Koebenhavn
H0366,55.664954,12.57942,1600,True,simulated_from_model_type,366,"unset, 100 mm",6100_Brandhaner__Koebenhavn
H0367,55.664148,12.579802,1600,True,simulated_from_model_type,367,"unset, 100 mm",6100_Brandhaner__Koebenhavn
H0368,55.672187,12.593758,1600,True,simulated_from_model_type,368,"unset, 100 mm",6100_Brandhaner__Koebenhavn
H0369,55.663348,12.581758,1600,True,simulated_from_model_type,369,"unset, 100 mm",6100_Brandhaner__Koebenhavn
H0370,55.67162,12.595466,1600,True,simulated_from_model_type,370,"unset, 100 mm",6100_Brandhaner__Koebenhavn
H0371,55.671244,12.593908,1600,True,simulated_from_model_type,371,"unset, 100 mm",6100_Brandhaner__Koebenhavn
H0372,55.663439,12.580104,1600,True,simulated_from_model_type,372,"unset, 100 mm",6100_Brandhaner__Koebenhavn
H0373,55.669753,12.622883,1600,True,simulated_from_model_type,373,"unset, 100 mm",6100_Brandhaner__Koebenhavn
H0374,55.667469,12.579209,1600,True,simulated_from_model_type,374,"unset, 100 mm",6100_Brandhaner__Koebenhavn
H0375,55.669323,12.627341,1600,True,simulated_from_model_type,375,"unset, 100 mm",6100_Brandhaner__Koebenhavn
H0376,55.666577,12.625255,1600,True,simulated_from_model_type,376,"unset, 100 mm",6100_Brandhaner__Koebenhavn
H0377,55.667438,12.624501,1600,True,simulated_from_model_type,377,"unset, 100 mm",6100_Brandhaner__Koebenhavn
H0378,55.668079,12.580031,1600,True,simulated_from_model_type,378,"unset, 100 mm",6100_Brandhaner__Koebenhavn
H0379,55.668717,12.580518,1600,True,simulated_from_model_type,379,"unset, 100 mm",6100_Brandhaner__Koebenhavn
H0380,55.66894,12.579679,1600,True,simulated_from_model_type,380,"unset, 100 mm",6100_Brandhaner__Koebenhavn
H0381,55.665903,12.627335,1600,True,simulated_from_model_type,381,"unset, 100 mm",6100_Brandhaner__Koebenhavn
H0382,55.658449,12.5928,1600,True,simulated_from_model_type,382,"unset, 100 mm",6100_Brandhaner__Koebenhavn
H0383,55.661989,12.589215,1600,True,simulated_from_model_type,383,"unset, 100 mm",6100_Brandhaner__Koebenhavn
H0384,55.662491,12.590778,1600,True,simulated_from_model_type,384,"unset, 100 mm",6100_Brandhaner__Koebenhavn
H0385,55.661477,12.58683,1600,True,simulated_from_model_type,385,"unset, 100 mm",6100_Brandhaner__Koebenhavn
H0386,55.662251,12.585959,1600,True,simulated_from_model_type,386,"unset, 100 mm",6100_Brandhaner__Koebenhavn
H0387,55.662168,12.578976,1600,True,simulated_from_model_type,387,"unset, 100 mm",6100_Brandhaner__Koebenhavn
H0388,55.662693,12.580861,1600,True,simulated_from_model_type,388,"unset, 100 mm",6100_Brandhaner__Koebenhavn
H0389,55.662163,12.580261,1600,True,simulated_from_model_type,389,"unset, 100 mm",6100_Brandhaner__Koebenhavn
H0390,55.668329,12.58272,1600,True,simulated_from_model_type,390,"unset, 100 mm",6100_Brandhaner__Koebenhavn
H0391,55.669186,12.623718,1600,True,simulated_from_model_type,391,"unset, 100 mm",6100_Brandhaner__Koebenhavn
H0392,55.668566,12.625011,1600,True,simulated_from_model_type,392,"unset, 100 mm",6100_Brandhaner__Koebenhavn
H0393,55.668106,12.584039,1600,True,simulated_from_model_type,393,"unset, 100 mm",6100_Brandhaner__Koebenhavn
H0394,55.667892,12.585281,1600,True,simulated_from_model_type,394,"unset, 100 mm",6100_Brandhaner__Koebenhavn
H0395,55.666579,12.587475,1600,True,simulated_from_model_type,395,"unset, 100 mm",6100_Brandhaner__Koebenhavn
H0396,55.667941,12.624042,1600,True,simulated_from_model_type,396,"unset, 100 mm",6100_Brandhaner__Koebenhavn
H0397,55.667257,12.587803,1600,True,simulated_from_model_type,397,"unset, 100 mm",6100_Brandhaner__Koebenhavn
H0398,55.66792,12.593153,1600,True,simulated_from_model_type,398,"unset, 100 mm",6100_Brandhaner__Koebenhavn
H0399,55.667376,12.590684,1600,True,simulated_from_model_type,399,"unset, 100 mm",6100_Brandhaner__Koebenhavn
H0400,55.667447,12.589211,1600,True,simulated_from_model_type,400,"unset, 100 mm",6100_Brandhaner__Koebenhavn
H0401,55.667128,12.624243,1600,True,simulated_from_model_type,401,"unset, 100 mm",6100_Brandhaner__Koebenhavn
H0402,55.669662,12.589295,1600,True,simulated_from_model_type,402,"unset, 100 mm",6100_Brandhaner__Koebenhavn
H0403,55.664616,12.627012,1600,True,simulated_from_model_type,403,"unset, 100 mm",6100_Brandhaner__Koebenhavn
H0404,55.659094,12.596763,1600,True,simulated_from_model_type,404,"unset, 100 mm",6100_Brandhaner__Koebenhavn
H0405,55.658383,12.595228,1600,True,simulated_from_model_type,405,"unset, 100 mm",6100_Brandhaner__Koebenhavn
H0406,55.664185,12.625023,1600,True,simulated_from_model_type,406,"unset, 100 mm",6100_Brandhaner__Koebenhavn
H0407,55.664358,12.62659,1600,True,simulated_from_model_type,407,"unset, 100 mm",6100_Brandhaner__Koebenhavn
H0408,55.66406,12.626594,1600,True,simulated_from_model_type,408,"unset, 100 mm",6100_Brandhaner__Koebenhavn
H0409,55.663724,12.630581,1600,True,simulated_from_model_type,409,"unset, 100 mm",6100_Brandhaner__Koebenhavn
H0410,55.662304,12.593913,1600,True,simulated_from_model_type,410,"unset, 100 mm",6100_Brandhaner__Koebenhavn
H0411,55.661218,12.593625,1600,True,simulated_from_model_type,411,"unset, 100 mm",6100_Brandhaner__Koebenhavn
H0412,55.662228,12.631073,1600,True,simulated_from_model_type,412,"unset, 100 mm",6100_Brandhaner__Koebenhavn
H0413,55.660605,12.594675,1600,True,simulated_from_model_type,413,"unset, 100 mm",6100_Brandhaner__Koebenhavn
H0414,55.659766,12.595177,1600,True,simulated_from_model_type,414,"unset, 100 mm",6100_Brandhaner__Koebenhavn
H0415,55.660136,12.597077,1600,True,simulated_from_model_type,415,"unset, 100 mm",6100_Brandhaner__Koebenhavn
H0416,55.669172,12.626312,1600,True,simulated_from_model_type,416,"unset, 100 mm",6100_Brandhaner__Koebenhavn
H0417,55.662142,12.596145,1600,True,simulated_from_model_type,417,"unset, 100 mm",6100_Brandhaner__Koebenhavn
H0418,55.661821,12.597583,1600,True,simulated_from_model_type,418,"unset, 100 mm",6100_Brandhaner__Koebenhavn
H0419,55.661062,12.596514,1600,True,simulated_from_model_type,419,"unset, 100 mm",6100_Brandhaner__Koebenhavn
H0420,55.657699,12.599267,1600,True,simulated_from_model_type,420,"unset, 100 mm",6100_Brandhaner__Koebenhavn
H0421,55.658385,12.600419,1600,True,simulated_from_model_type,421,"unset, 100 mm",6100_Brandhaner__Koebenhavn
H0422,55.656043,12.600359,1600,True,simulated_from_model_type,422,"unset, 100 mm",6100_Brandhaner__Koebenhavn
H0423,55.655269,12.602189,1600,True,simulated_from_model_type,423,"unset, 100 mm",6100_Brandhaner__Koebenhavn
H0424,55.655796,12.601466,1600,True,simulated_from_model_type,424,"unset, 100 mm",6100_Brandhaner__Koebenhavn
H0425,55.656818,12.599847,1600,True,simulated_from_model_type,425,"unset, 100 mm",6100_Brandhaner__Koebenhavn
H0426,55.658332,12.598365,1600,True,simulated_from_model_type,426,"unset, 100 mm",6100_Brandhaner__Koebenhavn
H0427,55.663801,12.624319,1600,True,simulated_from_model_type,427,"unset, 100 mm",6100_Brandhaner__Koebenhavn
H0428,55.65889,12.599521,1600,True,simulated_from_model_type,428,"unset, 100 mm",6100_Brandhaner__Koebenhavn
H0429,55.665437,12.626283,1600,True,simulated_from_model_type,429,"unset, 100 mm",6100_Brandhaner__Koebenhavn
H0430,55.662479,12.623744,1600,True,simulated_from_model_type,430,"unset, 100 mm",6100_Brandhaner__Koebenhavn
H0431,55.663185,12.623184,1600,True,simulated_from_model_type,431,"unset, 100 mm",6100_Brandhaner__Koebenhavn
H0432,55.664208,12.622383,1600,True,simulated_from_model_type,432,"unset, 100 mm",6100_Brandhaner__Koebenhavn
H0433,55.668765,12.598227,1600,True,simulated_from_model_type,433,"unset, 100 mm",6100_Brandhaner__Koebenhavn
H0434,55.667657,12.597086,1600,True,simulated_from_model_type,434,"unset, 100 mm",6100_Brandhaner__Koebenhavn
H0435,55.667675,12.595563,1600,True,simulated_from_model_type,435,"unset, 100 mm",6100_Brandhaner__Koebenhavn
H0436,55.666305,12.596477,1600,True,simulated_from_model_type,436,"unset, 100 mm",6100_Brandhaner__Koebenhavn
H0437,55.666294,12.595145,1600,True,simulated_from_model_type,437,"unset, 100 mm",6100_Brandhaner__Koebenhavn
H0438,55.663871,12.623043,1600,True,simulated_from_model_type,438,"unset, 100 mm",6100_Brandhaner__Koebenhavn
H0439,55.66939,12.601421,1600,True,simulated_from_model_type,439,"unset, 100 mm",6100_Brandhaner__Koebenhavn
H0440,55.657279,12.603535,1500,True,simulated_from_model_type,440,"unset, 90 mm",6100_Brandhaner__Koebenhavn
H0441,55.657629,12.604894,1600,True,simulated_from_model_type,441,"unset, 100 mm",6100_Brandhaner__Koebenhavn
H0442,55.66837,12.600857,1600,True,simulated_from_model_type,442,"unset, 100 mm",6100_Brandhaner__Koebenhavn
H0443,55.65802,12.604035,1600,True,simulated_from_model_type,443,"unset, 100 mm",6100_Brandhaner__Koebenhavn
H0444,55.668151,12.599126,1600,True,simulated_from_model_type,444,"unset, 100 mm",6100_Brandhaner__Koebenhavn
H0445,55.667245,12.599422,1600,True,simulated_from_model_type,445,"unset, 100 mm",6100_Brandhaner__Koebenhavn
H0446,55.667641,12.598253,1600,True,simulated_from_model_type,446,"unset, 100 mm",6100_Brandhaner__Koebenhavn
H0447,55.667482,12.602408,1600,True,simulated_from_model_type,447,"unset, 100 mm",6100_Brandhaner__Koebenhavn
H0448,55.666758,12.600029,1600,True,simulated_from_model_type,448,"unset, 100 mm",6100_Brandhaner__Koebenhavn
H0449,55.666768,12.601228,1600,True,simulated_from_model_type,449,"unset, 100 mm",6100_Brandhaner__Koebenhavn
H0450,55.655459,12.60656,1600,True,simulated_from_model_type,450,"unset, 100 mm",6100_Brandhaner__Koebenhavn
H0451,55.655646,12.605215,1600,True,simulated_from_model_type,451,"unset, 100 mm",6100_Brandhaner__Koebenhavn
H0452,55.668416,12.604832,1600,True,simulated_from_model_type,452,"unset, 100 mm",6100_Brandhaner__Koebenhavn
H0453,55.656635,12.606401,1600,True,simulated_from_model_type,453,"unset, 100 mm",6100_Brandhaner__Koebenhavn
H0454,55.656569,12.605027,1600,True,simulated_from_model_type,454,"unset, 100 mm",6100_Brandhaner__Koebenhavn
H0455,55.657365,12.606197,1600,True,simulated_from_model_type,455,"unset, 100 mm",6100_Brandhaner__Koebenhavn
H0456,55.65583,12.604146,1600,True,simulated_from_model_type,456,"unset, 100 mm",6100_Brandhaner__Koebenhavn
H0457,55.65598,12.603054,1600,True,simulated_from_model_type,457,"unset, 100 mm",6100_Brandhaner__Koebenhavn
H0458,55.66944,12.609639,1600,True,simulated_from_model_type,458,"unset, 100 mm",6100_Brandhaner__Koebenhavn
H0459,55.658562,12.603113,1600,True,simulated_from_model_type,459,"unset, 100 mm",6100_Brandhaner__Koebenhavn
H0460,55.669363,12.611439,1600,True,simulated_from_model_type,460,"unset, 100 mm",6100_Brandhaner__Koebenhavn
H0461,55.667449,12.612073,1600,True,simulated_from_model_type,461,"unset, 100 mm",6100_Brandhaner__Koebenhavn
H0462,55.667199,12.602799,1600,True,simulated_from_model_type,462,"unset, 100 mm",6100_Brandhaner__Koebenhavn
H0463,55.667566,12.604519,1600,True,simulated_from_model_type,463,"unset, 100 mm",6100_Brandhaner__Koebenhavn
H0464,55.666729,12.603466,1600,True,simulated_from_model_type,464,"unset, 100 mm",6100_Brandhaner__Koebenhavn
H0465,55.658609,12.60229,1600,True,simulated_from_model_type,465,"unset, 100 mm",6100_Brandhaner__Koebenhavn
H0466,55.658982,12.601481,1600,True,simulated_from_model_type,466,"unset, 100 mm",6100_Brandhaner__Koebenhavn
H0467,55.666878,12.609526,1600,True,simulated_from_model_type,467,"unset, 100 mm",6100_Brandhaner__Koebenhavn
H0468,55.666542,12.607959,1600,True,simulated_from_model_type,468,"unset, 100 mm",6100_Brandhaner__Koebenhavn
H0469,55.666895,12.612098,1600,True,simulated_from_model_type,469,"unset, 100 mm",6100_Brandhaner__Koebenhavn
H0470,55.666072,12.611093,1600,True,simulated_from_model_type,470,"unset, 100 mm",6100_Brandhaner__Koebenhavn
H0471,55.665731,12.612415,1600,True,simulated_from_model_type,471,"unset, 100 mm",6100_Brandhaner__Koebenhavn
H0472,55.665324,12.610647,1600,True,simulated_from_model_type,472,"unset, 100 mm",6100_Brandhaner__Koebenhavn
H0473,55.666802,12.605443,1600,True,simulated_from_model_type,473,"unset, 100 mm",6100_Brandhaner__Koebenhavn
H0474,55.665556,12.609397,1600,True,simulated_from_model_type,474,"unset, 100 mm",6100_Brandhaner__Koebenhavn
H0475,55.664871,12.609895,1600,True,simulated_from_model_type,475,"unset, 100 mm",6100_Brandhaner__Koebenhavn
H0476,55.664913,12.608513,1600,True,simulated_from_model_type,476,"unset, 100 mm",6100_Brandhaner__Koebenhavn
H0477,55.665608,12.597226,1600,True,simulated_from_model_type,477,"unset, 100 mm",6100_Brandhaner__Koebenhavn
H0478,55.665574,12.596564,1600,True,simulated_from_model_type,478,"unset, 100 mm",6100_Brandhaner__Koebenhavn
H0479,55.664178,12.607972,1600,True,simulated_from_model_type,479,"unset, 100 mm",6100_Brandhaner__Koebenhavn
H0480,55.665078,12.595731,1600,True,simulated_from_model_type,480,"unset, 100 mm",6100_Brandhaner__Koebenhavn
H0481,55.665217,12.594823,1600,True,simulated_from_model_type,481,"unset, 100 mm",6100_Brandhaner__Koebenhavn
H0482,55.664334,12.594981,1600,True,simulated_from_model_type,482,"unset, 100 mm",6100_Brandhaner__Koebenhavn
H0483,55.658969,12.605048,1600,True,simulated_from_model_type,483,"unset, 100 mm",6100_Brandhaner__Koebenhavn
H0484,55.664015,12.60919,1600,True,simulated_from_model_type,484,"unset, 100 mm",6100_Brandhaner__Koebenhavn
H0485,55.662494,12.609003,1600,True,simulated_from_model_type,485,"unset, 100 mm",6100_Brandhaner__Koebenhavn
H0486,55.664138,12.596635,1600,True,simulated_from_model_type,486,"unset, 100 mm",6100_Brandhaner__Koebenhavn
H0487,55.659476,12.606018,1600,True,simulated_from_model_type,487,"unset, 100 mm",6100_Brandhaner__Koebenhavn
H0488,55.662952,12.593388,1600,True,simulated_from_model_type,488,"unset, 100 mm",6100_Brandhaner__Koebenhavn
H0489,55.673869,12.593631,1600,True,simulated_from_model_type,489,"unset, 100 mm",6100_Brandhaner__Koebenhavn
H0490,55.663098,12.610001,1600,True,simulated_from_model_type,490,"unset, 100 mm",6100_Brandhaner__Koebenhavn
H0491,55.664143,12.610272,1600,True,simulated_from_model_type,491,"unset, 100 mm",6100_Brandhaner__Koebenhavn
H0492,55.668903,12.614408,1600,True,simulated_from_model_type,492,"unset, 100 mm",6100_Brandhaner__Koebenhavn
H0493,55.668857,12.613068,1600,True,simulated_from_model_type,493,"unset, 100 mm",6100_Brandhaner__Koebenhavn
H0494,55.669022,12.61604,1600,True,simulated_from_model_type,494,"unset, 100 mm",6100_Brandhaner__Koebenhavn
H0495,55.668237,12.615768,1600,True,simulated_from_model_type,495,"unset, 100 mm",6100_Brandhaner__Koebenhavn
H0496,55.667751,12.613581,1600,True,simulated_from_model_type,496,"unset, 100 mm",6100_Brandhaner__Koebenhavn
H0497,55.667754,12.615221,1600,True,simulated_from_model_type,497,"unset, 100 mm",6100_Brandhaner__Koebenhavn
H0498,55.667992,12.616321,1600,True,simulated_from_model_type,498,"unset, 100 mm",6100_Brandhaner__Koebenhavn
H0499,55.667477,12.614123,1600,True,simulated_from_model_type,499,"unset, 100 mm",6100_Brandhaner__Koebenhavn
H0500,55.666929,12.615886,1600,True,simulated_from_model_type,500,"unset, 100 mm",6100_Brandhaner__Koebenhavn
H0501,55.664354,12.597826,1600,True,simulated_from_model_type,501,"unset, 100 mm",6100_Brandhaner__Koebenhavn
H0502,55.663868,12.595437,1600,True,simulated_from_model_type,502,"unset, 100 mm",6100_Brandhaner__Koebenhavn
H0503,55.666706,12.614015,1600,True,simulated_from_model_type,503,"unset, 100 mm",6100_Brandhaner__Koebenhavn
H0504,55.66335,12.594265,1600,True,simulated_from_model_type,504,"unset, 100 mm",6100_Brandhaner__Koebenhavn
H0505,55.662792,12.594977,1600,True,simulated_from_model_type,505,"unset, 100 mm",6100_Brandhaner__Koebenhavn
H0506,55.665974,12.615114,1600,True,simulated_from_model_type,506,"unset, 100 mm",6100_Brandhaner__Koebenhavn
H0507,55.660524,12.605151,1600,True,simulated_from_model_type,507,"unset, 100 mm",6100_Brandhaner__Koebenhavn
H0508,55.660895,12.606367,1600,True,simulated_from_model_type,508,"unset, 100 mm",6100_Brandhaner__Koebenhavn
H0509,55.665922,12.616383,1600,True,simulated_from_model_type,509,"unset, 100 mm",6100_Brandhaner__Koebenhavn
H0510,55.663363,12.596627,1600,True,simulated_from_model_type,510,"unset, 100 mm",6100_Brandhaner__Koebenhavn
H0511,55.66568,12.614077,1600,True,simulated_from_model_type,511,"unset, 100 mm",6100_Brandhaner__Koebenhavn
H0512,55.664891,12.614629,1600,True,simulated_from_model_type,512,"unset, 100 mm",6100_Brandhaner__Koebenhavn
H0513,55.664896,12.613063,1600,True,simulated_from_model_type,513,"unset, 100 mm",6100_Brandhaner__Koebenhavn
H0514,55.665076,12.615836,1600,True,simulated_from_model_type,514,"unset, 100 mm",6100_Brandhaner__Koebenhavn
H0515,55.664346,12.616411,1600,True,simulated_from_model_type,515,"unset, 100 mm",6100_Brandhaner__Koebenhavn
H0516,55.66368,12.61565,1600,True,simulated_from_model_type,516,"unset, 100 mm",6100_Brandhaner__Koebenhavn
H0517,55.66435,12.576616,1600,True,simulated_from_model_type,517,"unset, 100 mm",6100_Brandhaner__Koebenhavn
H0518,55.663446,12.576876,1600,True,simulated_from_model_type,518,"unset, 100 mm",6100_Brandhaner__Koebenhavn
H0519,55.661876,12.603651,1600,True,simulated_from_model_type,519,"unset, 100 mm",6100_Brandhaner__Koebenhavn
H0520,55.661507,12.605638,1600,True,simulated_from_model_type,520,"unset, 100 mm",6100_Brandhaner__Koebenhavn
H0521,55.665849,12.577231,1600,True,simulated_from_model_type,521,"unset, 100 mm",6100_Brandhaner__Koebenhavn
H0522,55.665516,12.578092,1600,True,simulated_from_model_type,522,"unset, 100 mm",6100_Brandhaner__Koebenhavn
H0523,55.662551,12.616529,1600,True,simulated_from_model_type,523,"unset, 100 mm",6100_Brandhaner__Koebenhavn
H0524,55.665445,12.576747,1600,True,simulated_from_model_type,524,"unset, 100 mm",6100_Brandhaner__Koebenhavn
H0525,55.664814,12.5783,1600,True,simulated_from_model_type,525,"unset, 100 mm",6100_Brandhaner__Koebenhavn
H0526,55.665903,12.600966,1600,True,simulated_from_model_type,526,"unset, 100 mm",6100_Brandhaner__Koebenhavn
H0527,55.665897,12.598817,1600,True,simulated_from_model_type,527,"unset, 100 mm",6100_Brandhaner__Koebenhavn
H0528,55.665538,12.599603,1600,True,simulated_from_model_type,528,"unset, 100 mm",6100_Brandhaner__Koebenhavn
H0529,55.661777,12.604882,1600,True,simulated_from_model_type,529,"unset, 100 mm",6100_Brandhaner__Koebenhavn
H0530,55.660989,12.602665,1600,True,simulated_from_model_type,530,"unset, 100 mm",6100_Brandhaner__Koebenhavn
H0531,55.664846,12.598888,1600,True,simulated_from_model_type,531,"unset, 100 mm",6100_Brandhaner__Koebenhavn
H0532,55.664812,12.601536,1600,True,simulated_from_model_type,532,"unset, 100 mm",6100_Brandhaner__Koebenhavn
H0533,55.66236,12.615027,1600,True,simulated_from_model_type,533,"unset, 100 mm",6100_Brandhaner__Koebenhavn
H0534,55.664017,12.601549,1600,True,simulated_from_model_type,534,"unset, 100 mm",6100_Brandhaner__Koebenhavn
H0535,55.663235,12.614348,1600,True,simulated_from_model_type,535,"unset, 100 mm",6100_Brandhaner__Koebenhavn
H0536,55.664079,12.613691,1600,True,simulated_from_model_type,536,"unset, 100 mm",6100_Brandhaner__Koebenhavn
H0537,55.663728,12.598215,1600,True,simulated_from_model_type,537,"unset, 100 mm",6100_Brandhaner__Koebenhavn
H0538,55.664224,12.599924,1600,True,simulated_from_model_type,538,"unset, 100 mm",6100_Brandhaner__Koebenhavn
H0539,55.665268,12.574889,1600,True,simulated_from_model_type,539,"unset, 100 mm",6100_Brandhaner__Koebenhavn
H0540,55.662869,12.612281,1600,True,simulated_from_model_type,540,"unset, 100 mm",6100_Brandhaner__Koebenhavn
H0541,55.663106,12.613346,1600,True,simulated_from_model_type,541,"unset, 100 mm",6100_Brandhaner__Koebenhavn
H0542,55.664676,12.577186,1600,True,simulated_from_model_type,542,"unset, 100 mm",6100_Brandhaner__Koebenhavn
H0543,55.66315,12.600059,1600,True,simulated_from_model_type,543,"unset, 100 mm",6100_Brandhaner__Koebenhavn
H0544,55.663975,12.61269,1600,True,simulated_from_model_type,544,"unset, 100 mm",6100_Brandhaner__Koebenhavn
H0545,55.662703,12.598385,1600,True,simulated_from_model_type,545,"unset, 100 mm",6100_Brandhaner__Koebenhavn
H0546,55.660904,12.604233,1600,True,simulated_from_model_type,546,"unset, 100 mm",6100_Brandhaner__Koebenhavn
H0547,55.660716,12.602985,1600,True,simulated_from_model_type,547,"unset, 100 mm",6100_Brandhaner__Koebenhavn
H0548,55.658624,12.621248,1600,True,simulated_from_model_type,548,"unset, 100 mm",6100_Brandhaner__Koebenhavn
H0549,55.662938,12.601607,1600,True,simulated_from_model_type,549,"unset, 100 mm",6100_Brandhaner__Koebenhavn
H0550,55.658699,12.619658,1600,True,simulated_from_model_type,550,"unset, 100 mm",6100_Brandhaner__Koebenhavn
H0551,55.659999,12.603292,1600,True,simulated_from_model_type,551,"unset, 100 mm",6100_Brandhaner__Koebenhavn
H0552,55.669054,12.619591,1600,True,simulated_from_model_type,552,"unset, 100 mm",6100_Brandhaner__Koebenhavn
H0553,55.663152,12.578671,1600,True,simulated_from_model_type,553,"unset, 100 mm",6100_Brandhaner__Koebenhavn
H0554,55.663407,12.60168,1600,True,simulated_from_model_type,554,"unset, 100 mm",6100_Brandhaner__Koebenhavn
H0555,55.668675,12.617757,1600,True,simulated_from_model_type,555,"unset, 100 mm",6100_Brandhaner__Koebenhavn
H0556,55.667546,12.618707,1600,True,simulated_from_model_type,556,"unset, 100 mm",6100_Brandhaner__Koebenhavn
H0557,55.667245,12.617381,1600,True,simulated_from_model_type,557,"unset, 100 mm",6100_Brandhaner__Koebenhavn
H0558,55.658924,12.617992,1600,True,simulated_from_model_type,558,"unset, 100 mm",6100_Brandhaner__Koebenhavn
H0559,55.668798,12.621904,1600,True,simulated_from_model_type,559,"unset, 100 mm",6100_Brandhaner__Koebenhavn
H0560,55.662488,12.602169,1600,True,simulated_from_model_type,560,"unset, 100 mm",6100_Brandhaner__Koebenhavn
H0561,55.667061,12.620136,1600,True,simulated_from_model_type,561,"unset, 100 mm",6100_Brandhaner__Koebenhavn
H0562,55.666124,12.620868,1600,True,simulated_from_model_type,562,"unset, 100 mm",6100_Brandhaner__Koebenhavn
H0563,55.660244,12.606641,1600,True,simulated_from_model_type,563,"unset, 100 mm",6100_Brandhaner__Koebenhavn
H0564,55.663493,12.57418,1600,True,simulated_from_model_type,564,"unset, 100 mm",6100_Brandhaner__Koebenhavn
H0565,55.666497,12.617533,1600,True,simulated_from_model_type,565,"unset, 100 mm",6100_Brandhaner__Koebenhavn
H0566,55.665987,12.619639,1600,True,simulated_from_model_type,566,"unset, 100 mm",6100_Brandhaner__Koebenhavn
H0567,55.667421,12.621775,1600,True,simulated_from_model_type,567,"unset, 100 mm",6100_Brandhaner__Koebenhavn
H0568,55.659289,12.616911,1600,True,simulated_from_model_type,568,"unset, 100 mm",6100_Brandhaner__Koebenhavn
H0569,55.666267,12.621863,1600,True,simulated_from_model_type,569,"unset, 100 mm",6100_Brandhaner__Koebenhavn
H0570,55.662256,12.606877,1600,True,simulated_from_model_type,570,"unset, 100 mm",6100_Brandhaner__Koebenhavn
H0571,55.660103,12.617021,1600,True,simulated_from_model_type,571,"unset, 100 mm",6100_Brandhaner__Koebenhavn
H0572,55.66518,12.621618,1600,True,simulated_from_model_type,572,"unset, 100 mm",6100_Brandhaner__Koebenhavn
H0573,55.665605,12.617427,1600,True,simulated_from_model_type,573,"unset, 100 mm",6100_Brandhaner__Koebenhavn
H0574,55.665377,12.618358,1600,True,simulated_from_model_type,574,"unset, 100 mm",6100_Brandhaner__Koebenhavn
H0575,55.664553,12.618994,1600,True,simulated_from_model_type,575,"unset, 100 mm",6100_Brandhaner__Koebenhavn
H0576,55.664846,12.617244,1600,True,simulated_from_model_type,576,"unset, 100 mm",6100_Brandhaner__Koebenhavn
H0577,55.663913,12.617933,1600,True,simulated_from_model_type,577,"unset, 100 mm",6100_Brandhaner__Koebenhavn
H0578,55.666445,12.576414,1600,True,simulated_from_model_type,578,"unset, 100 mm",6100_Brandhaner__Koebenhavn
H0579,55.660316,12.618486,1600,True,simulated_from_model_type,579,"unset, 100 mm",6100_Brandhaner__Koebenhavn
H0580,55.66028,12.620755,1600,True,simulated_from_model_type,580,"unset, 100 mm",6100_Brandhaner__Koebenhavn
H0581,55.664081,12.621066,1600,True,simulated_from_model_type,581,"unset, 100 mm",6100_Brandhaner__Koebenhavn
H0582,55.663844,12.619485,1600,True,simulated_from_model_type,582,"unset, 100 mm",6100_Brandhaner__Koebenhavn
H0583,55.663301,12.617142,1600,True,simulated_from_model_type,583,"unset, 100 mm",6100_Brandhaner__Koebenhavn
H0584,55.66344,12.620904,1600,True,simulated_from_model_type,584,"unset, 100 mm",6100_Brandhaner__Koebenhavn
H0585,55.66055,12.619488,1600,True,simulated_from_model_type,585,"unset, 100 mm",6100_Brandhaner__Koebenhavn
H0586,55.663091,12.618502,1600,True,simulated_from_model_type,586,"unset, 100 mm",6100_Brandhaner__Koebenhavn
H0587,55.665079,12.605986,1600,True,simulated_from_model_type,587,"unset, 100 mm",6100_Brandhaner__Koebenhavn
H0588,55.665397,12.605392,1600,True,simulated_from_model_type,588,"unset, 100 mm",6100_Brandhaner__Koebenhavn
H0589,55.665258,12.603525,1600,True,simulated_from_model_type,589,"unset, 100 mm",6100_Brandhaner__Koebenhavn
H0590,55.661298,12.619554,1600,True,simulated_from_model_type,590,"unset, 100 mm",6100_Brandhaner__Koebenhavn
H0591,55.664697,12.604927,1600,True,simulated_from_model_type,591,"unset, 100 mm",6100_Brandhaner__Koebenhavn
H0592,55.665208,12.607509,1600,True,simulated_from_model_type,592,"unset, 100 mm",6100_Brandhaner__Koebenhavn
H0593,55.65978,12.599948,1600,True,simulated_from_model_type,593,"unset, 100 mm",6100_Brandhaner__Koebenhavn
H0594,55.660387,12.599077,1600,True,simulated_from_model_type,594,"unset, 100 mm",6100_Brandhaner__Koebenhavn
H0595,55.661081,12.598097,1600,True,simulated_from_model_type,595,"unset, 100 mm",6100_Brandhaner__Koebenhavn
H0596,55.664057,12.606392,1600,True,simulated_from_model_type,596,"unset, 100 mm",6100_Brandhaner__Koebenhavn
H0597,55.664088,12.604937,1600,True,simulated_from_model_type,597,"unset, 100 mm",6100_Brandhaner__Koebenhavn
H0598,55.663794,12.604052,1600,True,simulated_from_model_type,598,"unset, 100 mm",6100_Brandhaner__Koebenhavn
H0599,55.663857,12.603435,1600,True,simulated_from_model_type,599,"unset, 100 mm",6100_Brandhaner__Koebenhavn
H0600,55.663303,12.605851,1600,True,simulated_from_model_type,600,"unset, 100 mm",6100_Brandhaner__Koebenhavn
H0601,55.662721,12.60726,1600,True,simulated_from_model_type,601,"unset, 100 mm",6100_Brandhaner__Koebenhavn
H0602,55.662572,12.603657,1600,True,simulated_from_model_type,602,"unset, 100 mm",6100_Brandhaner__Koebenhavn
H0603,55.662263,12.600969,1600,True,simulated_from_model_type,603,"unset, 100 mm",6100_Brandhaner__Koebenhavn
H0604,55.659369,12.614995,1600,True,simulated_from_model_type,604,"unset, 100 mm",6100_Brandhaner__Koebenhavn
H0605,55.661342,12.600491,1600,True,simulated_from_model_type,605,"unset, 100 mm",6100_Brandhaner__Koebenhavn
H0606,55.660012,12.615869,1600,True,simulated_from_model_type,606,"unset, 100 mm",6100_Brandhaner__Koebenhavn
H0607,55.667244,12.612818,1600,True,simulated_from_model_type,607,"unset, 100 mm",6100_Brandhaner__Koebenhavn
H0608,55.673752,12.594752,1600,True,simulated_from_model_type,608,"unset, 100 mm",6100_Brandhaner__Koebenhavn
H0609,55.663773,12.572865,1600,True,simulated_from_model_type,609,"unset, 100 mm",6100_Brandhaner__Koebenhavn
H0610,55.66667,12.593354,1600,True,simulated_from_model_type,610,"unset, 100 mm",6100_Brandhaner__Koebenhavn
H0611,55.660864,12.615565,1600,True,simulated_from_model_type,611,"unset, 100 mm",6100_Brandhaner__Koebenhavn
H0612,55.673524,12.596031,1600,True,simulated_from_model_type,612,"unset, 100 mm",6100_Brandhaner__Koebenhavn
H0613,55.662994,12.571884,1600,True,simulated_from_model_type,613,"unset, 100 mm",6100_Brandhaner__Koebenhavn
H0614,55.67462,12.598226,1600,True,simulated_from_model_type,614,"unset, 100 mm",6100_Brandhaner__Koebenhavn
H0615,55.662415,12.599599,1600,True,simulated_from_model_type,615,"unset, 100 mm",6100_Brandhaner__Koebenhavn
H0616,55.661324,12.598995,1600,True,simulated_from_model_type,616,"unset, 100 mm",6100_Brandhaner__Koebenhavn
H0617,55.659903,12.601212,1600,True,simulated_from_model_type,617,"unset, 100 mm",6100_Brandhaner__Koebenhavn
H0618,55.675077,12.597512,1600,True,simulated_from_model_type,618,"unset, 100 mm",6100_Brandhaner__Koebenhavn
H0619,55.675197,12.595851,1600,True,simulated_from_model_type,619,"unset, 100 mm",6100_Brandhaner__Koebenhavn
H0620,55.674516,12.59471,1600,True,simulated_from_model_type,620,"unset, 100 mm",6100_Brandhaner__Koebenhavn
H0621,55.676053,12.597139,1600,True,simulated_from_model_type,621,"unset, 100 mm",6100_Brandhaner__Koebenhavn
H0622,55.67588,12.597783,1600,True,simulated_from_model_type,622,"unset, 100 mm",6100_Brandhaner__Koebenhavn
H0623,55.659549,12.601802,1600,True,simulated_from_model_type,623,"unset, 100 mm",6100_Brandhaner__Koebenhavn
H0624,55.659291,12.602839,1600,True,simulated_from_model_type,624,"unset, 100 mm",6100_Brandhaner__Koebenhavn
H0625,55.659313,12.572093,1600,True,simulated_from_model_type,625,"unset, 100 mm",6100_Brandhaner__Koebenhavn
H0626,55.657647,12.569918,1600,True,simulated_from_model_type,626,"unset, 100 mm",6100_Brandhaner__Koebenhavn
H0627,55.662909,12.575567,1600,True,simulated_from_model_type,627,"unset, 100 mm",6100_Brandhaner__Koebenhavn
H0628,55.662798,12.57724,1600,True,simulated_from_model_type,628,"unset, 100 mm",6100_Brandhaner__Koebenhavn
H0629,55.661557,12.576769,1600,True,simulated_from_model_type,629,"unset, 100 mm",6100_Brandhaner__Koebenhavn
H0630,55.656807,12.569043,1600,True,simulated_from_model_type,630,"unset, 100 mm",6100_Brandhaner__Koebenhavn
H0631,55.657893,12.623824,1600,True,simulated_from_model_type,631,"unset, 100 mm",6100_Brandhaner__Koebenhavn
H0632,55.657036,12.622355,1600,True,simulated_from_model_type,632,"unset, 100 mm",6100_Brandhaner__Koebenhavn
H0633,55.662069,12.570657,1600,True,simulated_from_model_type,633,"unset, 100 mm",6100_Brandhaner__Koebenhavn
H0634,55.656192,12.621798,1600,True,simulated_from_model_type,634,"unset, 100 mm",6100_Brandhaner__Koebenhavn
H0635,55.656615,12.624557,1600,True,simulated_from_model_type,635,"unset, 100 mm",6100_Brandhaner__Koebenhavn
H0636,55.657313,12.62549,1600,True,simulated_from_model_type,636,"unset, 100 mm",6100_Brandhaner__Koebenhavn
H0637,55.660371,12.614305,1600,True,simulated_from_model_type,637,"unset, 100 mm",6100_Brandhaner__Koebenhavn
H0638,55.660226,12.612167,1600,True,simulated_from_model_type,638,"unset, 100 mm",6100_Brandhaner__Koebenhavn
H0639,55.658713,12.625635,1600,True,simulated_from_model_type,639,"unset, 100 mm",6100_Brandhaner__Koebenhavn
H0640,55.660863,12.614007,1600,True,simulated_from_model_type,640,"unset, 100 mm",6100_Brandhaner__Koebenhavn
H0641,55.657822,12.567103,1600,True,simulated_from_model_type,641,"unset, 100 mm",6100_Brandhaner__Koebenhavn
H0642,55.661634,12.613585,1600,True,simulated_from_model_type,642,"unset, 100 mm",6100_Brandhaner__Koebenhavn
H0643,55.661649,12.615502,1600,True,simulated_from_model_type,643,"unset, 100 mm",6100_Brandhaner__Koebenhavn
H0644,55.658769,12.611315,1600,True,simulated_from_model_type,644,"unset, 100 mm",6100_Brandhaner__Koebenhavn
H0645,55.659774,12.610542,1600,True,simulated_from_model_type,645,"unset, 100 mm",6100_Brandhaner__Koebenhavn
H0646,55.661509,12.622777,1600,True,simulated_from_model_type,646,"unset, 100 mm",6100_Brandhaner__Koebenhavn
H0647,55.659096,12.609646,1600,True,simulated_from_model_type,647,"unset, 100 mm",6100_Brandhaner__Koebenhavn
H0648,55.658853,12.622562,1600,True,simulated_from_model_type,648,"unset, 100 mm",6100_Brandhaner__Koebenhavn
H0649,55.659429,12.623491,1600,True,simulated_from_model_type,649,"unset, 100 mm",6100_Brandhaner__Koebenhavn
H0650,55.659101,12.608018,1600,True,simulated_from_model_type,650,"unset, 100 mm",6100_Brandhaner__Koebenhavn
H0651,55.660272,12.624163,1600,True,simulated_from_model_type,651,"unset, 100 mm",6100_Brandhaner__Koebenhavn
H0652,55.659632,12.607374,1600,True,simulated_from_model_type,652,"unset, 100 mm",6100_Brandhaner__Koebenhavn
H0653,55.66158,12.624425,1600,True,simulated_from_model_type,653,"unset, 100 mm",6100_Brandhaner__Koebenhavn
H0654,55.654834,12.635305,1600,True,simulated_from_model_type,654,"unset, 100 mm",6100_Brandhaner__Koebenhavn
H0655,55.660157,12.609114,1600,True,simulated_from_model_type,655,"unset, 100 mm",6100_Brandhaner__Koebenhavn
H0656,55.660458,12.625677,1600,True,simulated_from_model_type,656,"unset, 100 mm",6100_Brandhaner__Koebenhavn
H0657,55.65477,12.631955,1600,True,simulated_from_model_type,657,"unset, 100 mm",6100_Brandhaner__Koebenhavn
H0658,55.654797,12.63299,1600,True,simulated_from_model_type,658,"unset, 100 mm",6100_Brandhaner__Koebenhavn
H0659,55.65597,12.631589,1600,True,simulated_from_model_type,659,"unset, 100 mm",6100_Brandhaner__Koebenhavn
H0660,55.660726,12.608218,1600,True,simulated_from_model_type,660,"unset, 100 mm",6100_Brandhaner__Koebenhavn
H0661,55.660638,12.622477,1600,True,simulated_from_model_type,661,"unset, 100 mm",6100_Brandhaner__Koebenhavn
H0662,55.66092,12.623466,1600,True,simulated_from_model_type,662,"unset, 100 mm",6100_Brandhaner__Koebenhavn
H0663,55.661033,12.62488,1600,True,simulated_from_model_type,663,"unset, 100 mm",6100_Brandhaner__Koebenhavn
H0664,55.655896,12.634672,1600,True,simulated_from_model_type,664,"unset, 100 mm",6100_Brandhaner__Koebenhavn
H0665,55.656632,12.633564,1600,True,simulated_from_model_type,665,"unset, 100 mm",6100_Brandhaner__Koebenhavn
H0666,55.661962,12.608506,1600,True,simulated_from_model_type,666,"unset, 100 mm",6100_Brandhaner__Koebenhavn
H0667,55.657909,12.635524,1600,True,simulated_from_model_type,667,"unset, 100 mm",6100_Brandhaner__Koebenhavn
H0668,55.657232,12.635538,1600,True,simulated_from_model_type,668,"unset, 100 mm",6100_Brandhaner__Koebenhavn
H0669,55.661378,12.610519,1600,True,simulated_from_model_type,669,"unset, 100 mm",6100_Brandhaner__Koebenhavn
H0670,55.657885,12.633928,1600,True,simulated_from_model_type,670,"unset, 100 mm",6100_Brandhaner__Koebenhavn
H0671,55.661406,12.61184,1600,True,simulated_from_model_type,671,"unset, 100 mm",6100_Brandhaner__Koebenhavn
H0672,55.661815,12.611547,1600,True,simulated_from_model_type,672,"unset, 100 mm",6100_Brandhaner__Koebenhavn
H0673,55.657869,12.632446,1600,True,simulated_from_model_type,673,"unset, 100 mm",6100_Brandhaner__Koebenhavn
H0674,55.661765,12.62774,1600,True,simulated_from_model_type,674,"unset, 100 mm",6100_Brandhaner__Koebenhavn
H0675,55.660745,12.629735,1600,True,simulated_from_model_type,675,"unset, 100 mm",6100_Brandhaner__Koebenhavn
H0676,55.658004,12.607496,1600,True,simulated_from_model_type,676,"unset, 100 mm",6100_Brandhaner__Koebenhavn
H0677,55.659698,12.63029,1600,True,simulated_from_model_type,677,"unset, 100 mm",6100_Brandhaner__Koebenhavn
H0678,55.656787,12.632281,1600,True,simulated_from_model_type,678,"unset, 100 mm",6100_Brandhaner__Koebenhavn
H0679,55.658837,12.63073,1600,True,simulated_from_model_type,679,"unset, 100 mm",6100_Brandhaner__Koebenhavn
H0680,55.657298,12.607516,1600,True,simulated_from_model_type,680,"unset, 100 mm",6100_Brandhaner__Koebenhavn
H0681,55.660477,12.627157,1600,True,simulated_from_model_type,681,"unset, 100 mm",6100_Brandhaner__Koebenhavn
H0682,55.659466,12.627715,1600,True,simulated_from_model_type,682,"unset, 100 mm",6100_Brandhaner__Koebenhavn
H0683,55.658598,12.628182,1600,True,simulated_from_model_type,683,"unset, 100 mm",6100_Brandhaner__Koebenhavn
H0684,55.659037,12.626721,1600,True,simulated_from_model_type,684,"unset, 100 mm",6100_Brandhaner__Koebenhavn
H0685,55.657876,12.631163,1600,True,simulated_from_model_type,685,"unset, 100 mm",6100_Brandhaner__Koebenhavn
H0686,55.657488,12.608727,1600,True,simulated_from_model_type,686,"unset, 100 mm",6100_Brandhaner__Koebenhavn
H0687,55.660579,12.633001,1600,True,simulated_from_model_type,687,"unset, 100 mm",6100_Brandhaner__Koebenhavn
H0688,55.65843,12.608781,1600,True,simulated_from_model_type,688,"unset, 100 mm",6100_Brandhaner__Koebenhavn
H0689,55.659483,12.634124,1600,True,simulated_from_model_type,689,"unset, 100 mm",6100_Brandhaner__Koebenhavn
H0690,55.658156,12.610486,1600,True,simulated_from_model_type,690,"unset, 100 mm",6100_Brandhaner__Koebenhavn
H0691,55.656086,12.627745,1600,True,simulated_from_model_type,691,"unset, 100 mm",6100_Brandhaner__Koebenhavn
H0692,55.657946,12.611855,1600,True,simulated_from_model_type,692,"unset, 100 mm",6100_Brandhaner__Koebenhavn
H0693,55.657202,12.610641,1600,True,simulated_from_model_type,693,"unset, 100 mm",6100_Brandhaner__Koebenhavn
H0694,55.657604,12.60982,1600,True,simulated_from_model_type,694,"unset, 100 mm",6100_Brandhaner__Koebenhavn
H0695,55.656747,12.608932,1600,True,simulated_from_model_type,695,"unset, 100 mm",6100_Brandhaner__Koebenhavn
H0696,55.654842,12.636526,1600,True,simulated_from_model_type,696,"unset, 100 mm",6100_Brandhaner__Koebenhavn
H0697,55.65576,12.637538,1600,True,simulated_from_model_type,697,"unset, 100 mm",6100_Brandhaner__Koebenhavn
H0698,55.657172,12.630881,1600,True,simulated_from_model_type,698,"unset, 100 mm",6100_Brandhaner__Koebenhavn
H0699,55.65786,12.630506,1600,True,simulated_from_model_type,699,"unset, 100 mm",6100_Brandhaner__Koebenhavn
H0700,55.656154,12.608547,1600,True,simulated_from_model_type,700,"unset, 100 mm",6100_Brandhaner__Koebenhavn
H0701,55.655493,12.609369,1600,True,simulated_from_model_type,701,"unset, 100 mm",6100_Brandhaner__Koebenhavn
H0702,55.65526,12.61051,1600,True,simulated_from_model_type,702,"unset, 100 mm",6100_Brandhaner__Koebenhavn
H0703,55.656002,12.629516,1600,True,simulated_from_model_type,703,"unset, 100 mm",6100_Brandhaner__Koebenhavn
H0704,55.655927,12.611534,1600,True,simulated_from_model_type,704,"unset, 100 mm",6100_Brandhaner__Koebenhavn
H0705,55.656271,12.610024,1600,True,simulated_from_model_type,705,"unset, 100 mm",6100_Brandhaner__Koebenhavn
H0706,55.658186,12.61257,1600,True,simulated_from_model_type,706,"unset, 100 mm",6100_Brandhaner__Koebenhavn
H0707,55.654929,12.627306,1600,True,simulated_from_model_type,707,"unset, 100 mm",6100_Brandhaner__Koebenhavn
H0708,55.656594,12.612739,1600,True,simulated_from_model_type,708,"unset, 100 mm",6100_Brandhaner__Koebenhavn
H0709,55.657344,12.627985,1600,True,simulated_from_model_type,709,"unset, 100 mm",6100_Brandhaner__Koebenhavn
H0710,55.655532,12.611825,1600,True,simulated_from_model_type,710,"unset, 100 mm",6100_Brandhaner__Koebenhavn
H0711,55.655608,12.613265,1600,True,simulated_from_model_type,711,"unset, 100 mm",6100_Brandhaner__Koebenhavn
H0712,55.657459,12.628784,1600,True,simulated_from_model_type,712,"unset, 100 mm",6100_Brandhaner__Koebenhavn
H0713,55.656059,12.61524,1600,True,simulated_from_model_type,713,"unset, 100 mm",6100_Brandhaner__Koebenhavn
H0714,55.655048,12.615207,1600,True,simulated_from_model_type,714,"unset, 100 mm",6100_Brandhaner__Koebenhavn
H0715,55.657305,12.616032,1600,True,simulated_from_model_type,715,"unset, 100 mm",6100_Brandhaner__Koebenhavn
H0716,55.658349,12.615725,1600,True,simulated_from_model_type,716,"unset, 100 mm",6100_Brandhaner__Koebenhavn
H0717,55.658082,12.617802,1600,True,simulated_from_model_type,717,"unset, 100 mm",6100_Brandhaner__Koebenhavn
H0718,55.657272,12.620854,1600,True,simulated_from_model_type,718,"unset, 100 mm",6100_Brandhaner__Koebenhavn
H0719,55.656304,12.616648,1600,True,simulated_from_model_type,719,"unset, 100 mm",6100_Brandhaner__Koebenhavn
H0720,55.655401,12.616961,1600,True,simulated_from_model_type,720,"unset, 100 mm",6100_Brandhaner__Koebenhavn
H0721,55.65544,12.619304,1600,True,simulated_from_model_type,721,"unset, 100 mm",6100_Brandhaner__Koebenhavn
H0722,55.649275,12.589566,800,True,simulated_from_model_type,722,"unset, unset",6100_Brandhaner__Koebenhavn
H0723,55.649323,12.592082,800,True,simulated_from_model_type,723,"unset, unset",6100_Brandhaner__Koebenhavn
H0724,55.652545,12.593123,800,True,simulated_from_model_type,724,"unset, unset",6100_Brandhaner__Koebenhavn
H0725,55.650684,12.592397,800,True,simulated_from_model_type,725,"unset, unset",6100_Brandhaner__Koebenhavn
H0726,55.650501,12.589949,800,True,simulated_from_model_type,726,"unset, unset",6100_Brandhaner__Koebenhavn
H0727,55.651305,12.588999,800,True,simulated_from_model_type,727,"unset, unset",6100_Brandhaner__Koebenhavn
H0728,55.653393,12.563711,1600,True,simulated_from_model_type,728,"unset, 100 mm",6100_Brandhaner__Koebenhavn
H0729,55.652839,12.602582,1600,True,simulated_from_model_type,729,"unset, 100 mm",6100_Brandhaner__Koebenhavn
H0730,55.655105,12.608399,1600,True,simulated_from_model_type,730,"unset, 100 mm",6100_Brandhaner__Koebenhavn
H0731,55.653028,12.605688,1600,True,simulated_from_model_type,731,"unset, 100 mm",6100_Brandhaner__Koebenhavn
H0732,55.652487,12.604538,800,True,simulated_from_model_type,732,"unset, unset",6100_Brandhaner__Koebenhavn
H0733,55.651829,12.604922,800,True,simulated_from_model_type,733,"unset, unset",6100_Brandhaner__Koebenhavn
H0734,55.653881,12.603046,1600,True,simulated_from_model_type,734,"unset, 100 mm",6100_Brandhaner__Koebenhavn
H0735,55.653672,12.568642,1600,True,simulated_from_model_type,735,"unset, 100 mm",6100_Brandhaner__Koebenhavn
H0736,55.653679,12.605118,1600,True,simulated_from_model_type,736,"unset, 100 mm",6100_Brandhaner__Koebenhavn
H0737,55.653987,12.606821,1600,True,simulated_from_model_type,737,"unset, 100 mm",6100_Brandhaner__Koebenhavn
H0738,55.653533,12.566243,1600,True,simulated_from_model_type,738,"unset, 100 mm",6100_Brandhaner__Koebenhavn
H0739,55.654795,12.564498,1600,True,simulated_from_model_type,739,"unset, 100 mm",6100_Brandhaner__Koebenhavn
H0740,55.654058,12.610641,1600,True,simulated_from_model_type,740,"unset, 100 mm",6100_Brandhaner__Koebenhavn
H0741,55.653481,12.611249,1600,True,simulated_from_model_type,741,"unset, 100 mm",6100_Brandhaner__Koebenhavn
H0742,55.65332,12.609921,1600,True,simulated_from_model_type,742,"unset, 100 mm",6100_Brandhaner__Koebenhavn
H0743,55.653476,12.608356,1600,True,simulated_from_model_type,743,"unset, 100 mm",6100_Brandhaner__Koebenhavn
H0744,55.652737,12.611273,1600,True,simulated_from_model_type,744,"unset, 100 mm",6100_Brandhaner__Koebenhavn
H0745,55.654595,12.567062,1600,True,simulated_from_model_type,745,"unset, 100 mm",6100_Brandhaner__Koebenhavn
H0746,55.65272,12.609631,1600,True,simulated_from_model_type,746,"unset, 100 mm",6100_Brandhaner__Koebenhavn
H0747,55.65224,12.608227,800,True,simulated_from_model_type,747,"unset, unset",6100_Brandhaner__Koebenhavn
H0748,55.65206,12.610761,800,True,simulated_from_model_type,748,"unset, unset",6100_Brandhaner__Koebenhavn
H0749,55.651642,12.607337,800,True,simulated_from_model_type,749,"unset, unset",6100_Brandhaner__Koebenhavn
H0750,55.651625,12.610206,800,True,simulated_from_model_type,750,"unset, unset",6100_Brandhaner__Koebenhavn
H0751,55.65489,12.60387,1600,True,simulated_from_model_type,751,"unset, 100 mm",6100_Brandhaner__Koebenhavn
H0752,55.654878,12.590533,1600,True,simulated_from_model_type,752,"unset, 100 mm",6100_Brandhaner__Koebenhavn
H0753,55.651884,12.591577,800,True,simulated_from_model_type,753,"unset, unset",6100_Brandhaner__Koebenhavn
H0754,55.652646,12.59003,800,True,simulated_from_model_type,754,"unset, unset",6100_Brandhaner__Koebenhavn
H0755,55.653333,12.591731,1600,True,simulated_from_model_type,755,"unset, 100 mm",6100_Brandhaner__Koebenhavn
H0756,55.64721,12.559311,800,True,simulated_from_model_type,756,"A-60, unset",6100_Brandhaner__Koebenhavn
H0757,55.649666,12.592458,800,True,simulated_from_model_type,757,"unset, unset",6100_Brandhaner__Koebenhavn
H0758,55.651547,12.593077,800,True,simulated_from_model_type,758,"unset, unset",6100_Brandhaner__Koebenhavn
H0759,55.648832,12.595476,800,True,simulated_from_model_type,759,"unset, unset",6100_Brandhaner__Koebenhavn
H0760,55.649629,12.59584,800,True,simulated_from_model_type,760,"unset, unset",6100_Brandhaner__Koebenhavn
H0761,55.649705,12.59517,800,True,simulated_from_model_type,761,"unset, unset",6100_Brandhaner__Koebenhavn
H0762,55.645049,12.591502,800,True,simulated_from_model_type,762,"unset, unset",6100_Brandhaner__Koebenhavn
H0763,55.646912,12.591838,800,True,simulated_from_model_type,763,"unset, unset",6100_Brandhaner__Koebenhavn
H0764,55.644985,12.594022,800,True,simulated_from_model_type,764,"unset, unset",6100_Brandhaner__Koebenhavn
H0765,55.645046,12.595575,800,True,simulated_from_model_type,765,"unset, unset",6100_Brandhaner__Koebenhavn
H0766,55.655283,12.599647,1600,True,simulated_from_model_type,766,"unset, 100 mm",6100_Brandhaner__Koebenhavn
H0767,55.646001,12.596644,800,True,simulated_from_model_type,767,"unset, unset",6100_Brandhaner__Koebenhavn
H0768,55.654998,12.600722,1600,True,simulated_from_model_type,768,"unset, 100 mm",6100_Brandhaner__Koebenhavn
H0769,55.645852,12.593333,800,True,simulated_from_model_type,769,"unset, unset",6100_Brandhaner__Koebenhavn
H0770,55.654375,12.601358,1600,True,simulated_from_model_type,770,"unset, 100 mm",6100_Brandhaner__Koebenhavn
H0771,55.6536,12.597933,1500,True,simulated_from_model_type,771,"unset, 90 mm",6100_Brandhaner__Koebenhavn
H0772,55.654699,12.613457,1600,True,simulated_from_model_type,772,"unset, 100 mm",6100_Brandhaner__Koebenhavn
H0773,55.65444,12.612028,1600,True,simulated_from_model_type,773,"unset, 100 mm",6100_Brandhaner__Koebenhavn
H0774,55.654042,12.613101,1600,True,simulated_from_model_type,774,"unset, 100 mm",6100_Brandhaner__Koebenhavn
H0775,55.654325,12.615004,1600,True,simulated_from_model_type,775,"unset, 100 mm",6100_Brandhaner__Koebenhavn
H0776,55.654255,12.615867,1600,True,simulated_from_model_type,776,"unset, 100 mm",6100_Brandhaner__Koebenhavn
H0777,55.653505,12.615462,1600,True,simulated_from_model_type,777,"unset, 100 mm",6100_Brandhaner__Koebenhavn
H0778,55.653827,12.614131,1600,True,simulated_from_model_type,778,"unset, 100 mm",6100_Brandhaner__Koebenhavn
H0779,55.652851,12.600621,1600,True,simulated_from_model_type,779,"unset, 100 mm",6100_Brandhaner__Koebenhavn
H0780,55.65352,12.612532,1600,True,simulated_from_model_type,780,"unset, 100 mm",6100_Brandhaner__Koebenhavn
H0781,55.653401,12.616354,1600,True,simulated_from_model_type,781,"unset, 100 mm",6100_Brandhaner__Koebenhavn
H0782,55.653129,12.614533,1600,True,simulated_from_model_type,782,"unset, 100 mm",6100_Brandhaner__Koebenhavn
H0783,55.651967,12.601128,800,True,simulated_from_model_type,783,"unset, unset",6100_Brandhaner__Koebenhavn
H0784,55.652822,12.61278,1600,True,simulated_from_model_type,784,"unset, 100 mm",6100_Brandhaner__Koebenhavn
H0785,55.650657,12.599723,800,True,simulated_from_model_type,785,"unset, unset",6100_Brandhaner__Koebenhavn
H0786,55.652533,12.615689,1600,True,simulated_from_model_type,786,"unset, 100 mm",6100_Brandhaner__Koebenhavn
H0787,55.649294,12.598573,800,True,simulated_from_model_type,787,"unset, unset",6100_Brandhaner__Koebenhavn
H0788,55.651499,12.614869,800,True,simulated_from_model_type,788,"unset, unset",6100_Brandhaner__Koebenhavn
H0789,55.648505,12.597918,800,True,simulated_from_model_type,789,"unset, unset",6100_Brandhaner__Koebenhavn
H0790,55.654308,12.564314,1600,True,simulated_from_model_type,790,"unset, 100 mm",6100_Brandhaner__Koebenhavn
H0791,55.64851,12.610281,800,True,simulated_from_model_type,791,"unset, unset",6100_Brandhaner__Koebenhavn
H0792,55.65033,12.607985,800,True,simulated_from_model_type,792,"unset, unset",6100_Brandhaner__Koebenhavn
H0793,55.648332,12.604674,800,True,simulated_from_model_type,793,"unset, unset",6100_Brandhaner__Koebenhavn
H0794,55.6502,12.611446,800,True,simulated_from_model_type,794,"unset, unset",6100_Brandhaner__Koebenhavn
H0795,55.650986,12.610475,800,True,simulated_from_model_type,795,"unset, unset",6100_Brandhaner__Koebenhavn
H0796,55.650109,12.603977,800,True,simulated_from_model_type,796,"unset, unset",6100_Brandhaner__Koebenhavn
H0797,55.650365,12.605495,800,True,simulated_from_model_type,797,"unset, unset",6100_Brandhaner__Koebenhavn
H0798,55.650931,12.606605,800,True,simulated_from_model_type,798,"unset, unset",6100_Brandhaner__Koebenhavn
H0799,55.64907,12.608885,800,True,simulated_from_model_type,799,"unset, unset",6100_Brandhaner__Koebenhavn
H0800,55.649725,12.611296,800,True,simulated_from_model_type,800,"unset, unset",6100_Brandhaner__Koebenhavn
H0801,55.649762,12.609818,800,True,simulated_from_model_type,801,"unset, unset",6100_Brandhaner__Koebenhavn
H0802,55.649762,12.607007,800,True,simulated_from_model_type,802,"unset, unset",6100_Brandhaner__Koebenhavn
H0803,55.651278,12.6134,800,True,simulated_from_model_type,803,"unset, unset",6100_Brandhaner__Koebenhavn
H0804,55.651045,12.6036,800,True,simulated_from_model_type,804,"unset, unset",6100_Brandhaner__Koebenhavn
H0805,55.648025,12.608,800,True,simulated_from_model_type,805,"unset, unset",6100_Brandhaner__Koebenhavn
H0806,55.650992,12.612112,800,True,simulated_from_model_type,806,"unset, unset",6100_Brandhaner__Koebenhavn
H0807,55.647983,12.610071,800,True,simulated_from_model_type,807,"unset, unset",6100_Brandhaner__Koebenhavn
H0808,55.650375,12.612894,800,True,simulated_from_model_type,808,"unset, unset",6100_Brandhaner__Koebenhavn
H0809,55.650738,12.615168,800,True,simulated_from_model_type,809,"unset, unset",6100_Brandhaner__Koebenhavn
H0810,55.648652,12.606117,800,True,simulated_from_model_type,810,"unset, unset",6100_Brandhaner__Koebenhavn
H0811,55.649274,12.605575,800,True,simulated_from_model_type,811,"unset, unset",6100_Brandhaner__Koebenhavn
H0812,55.650955,12.605362,800,True,simulated_from_model_type,812,"unset, unset",6100_Brandhaner__Koebenhavn
H0813,55.649881,12.613745,800,True,simulated_from_model_type,813,"unset, unset",6100_Brandhaner__Koebenhavn
H0814,55.649672,12.615897,800,True,simulated_from_model_type,814,"unset, unset",6100_Brandhaner__Koebenhavn
H0815,55.648789,12.613422,800,True,simulated_from_model_type,815,"unset, unset",6100_Brandhaner__Koebenhavn
H0816,55.648803,12.614939,800,True,simulated_from_model_type,816,"unset, unset",6100_Brandhaner__Koebenhavn
H0817,55.647857,12.613881,800,True,simulated_from_model_type,817,"unset, unset",6100_Brandhaner__Koebenhavn
H0818,55.648026,12.611776,800,True,simulated_from_model_type,818,"unset, unset",6100_Brandhaner__Koebenhavn
H0819,55.644493,12.6041,800,True,simulated_from_model_type,819,"unset, unset",6100_Brandhaner__Koebenhavn
H0820,55.646914,12.602963,800,True,simulated_from_model_type,820,"unset, unset",6100_Brandhaner__Koebenhavn
H0821,55.645985,12.605889,800,True,simulated_from_model_type,821,"unset, unset",6100_Brandhaner__Koebenhavn
H0822,55.647048,12.605186,800,True,simulated_from_model_type,822,"unset, unset",6100_Brandhaner__Koebenhavn
H0823,55.646913,12.607515,800,True,simulated_from_model_type,823,"unset, unset",6100_Brandhaner__Koebenhavn
H0824,55.646094,12.60891,800,True,simulated_from_model_type,824,"unset, unset",6100_Brandhaner__Koebenhavn
H0825,55.646949,12.608794,800,True,simulated_from_model_type,825,"unset, unset",6100_Brandhaner__Koebenhavn
H0826,55.647021,12.61007,800,True,simulated_from_model_type,826,"unset, unset",6100_Brandhaner__Koebenhavn
H0827,55.644467,12.608834,800,True,simulated_from_model_type,827,"unset, unset",6100_Brandhaner__Koebenhavn
H0828,55.64733,12.612735,800,True,simulated_from_model_type,828,"unset, unset",6100_Brandhaner__Koebenhavn
H0829,55.646773,12.613506,800,True,simulated_from_model_type,829,"unset, unset",6100_Brandhaner__Koebenhavn
H0830,55.646942,12.615993,800,True,simulated_from_model_type,830,"unset, unset",6100_Brandhaner__Koebenhavn
H0831,55.64485,12.611295,800,True,simulated_from_model_type,831,"unset, unset",6100_Brandhaner__Koebenhavn
H0832,55.646008,12.611976,800,True,simulated_from_model_type,832,"unset, unset",6100_Brandhaner__Koebenhavn
H0833,55.646959,12.614247,800,True,simulated_from_model_type,833,"unset, unset",6100_Brandhaner__Koebenhavn
H0834,55.646692,12.611854,800,True,simulated_from_model_type,834,"unset, unset",6100_Brandhaner__Koebenhavn
H0835,55.645183,12.615016,800,True,simulated_from_model_type,835,"unset, unset",6100_Brandhaner__Koebenhavn
H0836,55.652617,12.61747,1600,True,simulated_from_model_type,836,"unset, 100 mm",6100_Brandhaner__Koebenhavn
H0837,55.652839,12.618746,1600,True,simulated_from_model_type,837,"unset, 100 mm",6100_Brandhaner__Koebenhavn
H0838,55.653084,12.620014,1600,True,simulated_from_model_type,838,"unset, 100 mm",6100_Brandhaner__Koebenhavn
H0839,55.651943,12.620609,800,True,simulated_from_model_type,839,"unset, unset",6100_Brandhaner__Koebenhavn
H0840,55.652156,12.618944,800,True,simulated_from_model_type,840,"unset, unset",6100_Brandhaner__Koebenhavn
H0841,55.651776,12.616674,800,True,simulated_from_model_type,841,"unset, unset",6100_Brandhaner__Koebenhavn
H0842,55.654734,12.622491,1600,True,simulated_from_model_type,842,"unset, 100 mm",6100_Brandhaner__Koebenhavn
H0843,55.654445,12.620959,1600,True,simulated_from_model_type,843,"unset, 100 mm",6100_Brandhaner__Koebenhavn
H0844,55.654125,12.619314,1600,True,simulated_from_model_type,844,"unset, 100 mm",6100_Brandhaner__Koebenhavn
H0845,55.653883,12.621553,1600,True,simulated_from_model_type,845,"unset, 100 mm",6100_Brandhaner__Koebenhavn
H0846,55.653546,12.618163,1600,True,simulated_from_model_type,846,"unset, 100 mm",6100_Brandhaner__Koebenhavn
H0847,55.653672,12.623416,1600,True,simulated_from_model_type,847,"unset, 100 mm",6100_Brandhaner__Koebenhavn
H0848,55.654487,12.624696,1600,True,simulated_from_model_type,848,"unset, 100 mm",6100_Brandhaner__Koebenhavn
H0849,55.654559,12.617861,1600,True,simulated_from_model_type,849,"unset, 100 mm",6100_Brandhaner__Koebenhavn
H0850,55.652922,12.622181,1600,True,simulated_from_model_type,850,"unset, 100 mm",6100_Brandhaner__Koebenhavn
H0851,55.652275,12.622542,1600,True,simulated_from_model_type,851,"unset, 100 mm",6100_Brandhaner__Koebenhavn
H0852,55.652629,12.624575,1600,True,simulated_from_model_type,852,"unset, 100 mm",6100_Brandhaner__Koebenhavn
H0853,55.651464,12.621704,800,True,simulated_from_model_type,853,"unset, unset",6100_Brandhaner__Koebenhavn
H0854,55.651295,12.623724,800,True,simulated_from_model_type,854,"unset, unset",6100_Brandhaner__Koebenhavn
H0855,55.651384,12.625184,800,True,simulated_from_model_type,855,"unset, unset",6100_Brandhaner__Koebenhavn
H0856,55.651811,12.630083,800,True,simulated_from_model_type,856,"unset, unset",6100_Brandhaner__Koebenhavn
H0857,55.651332,12.627223,800,True,simulated_from_model_type,857,"unset, unset",6100_Brandhaner__Koebenhavn
H0858,55.652055,12.6277,800,True,simulated_from_model_type,858,"unset, unset",6100_Brandhaner__Koebenhavn
H0859,55.647811,12.618792,800,True,simulated_from_model_type,859,"unset, unset",6100_Brandhaner__Koebenhavn
H0860,55.654509,12.62905,1600,True,simulated_from_model_type,860,"unset, 100 mm",6100_Brandhaner__Koebenhavn
H0861,55.648806,12.619732,800,True,simulated_from_model_type,861,"unset, unset",6100_Brandhaner__Koebenhavn
H0862,55.649046,12.618071,800,True,simulated_from_model_type,862,"unset, unset",6100_Brandhaner__Koebenhavn
H0863,55.649505,12.619403,800,True,simulated_from_model_type,863,"unset, unset",6100_Brandhaner__Koebenhavn
H0864,55.653465,12.628353,1600,True,simulated_from_model_type,864,"unset, 100 mm",6100_Brandhaner__Koebenhavn
H0865,55.650118,12.620807,800,True,simulated_from_model_type,865,"unset, unset",6100_Brandhaner__Koebenhavn
H0866,55.653942,12.626541,1600,True,simulated_from_model_type,866,"unset, 100 mm",6100_Brandhaner__Koebenhavn
H0867,55.653063,12.626274,1600,True,simulated_from_model_type,867,"unset, 100 mm",6100_Brandhaner__Koebenhavn
H0868,55.654367,12.630499,1600,True,simulated_from_model_type,868,"unset, 100 mm",6100_Brandhaner__Koebenhavn
H0869,55.65334,12.633033,1600,True,simulated_from_model_type,869,"unset, 100 mm",6100_Brandhaner__Koebenhavn
H0870,55.650139,12.619029,800,True,simulated_from_model_type,870,"unset, unset",6100_Brandhaner__Koebenhavn
H0871,55.653419,12.634832,1600,True,simulated_from_model_type,871,"unset, 100 mm",6100_Brandhaner__Koebenhavn
H0872,55.653361,12.633791,1600,True,simulated_from_model_type,872,"unset, 100 mm",6100_Brandhaner__Koebenhavn
H0873,55.650337,12.61674,800,True,simulated_from_model_type,873,"unset, unset",6100_Brandhaner__Koebenhavn
H0874,55.650674,12.61835,800,True,simulated_from_model_type,874,"unset, unset",6100_Brandhaner__Koebenhavn
H0875,55.65097,12.620368,800,True,simulated_from_model_type,875,"unset, unset",6100_Brandhaner__Koebenhavn
H0876,55.651315,12.618385,800,True,simulated_from_model_type,876,"unset, unset",6100_Brandhaner__Koebenhavn
H0877,55.652975,12.631427,1600,True,simulated_from_model_type,877,"unset, 100 mm",6100_Brandhaner__Koebenhavn
H0878,55.651597,12.632642,800,True,simulated_from_model_type,878,"unset, unset",6100_Brandhaner__Koebenhavn
H0879,55.651314,12.634416,800,True,simulated_from_model_type,879,"unset, unset",6100_Brandhaner__Koebenhavn
H0880,55.652282,12.634417,1600,True,simulated_from_model_type,880,"unset, 100 mm",6100_Brandhaner__Koebenhavn
H0881,55.650154,12.626545,800,True,simulated_from_model_type,881,"unset, unset",6100_Brandhaner__Koebenhavn
H0882,55.650636,12.624789,800,True,simulated_from_model_type,882,"unset, unset",6100_Brandhaner__Koebenhavn
H0883,55.650351,12.622202,800,True,simulated_from_model_type,883,"unset, unset",6100_Brandhaner__Koebenhavn
H0884,55.64898,12.62597,800,True,simulated_from_model_type,884,"unset, unset",6100_Brandhaner__Koebenhavn
H0885,55.648495,12.629053,800,True,simulated_from_model_type,885,"unset, unset",6100_Brandhaner__Koebenhavn
H0886,55.648953,12.627993,800,True,simulated_from_model_type,886,"unset, unset",6100_Brandhaner__Koebenhavn
H0887,55.648203,12.625626,800,True,simulated_from_model_type,887,"unset, unset",6100_Brandhaner__Koebenhavn
H0888,55.648451,12.62316,800,True,simulated_from_model_type,888,"unset, unset",6100_Brandhaner__Koebenhavn
H0889,55.649974,12.623792,800,True,simulated_from_model_type,889,"unset, unset",6100_Brandhaner__Koebenhavn
H0890,55.648969,12.621081,800,True,simulated_from_model_type,890,"unset, unset",6100_Brandhaner__Koebenhavn
H0891,55.648219,12.621404,800,True,simulated_from_model_type,891,"unset, unset",6100_Brandhaner__Koebenhavn
H0892,55.647982,12.630876,800,True,simulated_from_model_type,892,"unset, unset",6100_Brandhaner__Koebenhavn
H0893,55.648572,12.634136,800,True,simulated_from_model_type,893,"unset, unset",6100_Brandhaner__Koebenhavn
H0894,55.648999,12.631984,800,True,simulated_from_model_type,894,"unset, unset",6100_Brandhaner__Koebenhavn
H0895,55.650133,12.630677,800,True,simulated_from_model_type,895,"unset, unset",6100_Brandhaner__Koebenhavn
H0896,55.650607,12.633124,800,True,simulated_from_model_type,896,"unset, unset",6100_Brandhaner__Koebenhavn
H0897,55.644278,12.617976,800,True,simulated_from_model_type,897,"unset, unset",6100_Brandhaner__Koebenhavn
H0898,55.644552,12.620638,800,True,simulated_from_model_type,898,"unset, unset",6100_Brandhaner__Koebenhavn
H0899,55.645534,12.620061,800,True,simulated_from_model_type,899,"unset, unset",6100_Brandhaner__Koebenhavn
H0900,55.645883,12.618676,800,True,simulated_from_model_type,900,"unset, unset",6100_Brandhaner__Koebenhavn
H0901,55.645294,12.617605,800,True,simulated_from_model_type,901,"unset, unset",6100_Brandhaner__Koebenhavn
H0902,55.646305,12.616978,800,True,simulated_from_model_type,902,"unset, unset",6100_Brandhaner__Koebenhavn
H0903,55.64552,12.616171,800,True,simulated_from_model_type,903,"unset, unset",6100_Brandhaner__Koebenhavn
H0904,55.647154,12.617597,800,True,simulated_from_model_type,904,"unset, unset",6100_Brandhaner__Koebenhavn
H0905,55.647269,12.620384,800,True,simulated_from_model_type,905,"unset, unset",6100_Brandhaner__Koebenhavn
H0906,55.64513,12.62417,800,True,simulated_from_model_type,906,"unset, unset",6100_Brandhaner__Koebenhavn
H0907,55.647375,12.627147,800,True,simulated_from_model_type,907,"unset, unset",6100_Brandhaner__Koebenhavn
H0908,55.646391,12.62199,800,True,simulated_from_model_type,908,"unset, unset",6100_Brandhaner__Koebenhavn
H0909,55.646885,12.624367,800,True,simulated_from_model_type,909,"unset, unset",6100_Brandhaner__Koebenhavn
H0910,55.647437,12.622466,800,True,simulated_from_model_type,910,"unset, unset",6100_Brandhaner__Koebenhavn
H0911,55.646996,12.630174,800,True,simulated_from_model_type,911,"unset, unset",6100_Brandhaner__Koebenhavn
H0912,55.646379,12.627189,800,True,simulated_from_model_type,912,"unset, unset",6100_Brandhaner__Koebenhavn
H0913,55.645966,12.625539,800,True,simulated_from_model_type,913,"unset, unset",6100_Brandhaner__Koebenhavn
H0914,55.645856,12.628741,800,True,simulated_from_model_type,914,"unset, unset",6100_Brandhaner__Koebenhavn
H0915,55.647449,12.634888,800,True,simulated_from_model_type,915,"unset, unset",6100_Brandhaner__Koebenhavn
H0916,55.647407,12.632483,800,True,simulated_from_model_type,916,"unset, unset",6100_Brandhaner__Koebenhavn
H0917,55.646607,12.633026,800,True,simulated_from_model_type,917,"unset, unset",6100_Brandhaner__Koebenhavn
H0918,55.645587,12.631194,800,True,simulated_from_model_type,918,"unset, unset",6100_Brandhaner__Koebenhavn
H0919,55.644342,12.627951,800,True,simulated_from_model_type,919,"unset, unset",6100_Brandhaner__Koebenhavn
H0920,55.644702,12.630493,800,True,simulated_from_model_type,920,"unset, unset",6100_Brandhaner__Koebenhavn
H0921,55.645213,12.626748,800,True,simulated_from_model_type,921,"unset, unset",6100_Brandhaner__Koebenhavn
H0922,55.645195,12.633772,800,True,simulated_from_model_type,922,"unset, unset",6100_Brandhaner__Koebenhavn
H0923,55.644582,12.625717,800,True,simulated_from_model_type,923,"unset, unset",6100_Brandhaner__Koebenhavn
H0924,55.64453,12.634415,800,True,simulated_from_model_type,924,"unset, unset",6100_Brandhaner__Koebenhavn
H0925,55.653398,12.636163,1600,True,simulated_from_model_type,925,"unset, 100 mm",6100_Brandhaner__Koebenhavn
H0926,55.648402,12.636165,800,True,simulated_from_model_type,926,"unset, unset",6100_Brandhaner__Koebenhavn
H0927,55.647576,12.636659,800,True,simulated_from_model_type,927,"unset, unset",6100_Brandhaner__Koebenhavn
H0928,55.645476,12.635698,800,True,simulated_from_model_type,928,"unset, unset",6100_Brandhaner__Koebenhavn
H0929,55.644762,12.636359,800,True,simulated_from_model_type,929,"unset, unset",6100_Brandhaner__Koebenhavn
H0930,55.650648,12.635466,800,True,simulated_from_model_type,930,"unset, unset",6100_Brandhaner__Koebenhavn
H0931,55.650982,12.638813,800,True,simulated_from_model_type,931,"unset, unset",6100_Brandhaner__Koebenhavn
H0932,55.645776,12.639397,800,True,simulated_from_model_type,932,"unset, unset",6100_Brandhaner__Koebenhavn
H0933,55.653455,12.637422,1600,True,simulated_from_model_type,933,"unset, 100 mm",6100_Brandhaner__Koebenhavn
H0934,55.652436,12.636648,1600,True,simulated_from_model_type,934,"unset, 100 mm",6100_Brandhaner__Koebenhavn
H0935,55.645311,12.558646,800,True,simulated_from_model_type,935,"A-60, unset",6100_Brandhaner__Koebenhavn
H0936,55.652313,12.639329,1600,True,simulated_from_model_type,936,"unset, 100 mm",6100_Brandhaner__Koebenhavn
H0937,55.651598,12.637159,800,True,simulated_from_model_type,937,"unset, unset",6100_Brandhaner__Koebenhavn
H0938,55.643966,12.559075,800,True,simulated_from_model_type,938,"A-60, unset",6100_Brandhaner__Koebenhavn
H0939,55.642153,12.574286,800,True,simulated_from_model_type,939,"unset, unset",6100_Brandhaner__Koebenhavn
H0940,55.643202,12.586804,800,True,simulated_from_model_type,940,"unset, unset",6100_Brandhaner__Koebenhavn
H0941,55.644589,12.588946,800,True,simulated_from_model_type,941,"unset, unset",6100_Brandhaner__Koebenhavn
H0942,55.637796,12.580215,800,True,simulated_from_model_type,942,"unset, unset",6100_Brandhaner__Koebenhavn
H0943,55.638648,12.578962,800,True,simulated_from_model_type,943,"unset, unset",6100_Brandhaner__Koebenhavn
H0944,55.641821,12.58885,800,True,simulated_from_model_type,944,"unset, unset",6100_Brandhaner__Koebenhavn
H0945,55.641616,12.590602,800,True,simulated_from_model_type,945,"unset, unset",6100_Brandhaner__Koebenhavn
H0946,55.643282,12.589098,800,True,simulated_from_model_type,946,"unset, unset",6100_Brandhaner__Koebenhavn
H0947,55.644121,12.591748,800,True,simulated_from_model_type,947,"unset, unset",6100_Brandhaner__Koebenhavn
H0948,55.643212,12.59133,800,True,simulated_from_model_type,948,"unset, unset",6100_Brandhaner__Koebenhavn
H0949,55.644622,12.590409,800,True,simulated_from_model_type,949,"unset, unset",6100_Brandhaner__Koebenhavn
H0950,55.636742,12.578203,800,True,simulated_from_model_type,950,"unset, unset",6100_Brandhaner__Koebenhavn
H0951,55.637473,12.580126,800,True,simulated_from_model_type,951,"unset, unset",6100_Brandhaner__Koebenhavn
H0952,55.636787,12.585922,800,True,simulated_from_model_type,952,"unset, unset",6100_Brandhaner__Koebenhavn
H0953,55.63454,12.585564,800,True,simulated_from_model_type,953,"unset, unset",6100_Brandhaner__Koebenhavn
H0954,55.630558,12.583026,800,True,simulated_from_model_type,954,"unset, unset",6100_Brandhaner__Koebenhavn
H0955,55.636569,12.587605,800,True,simulated_from_model_type,955,"unset, unset",6100_Brandhaner__Koebenhavn
H0956,55.63131,12.584802,800,True,simulated_from_model_type,956,"unset, unset",6100_Brandhaner__Koebenhavn
H0957,55.640941,12.587665,800,True,simulated_from_model_type,957,"unset, unset",6100_Brandhaner__Koebenhavn
H0958,55.631794,12.586439,800,True,simulated_from_model_type,958,"unset, unset",6100_Brandhaner__Koebenhavn
H0959,55.639136,12.587138,800,True,simulated_from_model_type,959,"unset, unset",6100_Brandhaner__Koebenhavn
H0960,55.639756,12.588798,800,True,simulated_from_model_type,960,"unset, unset",6100_Brandhaner__Koebenhavn
H0961,55.633921,12.584028,800,True,simulated_from_model_type,961,"unset, unset",6100_Brandhaner__Koebenhavn
H0962,55.63788,12.588529,800,True,simulated_from_model_type,962,"unset, unset",6100_Brandhaner__Koebenhavn
H0963,55.636504,12.588936,800,True,simulated_from_model_type,963,"unset, unset",6100_Brandhaner__Koebenhavn
H0964,55.636476,12.591395,800,True,simulated_from_model_type,964,"unset, unset",6100_Brandhaner__Koebenhavn
H0965,55.634631,12.591463,800,True,simulated_from_model_type,965,"unset, unset",6100_Brandhaner__Koebenhavn
H0966,55.639326,12.590578,800,True,simulated_from_model_type,966,"unset, unset",6100_Brandhaner__Koebenhavn
H0967,55.6354,12.589726,800,True,simulated_from_model_type,967,"unset, unset",6100_Brandhaner__Koebenhavn
H0968,55.640914,12.591746,800,True,simulated_from_model_type,968,"unset, unset",6100_Brandhaner__Koebenhavn
H0969,55.634852,12.588762,800,True,simulated_from_model_type,969,"unset, unset",6100_Brandhaner__Koebenhavn
H0970,55.633525,12.589551,800,True,simulated_from_model_type,970,"unset, unset",6100_Brandhaner__Koebenhavn
H0971,55.635553,12.592393,800,True,simulated_from_model_type,971,"unset, unset",6100_Brandhaner__Koebenhavn
H0972,55.630867,12.587531,800,True,simulated_from_model_type,972,"unset, unset",6100_Brandhaner__Koebenhavn
H0973,55.632708,12.587796,800,True,simulated_from_model_type,973,"unset, unset",6100_Brandhaner__Koebenhavn
H0974,55.633604,12.586844,800,True,simulated_from_model_type,974,"unset, unset",6100_Brandhaner__Koebenhavn
H0975,55.633288,12.592426,800,True,simulated_from_model_type,975,"unset, unset",6100_Brandhaner__Koebenhavn
H0976,55.654123,12.638377,1600,True,simulated_from_model_type,976,"unset, 100 mm",6100_Brandhaner__Koebenhavn
H0977,55.641605,12.600195,800,True,simulated_from_model_type,977,"unset, unset",6100_Brandhaner__Koebenhavn
H0978,55.641008,12.596643,800,True,simulated_from_model_type,978,"unset, unset",6100_Brandhaner__Koebenhavn
H0979,55.642565,12.600988,800,True,simulated_from_model_type,979,"unset, unset",6100_Brandhaner__Koebenhavn
H0980,55.642356,12.596805,800,True,simulated_from_model_type,980,"unset, unset",6100_Brandhaner__Koebenhavn
H0981,55.642629,12.593627,800,True,simulated_from_model_type,981,"unset, unset",6100_Brandhaner__Koebenhavn
H0982,55.643375,12.594653,800,True,simulated_from_model_type,982,"unset, unset",6100_Brandhaner__Koebenhavn
H0983,55.644428,12.60092,800,True,simulated_from_model_type,983,"unset, unset",6100_Brandhaner__Koebenhavn
H0984,55.644114,12.594231,800,True,simulated_from_model_type,984,"unset, unset",6100_Brandhaner__Koebenhavn
H0985,55.644165,12.597493,800,True,simulated_from_model_type,985,"unset, unset",6100_Brandhaner__Koebenhavn
H0986,55.641289,12.602778,800,True,simulated_from_model_type,986,"unset, unset",6100_Brandhaner__Koebenhavn
H0987,55.643414,12.597723,800,True,simulated_from_model_type,987,"unset, unset",6100_Brandhaner__Koebenhavn
H0988,55.642,12.60576,800,True,simulated_from_model_type,988,"unset, unset",6100_Brandhaner__Koebenhavn
H0989,55.642718,12.604347,800,True,simulated_from_model_type,989,"unset, unset",6100_Brandhaner__Koebenhavn
H0990,55.643661,12.602326,800,True,simulated_from_model_type,990,"unset, unset",6100_Brandhaner__Koebenhavn
H0991,55.6442,12.606336,800,True,simulated_from_model_type,991,"unset, unset",6100_Brandhaner__Koebenhavn
H0992,55.640956,12.593945,800,True,simulated_from_model_type,992,"unset, unset",6100_Brandhaner__Koebenhavn
H0993,55.643056,12.608153,800,True,simulated_from_model_type,993,"unset, unset",6100_Brandhaner__Koebenhavn
H0994,55.643319,12.610698,800,True,simulated_from_model_type,994,"unset, unset",6100_Brandhaner__Koebenhavn
H0995,55.640451,12.597834,800,True,simulated_from_model_type,995,"unset, unset",6100_Brandhaner__Koebenhavn
H0996,55.640751,12.599269,800,True,simulated_from_model_type,996,"unset, unset",6100_Brandhaner__Koebenhavn
H0997,55.638674,12.59994,800,True,simulated_from_model_type,997,"unset, unset",6100_Brandhaner__Koebenhavn
H0998,55.63873,12.597159,800,True,simulated_from_model_type,998,"unset, unset",6100_Brandhaner__Koebenhavn
H0999,55.637998,12.597554,800,True,simulated_from_model_type,999,"unset, unset",6100_Brandhaner__Koebenhavn
H1000,55.639759,12.599621,800,True,simulated_from_model_type,1000,"unset, unset",6100_Brandhaner__Koebenhavn
H1001,55.643937,12.615624,800,True,simulated_from_model_type,1001,"unset, unset",6100_Brandhaner__Koebenhavn
H1002,55.64387,12.612842,800,True,simulated_from_model_type,1002,"unset, unset",6100_Brandhaner__Koebenhavn
H1003,55.640406,12.594614,800,True,simulated_from_model_type,1003,"unset, unset",6100_Brandhaner__Koebenhavn
H1004,55.642377,12.616391,800,True,simulated_from_model_type,1004,"unset, unset",6100_Brandhaner__Koebenhavn
H1005,55.640771,12.617177,800,True,simulated_from_model_type,1005,"unset, unset",6100_Brandhaner__Koebenhavn
H1006,55.641184,12.619652,800,True,simulated_from_model_type,1006,"unset, unset",6100_Brandhaner__Koebenhavn
H1007,55.64192,12.618001,800,True,simulated_from_model_type,1007,"unset, unset",6100_Brandhaner__Koebenhavn
H1008,55.638016,12.595945,800,True,simulated_from_model_type,1008,"unset, unset",6100_Brandhaner__Koebenhavn
H1009,55.638037,12.593136,800,True,simulated_from_model_type,1009,"unset, unset",6100_Brandhaner__Koebenhavn
H1010,55.639172,12.591897,800,True,simulated_from_model_type,1010,"unset, unset",6100_Brandhaner__Koebenhavn
H1011,55.638746,12.594148,800,True,simulated_from_model_type,1011,"unset, unset",6100_Brandhaner__Koebenhavn
H1012,55.642838,12.618842,800,True,simulated_from_model_type,1012,"unset, unset",6100_Brandhaner__Koebenhavn
H1013,55.642281,12.620546,800,True,simulated_from_model_type,1013,"unset, unset",6100_Brandhaner__Koebenhavn
H1014,55.640247,12.615501,800,True,simulated_from_model_type,1014,"unset, unset",6100_Brandhaner__Koebenhavn
H1015,55.640066,12.614207,800,True,simulated_from_model_type,1015,"unset, unset",6100_Brandhaner__Koebenhavn
H1016,55.643956,12.622716,800,True,simulated_from_model_type,1016,"unset, unset",6100_Brandhaner__Koebenhavn
H1017,55.6399,12.61304,800,True,simulated_from_model_type,1017,"unset, unset",6100_Brandhaner__Koebenhavn
H1018,55.643091,12.62153,800,True,simulated_from_model_type,1018,"unset, unset",6100_Brandhaner__Koebenhavn
H1019,55.643436,12.624071,800,True,simulated_from_model_type,1019,"unset, unset",6100_Brandhaner__Koebenhavn
H1020,55.641203,12.624241,800,True,simulated_from_model_type,1020,"unset, unset",6100_Brandhaner__Koebenhavn
H1021,55.641732,12.622214,800,True,simulated_from_model_type,1021,"unset, unset",6100_Brandhaner__Koebenhavn
H1022,55.642657,12.625877,800,True,simulated_from_model_type,1022,"unset, unset",6100_Brandhaner__Koebenhavn
H1023,55.639608,12.620192,800,True,simulated_from_model_type,1023,"unset, unset",6100_Brandhaner__Koebenhavn
H1024,55.639405,12.605329,800,True,simulated_from_model_type,1024,"unset, unset",6100_Brandhaner__Koebenhavn
H1025,55.640817,12.604664,800,True,simulated_from_model_type,1025,"unset, unset",6100_Brandhaner__Koebenhavn
H1026,55.639725,12.601428,800,True,simulated_from_model_type,1026,"unset, unset",6100_Brandhaner__Koebenhavn
H1027,55.639496,12.602897,800,True,simulated_from_model_type,1027,"unset, unset",6100_Brandhaner__Koebenhavn
H1028,55.638458,12.60245,800,True,simulated_from_model_type,1028,"unset, unset",6100_Brandhaner__Koebenhavn
H1029,55.63887,12.601476,800,True,simulated_from_model_type,1029,"unset, unset",6100_Brandhaner__Koebenhavn
H1030,55.639199,12.603778,800,True,simulated_from_model_type,1030,"unset, unset",6100_Brandhaner__Koebenhavn
H1031,55.639935,12.603573,800,True,simulated_from_model_type,1031,"unset, unset",6100_Brandhaner__Koebenhavn
H1032,55.639566,12.606617,800,True,simulated_from_model_type,1032,"unset, unset",6100_Brandhaner__Koebenhavn
H1033,55.639992,12.610027,800,True,simulated_from_model_type,1033,"unset, unset",6100_Brandhaner__Koebenhavn
H1034,55.639455,12.609592,800,True,simulated_from_model_type,1034,"unset, unset",6100_Brandhaner__Koebenhavn
H1035,55.640387,12.607621,800,True,simulated_from_model_type,1035,"unset, unset",6100_Brandhaner__Koebenhavn
H1036,55.637931,12.574983,800,True,simulated_from_model_type,1036,"unset, unset",6100_Brandhaner__Koebenhavn
H1037,55.637886,12.576665,1600,True,simulated_from_model_type,1037,"unset, 100 mm",6100_Brandhaner__Koebenhavn
H1038,55.637887,12.574448,800,True,simulated_from_model_type,1038,"unset, unset",6100_Brandhaner__Koebenhavn
H1039,55.638813,12.574841,800,True,simulated_from_model_type,1039,"unset, unset",6100_Brandhaner__Koebenhavn
H1040,55.638881,12.575364,800,True,simulated_from_model_type,1040,"unset, unset",6100_Brandhaner__Koebenhavn
H1041,55.640209,12.575911,800,True,simulated_from_model_type,1041,"unset, unset",6100_Brandhaner__Koebenhavn
H1042,55.629188,12.587295,800,True,simulated_from_model_type,1042,"unset, unset",6100_Brandhaner__Koebenhavn
H1043,55.630243,12.586154,800,True,simulated_from_model_type,1043,"unset, unset",6100_Brandhaner__Koebenhavn
H1044,55.641156,12.586371,800,True,simulated_from_model_type,1044,"unset, unset",6100_Brandhaner__Koebenhavn
H1045,55.638943,12.585529,800,True,simulated_from_model_type,1045,"unset, unset",6100_Brandhaner__Koebenhavn
H1046,55.637933,12.586497,800,True,simulated_from_model_type,1046,"unset, unset",6100_Brandhaner__Koebenhavn
H1047,55.642871,12.613087,800,True,simulated_from_model_type,1047,"unset, unset",6100_Brandhaner__Koebenhavn
H1048,55.647793,12.592286,800,True,simulated_from_model_type,1048,"unset, unset",6100_Brandhaner__Koebenhavn
H1049,55.661003,12.628336,800,True,simulated_from_model_type,1049,,6100_Brandhaner__Koebenhavn
H1050,55.657132,12.591402,800,True,simulated_from_model_type,1050,,6100_Brandhaner__Koebenhavn
H1051,55.632898,12.58151,800,True,simulated_from_model_type,1051,,6100_Brandhaner__Koebenhavn
H1052,55.618111,12.575881,800,True,simulated_from_model_type,1052,,6100_Brandhaner__Koebenhavn
H1053,55.621922,12.57803,800,True,simulated_from_model_type,1053,,6100_Brandhaner__Koebenhavn
H1054,55.622752,12.577636,800,True,simulated_from_model_type,1054,,6100_Brandhaner__Koebenhavn
H1055,55.622991,12.579252,800,True,simulated_from_model_type,1055,,6100_Brandhaner__Koebenhavn
H1056,55.624356,12.578266,800,True,simulated_from_model_type,1056,,6100_Brandhaner__Koebenhavn
H1057,55.69241,12.612914,800,True,simulated_from_model_type,1057,,6100_Brandhaner__Koebenhavn
H1058,55.693045,12.613289,800,True,simulated_from_model_type,1058,,6100_Brandhaner__Koebenhavn
H1059,55.694005,12.613858,800,True,simulated_from_model_type,1059,,6100_Brandhaner__Koebenhavn
H1060,55.631866,12.582657,800,True,simulated_from_model_type,1060,,6100_Brandhaner__Koebenhavn
H1061,55.692441,12.613377,800,True,simulated_from_model_type,1061,,6100_Brandhaner__Koebenhavn
H1062,55.626394,12.579337,800,True,simulated_from_model_type,1062,,6100_Brandhaner__Koebenhavn
H1063,55.641913,12.609502,800,True,simulated_from_model_type,1063,,6100_Brandhaner__Koebenhavn
H1064,55.686713,12.613693,800,True,simulated_from_model_type,1064,,6100_Brandhaner__Koebenhavn
H1065,55.661083,12.575227,800,True,simulated_from_model_type,1065,,6100_Brandhaner__Koebenhavn
H1066,55.63948,12.577532,800,True,simulated_from_model_type,1066,,6100_Brandhaner__Koebenhavn
H1067,55.629707,12.577521,800,True,simulated_from_model_type,1067,,6100_Brandhaner__Koebenhavn
H1068,55.648242,12.590995,800,True,simulated_from_model_type,1068,,6100_Brandhaner__Koebenhavn
H1069,55.648271,12.590174,800,True,simulated_from_model_type,1069,,6100_Brandhaner__Koebenhavn
H1070,55.685704,12.62809,800,True,simulated_from_model_type,1070,,6100_Brandhaner__Koebenhavn
H1071,55.67843,12.600725,800,True,simulated_from_model_type,1071,,6100_Brandhaner__Koebenhavn
H1072,55.690597,12.611355,800,True,simulated_from_model_type,1072,,6100_Brandhaner__Koebenhavn
H1073,55.674137,12.597025,800,True,simulated_from_model_type,1073,,6100_Brandhaner__Koebenhavn
H1074,55.657522,12.592464,800,True,simulated_from_model_type,1074,,6100_Brandhaner__Koebenhavn
H1075,55.656493,12.593096,800,True,simulated_from_model_type,1075,,6100_Brandhaner__Koebenhavn
H1076,55.676436,12.640874,800,True,simulated_from_model_type,1076,,6100_Brandhaner__Koebenhavn
H1077,55.655619,12.568622,800,True,simulated_from_model_type,1077,,6100_Brandhaner__Koebenhavn
H1078,55.654506,12.568503,800,True,simulated_from_model_type,1078,,6100_Brandhaner__Koebenhavn
H1079,55.616484,12.567161,800,True,simulated_from_model_type,1079,,6100_Brandhaner__Koebenhavn
H1080,55.616603,12.569828,800,True,simulated_from_model_type,1080,,6100_Brandhaner__Koebenhavn
H1081,55.619708,12.570932,800,True,simulated_from_model_type,1081,,6100_Brandhaner__Koebenhavn
H1082,55.696128,12.599547,2000,True,simulated_from_model_type,1082,"KV 1916, 110 mm",6100_Brandhaner__Koebenhavn
H1083,55.697285,12.599745,2000,True,simulated_from_model_type,1083,"KV 1916, 110 mm",6100_Brandhaner__Koebenhavn
H1084,55.698553,12.599944,1600,True,simulated_from_model_type,1084,"A-60, 100 mm",6100_Brandhaner__Koebenhavn
H1085,55.699575,12.600034,1600,True,simulated_from_model_type,1085,"A-60, 100 mm",6100_Brandhaner__Koebenhavn
H1086,55.700916,12.600154,1600,True,simulated_from_model_type,1086,"A-60, 100 mm",6100_Brandhaner__Koebenhavn
H1087,55.702215,12.600578,800,True,simulated_from_model_type,1087,,6100_Brandhaner__Koebenhavn
H1088,55.68311,12.601282,800,True,simulated_from_model_type,1088,"Ikke oplyst, unset",6100_Brandhaner__Koebenhavn
H1089,55.681381,12.601731,800,True,simulated_from_model_type,1089,"Ikke oplyst, unset",6100_Brandhaner__Koebenhavn
H1090,55.681734,12.602034,800,True,simulated_from_model_type,1090,"Ikke oplyst, unset",6100_Brandhaner__Koebenhavn
H1091,55.675961,12.593187,1600,True,simulated_from_model_type,1091,"unset, 100 mm",6100_Brandhaner__Koebenhavn
H1092,55.676494,12.594772,1600,True,simulated_from_model_type,1092,"unset, 100 mm",6100_Brandhaner__Koebenhavn
H1093,55.671832,12.58784,1600,True,simulated_from_model_type,1093,"KV 1916, 100 mm",6100_Brandhaner__Koebenhavn
H1094,55.672618,12.587732,1600,True,simulated_from_model_type,1094,"unset, 100 mm",6100_Brandhaner__Koebenhavn
H1095,55.673739,12.587532,800,True,simulated_from_model_type,1095,"unset, unset",6100_Brandhaner__Koebenhavn
H1096,55.672322,12.586715,1600,True,simulated_from_model_type,1096,"A-60, 100 mm",6100_Brandhaner__Koebenhavn
H1097,55.672892,12.587035,1600,True,simulated_from_model_type,1097,"A-60, 100 mm",6100_Brandhaner__Koebenhavn
H1098,55.672505,12.58889,1600,True,simulated_from_model_type,1098,"unset, 100 mm",6100_Brandhaner__Koebenhavn
H1099,55.671986,12.5853,1600,True,simulated_from_model_type,1099,"unset, 100 mm",6100_Brandhaner__Koebenhavn
H1100,55.673379,12.588937,1600,True,simulated_from_model_type,1100,"unset, 100 mm",6100_Brandhaner__Koebenhavn
H1101,55.672285,12.589985,1600,True,simulated_from_model_type,1101,"unset, 100 mm",6100_Brandhaner__Koebenhavn
H1102,55.673019,12.591181,1600,True,simulated_from_model_type,1102,"unset, 100 mm",6100_Brandhaner__Koebenhavn
H1103,55.672793,12.589551,1600,True,simulated_from_model_type,1103,"unset, 100 mm",6100_Brandhaner__Koebenhavn
H1104,55.673426,12.590568,1600,True,simulated_from_model_type,1104,"unset, 100 mm",6100_Brandhaner__Koebenhavn
H1105,55.674065,12.590048,1600,True,simulated_from_model_type,1105,"unset, 100 mm",6100_Brandhaner__Koebenhavn
H1106,55.674086,12.591468,1600,True,simulated_from_model_type,1106,"unset, 100 mm",6100_Brandhaner__Koebenhavn
H1107,55.674738,12.592718,1600,True,simulated_from_model_type,1107,"unset, 100 mm",6100_Brandhaner__Koebenhavn
H1108,55.674611,12.590935,1600,True,simulated_from_model_type,1108,"unset, 100 mm",6100_Brandhaner__Koebenhavn
H1109,55.675292,12.592049,1600,True,simulated_from_model_type,1109,"unset, 100 mm",6100_Brandhaner__Koebenhavn
H1110,55.674039,12.592854,1600,True,simulated_from_model_type,1110,"unset, 100 mm",6100_Brandhaner__Koebenhavn
H1111,55.681922,12.605332,1600,True,simulated_from_model_type,1111,"unset, 100 mm",6100_Brandhaner__Koebenhavn
H1112,55.682828,12.606114,1600,True,simulated_from_model_type,1112,"unset, 100 mm",6100_Brandhaner__Koebenhavn
H1113,55.679219,12.603035,1600,True,simulated_from_model_type,1113,"unset, 100 mm",6100_Brandhaner__Koebenhavn
H1114,55.680933,12.60449,1600,True,simulated_from_model_type,1114,"unset, 100 mm",6100_Brandhaner__Koebenhavn
H1115,55.68276,12.604258,1600,True,simulated_from_model_type,1115,"unset, 100 mm",6100_Brandhaner__Koebenhavn
H1116,55.681594,12.60327,1600,True,simulated_from_model_type,1116,"unset, 100 mm",6100_Brandhaner__Koebenhavn
H1117,55.680544,12.606489,1600,True,simulated_from_model_type,1117,"unset, 100 mm",6100_Brandhaner__Koebenhavn
H1118,55.681503,12.606771,1600,True,simulated_from_model_type,1118,"unset, 100 mm",6100_Brandhaner__Koebenhavn
H1119,55.679383,12.604879,1600,True,simulated_from_model_type,1119,"unset, 100 mm",6100_Brandhaner__Koebenhavn
H1120,55.679091,12.605967,800,True,simulated_from_model_type,1120,"unset, unset",6100_Brandhaner__Koebenhavn
H1121,55.680175,12.603853,800,True,simulated_from_model_type,1121,,6100_Brandhaner__Koebenhavn
H1122,55.67518,12.583533,2000,True,simulated_from_model_type,1122,"unset, 110 mm",6100_Brandhaner__Koebenhavn
H1123,55.675736,12.582081,2000,True,simulated_from_model_type,1123,"unset, 110 mm",6100_Brandhaner__Koebenhavn
H1124,55.674295,12.578026,1600,True,simulated_from_model_type,1124,"A-60, 100 mm",6100_Brandhaner__Koebenhavn
H1125,55.673415,12.57908,1600,True,simulated_from_model_type,1125,"A-60, 100 mm",6100_Brandhaner__Koebenhavn
H1126,55.672942,12.579642,1600,True,simulated_from_model_type,1126,"A-60, 100 mm",6100_Brandhaner__Koebenhavn
H1127,55.676308,12.57814,1600,True,simulated_from_model_type,1127,"A-60, 100 mm",6100_Brandhaner__Koebenhavn
H1128,55.675862,12.576915,800,True,simulated_from_model_type,1128,"unset, unset",6100_Brandhaner__Koebenhavn
H1129,55.677031,12.578884,2000,True,simulated_from_model_type,1129,"unset, 110 mm",6100_Brandhaner__Koebenhavn
H1130,55.677268,12.579532,2000,True,simulated_from_model_type,1130,"unset, 110 mm",6100_Brandhaner__Koebenhavn
H1131,55.675185,12.585956,1600,True,simulated_from_model_type,1131,"unset, 100 mm",6100_Brandhaner__Koebenhavn
H1132,55.675055,12.585209,1600,True,simulated_from_model_type,1132,"unset, 100 mm",6100_Brandhaner__Koebenhavn
H1133,55.674451,12.585337,1600,True,simulated_from_model_type,1133,"unset, 100 mm",6100_Brandhaner__Koebenhavn
H1134,55.675842,12.584202,1600,True,simulated_from_model_type,1134,"unset, 100 mm",6100_Brandhaner__Koebenhavn
H1135,55.675816,12.581263,1600,True,simulated_from_model_type,1135,"unset, 100 mm",6100_Brandhaner__Koebenhavn
H1136,55.676952,12.580559,1600,True,simulated_from_model_type,1136,"unset, 100 mm",6100_Brandhaner__Koebenhavn
H1137,55.675228,12.580441,1600,True,simulated_from_model_type,1137,"unset, 100 mm",6100_Brandhaner__Koebenhavn
H1138,55.675995,12.578761,1600,True,simulated_from_model_type,1138,"unset, 100 mm",6100_Brandhaner__Koebenhavn
H1139,55.675479,12.579354,1600,True,simulated_from_model_type,1139,"unset, 100 mm",6100_Brandhaner__Koebenhavn
H1140,55.674849,12.579137,1600,True,simulated_from_model_type,1140,"unset, 100 mm",6100_Brandhaner__Koebenhavn
H1141,55.675571,12.577294,1600,True,simulated_from_model_type,1141,"unset, 100 mm",6100_Brandhaner__Koebenhavn
H1142,55.674891,12.578077,1600,True,simulated_from_model_type,1142,"unset, 100 mm",6100_Brandhaner__Koebenhavn
H1143,55.674054,12.583493,1600,True,simulated_from_model_type,1143,"unset, 100 mm",6100_Brandhaner__Koebenhavn
H1144,55.673585,12.581667,1600,True,simulated_from_model_type,1144,"unset, 100 mm",6100_Brandhaner__Koebenhavn
H1145,55.647763,12.548377,2000,True,simulated_from_model_type,1145,"KV, 110 mm",6100_Brandhaner__Koebenhavn
H1146,55.647312,12.54702,2000,True,simulated_from_model_type,1146,"KV, 110 mm",6100_Brandhaner__Koebenhavn
H1147,55.662906,12.637929,800,True,simulated_from_model_type,1147,"unset, unset",6100_Brandhaner__Koebenhavn
H1148,55.654212,12.648067,800,True,simulated_from_model_type,1148,"unset, unset",6100_Brandhaner__Koebenhavn
H1149,55.649988,12.644972,800,True,simulated_from_model_type,1149,"unset, unset",6100_Brandhaner__Koebenhavn
H1150,55.648553,12.64706,800,True,simulated_from_model_type,1150,"unset, unset",6100_Brandhaner__Koebenhavn
H1151,55.646571,12.55167,800,True,simulated_from_model_type,1151,"unset, unset",6100_Brandhaner__Koebenhavn
H1152,55.645751,12.551534,800,True,simulated_from_model_type,1152,,6100_Brandhaner__Koebenhavn
H1153,55.645344,12.552231,800,True,simulated_from_model_type,1153,"unset, unset",6100_Brandhaner__Koebenhavn
H1154,55.645995,12.55327,800,True,simulated_from_model_type,1154,"unset, unset",6100_Brandhaner__Koebenhavn
H1155,55.645563,12.553511,1600,True,simulated_from_model_type,1155,"A-60, 100 mm",6100_Brandhaner__Koebenhavn
H1156,55.646158,12.554227,800,True,simulated_from_model_type,1156,"Privat, unset",6100_Brandhaner__Koebenhavn
H1157,55.644672,12.552293,800,True,simulated_from_model_type,1157,,6100_Brandhaner__Koebenhavn
H1158,55.667341,12.571309,800,True,simulated_from_model_type,1158,"A-60, unset",6100_Brandhaner__Koebenhavn
H1159,55.666663,12.569785,2000,True,simulated_from_model_type,1159,"A-60, 110 mm",6100_Brandhaner__Koebenhavn
H1160,55.713,12.542907,1600,True,simulated_from_model_type,1160,"KV 1916, 100 mm",6100_Brandhaner__Koebenhavn
H1161,55.681727,12.554494,1500,True,simulated_from_model_type,1161,"unset, 90 mm",6100_Brandhaner__Koebenhavn
H1162,55.70268,12.587827,800,True,simulated_from_model_type,1162,"unset, unset",6100_Brandhaner__Koebenhavn
H1163,55.677203,12.561185,1500,True,simulated_from_model_type,1163,"KV 1916, 90 mm",6100_Brandhaner__Koebenhavn
H1164,55.676449,12.560976,1500,True,simulated_from_model_type,1164,"KV 1916, 90 mm",6100_Brandhaner__Koebenhavn
H1165,55.67555,12.560522,1500,True,simulated_from_model_type,1165,"KV 1916, 90 mm",6100_Brandhaner__Koebenhavn
H1166,55.694784,12.538174,1600,True,simulated_from_model_type,1166,"KV 1916, 100 mm",6100_Brandhaner__Koebenhavn
H1167,55.678374,12.561501,1600,True,simulated_from_model_type,1167,"KV 1916, 100 mm",6100_Brandhaner__Koebenhavn
H1168,55.665102,12.545141,1600,True,simulated_from_model_type,1168,"KV 1916, 100 mm",6100_Brandhaner__Koebenhavn
H1169,55.713169,12.563139,1200,True,simulated_from_model_type,1169,"unset, 80 mm",6100_Brandhaner__Koebenhavn
H1170,55.712536,12.57576,800,True,simulated_from_model_type,1170,"unset, unset",6100_Brandhaner__Koebenhavn
H1171,55.678349,12.589998,1200,True,simulated_from_model_type,1171,"unset, 80 mm",6100_Brandhaner__Koebenhavn
H1172,55.696115,12.481626,1600,True,simulated_from_model_type,1172,"KV 1916, 100 mm",6100_Brandhaner__Koebenhavn
H1173,55.692067,12.563758,1500,True,simulated_from_model_type,1173,"unset, 90 mm",6100_Brandhaner__Koebenhavn
H1174,55.670234,12.565232,1500,True,simulated_from_model_type,1174,"unset, 90 mm",6100_Brandhaner__Koebenhavn
H1175,55.668095,12.559703,800,True,simulated_from_model_type,1175,"unset, Ikke Oplyst",6100_Brandhaner__Koebenhavn
H1176,55.667003,12.559766,800,True,simulated_from_model_type,1176,"unset, Ikke Oplyst",6100_Brandhaner__Koebenhavn
H1177,55.659895,12.524955,1500,True,simulated_from_model_type,1177,"unset, 90 mm",6100_Brandhaner__Koebenhavn
H1178,55.654093,12.526644,1500,True,simulated_from_model_type,1178,"unset, 90 mm",6100_Brandhaner__Koebenhavn
H1179,55.651914,12.527277,1500,True,simulated_from_model_type,1179,"unset, 90 mm",6100_Brandhaner__Koebenhavn
H1180,55.711762,12.567304,1600,True,simulated_from_model_type,1180,"KV 1916, 100 mm",6100_Brandhaner__Koebenhavn
H1181,55.709771,12.567135,1600,True,simulated_from_model_type,1181,"KV 1916, 100 mm",6100_Brandhaner__Koebenhavn
H1182,55.719636,12.579355,1600,True,simulated_from_model_type,1182,"KV 1916, 100 mm",6100_Brandhaner__Koebenhavn
H1183,55.678072,12.583268,1500,True,simulated_from_model_type,1183,"unset, 90 mm",6100_Brandhaner__Koebenhavn
H1184,55.654405,12.516175,2000,True,simulated_from_model_type,1184,"unset, 110 mm",6100_Brandhaner__Koebenhavn
H1185,55.705568,12.5601,1600,True,simulated_from_model_type,1185,"KV 1916, 100 mm",6100_Brandhaner__Koebenhavn
H1186,55.705158,12.557733,1600,True,simulated_from_model_type,1186,"KV 1916, 100 mm",6100_Brandhaner__Koebenhavn
H1187,55.702923,12.559915,1600,True,simulated_from_model_type,1187,"KV 1916, 100 mm",6100_Brandhaner__Koebenhavn
H1188,55.696629,12.553062,1600,True,simulated_from_model_type,1188,"KV 1916, 100 mm",6100_Brandhaner__Koebenhavn
H1189,55.691918,12.541186,1600,True,simulated_from_model_type,1189,"KV 1916, 100 mm",6100_Brandhaner__Koebenhavn
H1190,55.695213,12.538445,1600,True,simulated_from_model_type,1190,"KV 1916, 100 mm",6100_Brandhaner__Koebenhavn
H1191,55.720149,12.546795,1600,True,simulated_from_model_type,1191,"KV 1916, 100 mm",6100_Brandhaner__Koebenhavn
H1192,55.718865,12.545888,1600,True,simulated_from_model_type,1192,"KV 1916, 100 mm",6100_Brandhaner__Koebenhavn
H1193,55.701563,12.539995,800,True,simulated_from_model_type,1193,"unset, unset",6100_Brandhaner__Koebenhavn
H1194,55.701972,12.584962,1600,True,simulated_from_model_type,1194,"KV 1916, 100 mm",6100_Brandhaner__Koebenhavn
H1195,55.665935,12.510018,1600,True,simulated_from_model_type,1195,"KV 1916, 100 mm",6100_Brandhaner__Koebenhavn
H1196,55.650365,12.521612,1600,True,simulated_from_model_type,1196,"unset, 100 mm",6100_Brandhaner__Koebenhavn
H1197,55.718864,12.57861,1600,True,simulated_from_model_type,1197,"KV 1916, 100 mm",6100_Brandhaner__Koebenhavn
H1198,55.646608,12.525823,800,True,simulated_from_model_type,1198,"unset, unset",6100_Brandhaner__Koebenhavn
H1199,55.647334,12.52582,800,True,simulated_from_model_type,1199,"unset, unset",6100_Brandhaner__Koebenhavn
H1200,55.676321,12.57307,1600,True,simulated_from_model_type,1200,"unset, 100 mm",6100_Brandhaner__Koebenhavn
H1201,55.7017,12.592547,1600,True,simulated_from_model_type,1201,"KV 1916, 100 mm",6100_Brandhaner__Koebenhavn
H1202,55.674393,12.576848,1600,True,simulated_from_model_type,1202,"unset, 100 mm",6100_Brandhaner__Koebenhavn
H1203,55.70718,12.582841,1600,True,simulated_from_model_type,1203,"KV 1916, 100 mm",6100_Brandhaner__Koebenhavn
H1204,55.661662,12.531766,1600,True,simulated_from_model_type,1204,"KV 1916, 100 mm",6100_Brandhaner__Koebenhavn
H1205,55.667812,12.563213,1600,True,simulated_from_model_type,1205,"KV 1916, 100 mm",6100_Brandhaner__Koebenhavn
H1206,55.673722,12.57643,1600,True,simulated_from_model_type,1206,"unset, 100 mm",6100_Brandhaner__Koebenhavn
H1207,55.696572,12.505253,1600,True,simulated_from_model_type,1207,"KV 1916, 100 mm",6100_Brandhaner__Koebenhavn
H1208,55.666138,12.513018,1600,True,simulated_from_model_type,1208,"KV 1916, 100 mm",6100_Brandhaner__Koebenhavn
H1209,55.720348,12.579089,1600,True,simulated_from_model_type,1209,"KV 1916, 100 mm",6100_Brandhaner__Koebenhavn
H1210,55.720911,12.579584,1600,True,simulated_from_model_type,1210,"KV 1916, 100 mm",6100_Brandhaner__Koebenhavn
H1211,55.718325,12.579503,2000,True,simulated_from_model_type,1211,"KV 1916, 110 mm",6100_Brandhaner__Koebenhavn
H1212,55.707755,12.493133,800,True,simulated_from_model_type,1212,"unset, unset",6100_Brandhaner__Koebenhavn
H1213,55.673278,12.575586,1600,True,simulated_from_model_type,1213,"unset, 100 mm",6100_Brandhaner__Koebenhavn
H1214,55.674194,12.573292,1600,True,simulated_from_model_type,1214,"unset, 100 mm",6100_Brandhaner__Koebenhavn
H1215,55.674826,12.572042,1600,True,simulated_from_model_type,1215,"unset, 100 mm",6100_Brandhaner__Koebenhavn
H1216,55.709478,12.533164,1600,True,simulated_from_model_type,1216,"KV 1916, 100 mm",6100_Brandhaner__Koebenhavn
H1217,55.710059,12.521855,1600,True,simulated_from_model_type,1217,"KV 1916, 100 mm",6100_Brandhaner__Koebenhavn
H1218,55.710501,12.526614,1600,True,simulated_from_model_type,1218,"KV 1916, 100 mm",6100_Brandhaner__Koebenhavn
H1219,55.701784,12.473782,1600,True,simulated_from_model_type,1219,"KV 1916, 100 mm",6100_Brandhaner__Koebenhavn
H1220,55.728103,12.563384,1600,True,simulated_from_model_type,1220,"KV 1916, 100 mm",6100_Brandhaner__Koebenhavn
H1221,55.69795,12.585387,2000,True,simulated_from_model_type,1221,"unset, 110 mm",6100_Brandhaner__Koebenhavn
H1222,55.697238,12.579738,800,True,simulated_from_model_type,1222,"unset, unset",6100_Brandhaner__Koebenhavn
H1223,55.697455,12.580657,800,True,simulated_from_model_type,1223,"unset, unset",6100_Brandhaner__Koebenhavn
H1224,55.675659,12.573407,1600,True,simulated_from_model_type,1224,"unset, 100 mm",6100_Brandhaner__Koebenhavn
H1225,55.676145,12.57463,1600,True,simulated_from_model_type,1225,"unset, 100 mm",6100_Brandhaner__Koebenhavn
H1226,55.652504,12.549089,1600,True,simulated_from_model_type,1226,"KV 1916, 100 mm",6100_Brandhaner__Koebenhavn
H1227,55.679313,12.591425,2000,True,simulated_from_model_type,1227,"KV 1916, 110 mm",6100_Brandhaner__Koebenhavn
H1228,55.681075,12.584921,2000,True,simulated_from_model_type,1228,"unset, 110 mm",6100_Brandhaner__Koebenhavn
H1229,55.679099,12.575395,800,True,simulated_from_model_type,1229,"unset, unset",6100_Brandhaner__Koebenhavn
H1230,55.649571,12.548133,800,True,simulated_from_model_type,1230,"unset, unset",6100_Brandhaner__Koebenhavn
H1231,55.701193,12.514594,800,True,simulated_from_model_type,1231,"unset, unset",6100_Brandhaner__Koebenhavn
H1232,55.702011,12.515448,800,True,simulated_from_model_type,1232,"unset, unset",6100_Brandhaner__Koebenhavn
H1233,55.702987,12.516334,800,True,simulated_from_model_type,1233,"unset, unset",6100_Brandhaner__Koebenhavn
H1234,55.714168,12.531421,1500,True,simulated_from_model_type,1234,"unset, 90 mm",6100_Brandhaner__Koebenhavn
H1235,55.723687,12.526132,1200,True,simulated_from_model_type,1235,"unset, 80 mm",6100_Brandhaner__Koebenhavn
H1236,55.702912,12.573856,1200,True,simulated_from_model_type,1236,"unset, 80 mm",6100_Brandhaner__Koebenhavn
H1237,55.69033,12.59488,1600,True,simulated_from_model_type,1237,"unset, 100 mm",6100_Brandhaner__Koebenhavn
H1238,55.691036,12.593963,1600,True,simulated_from_model_type,1238,"unset, 100 mm",6100_Brandhaner__Koebenhavn
H1239,55.668905,12.49822,1600,True,simulated_from_model_type,1239,"unset, 100 mm",6100_Brandhaner__Koebenhavn
H1240,55.669023,12.501238,4200,True,simulated_from_model_type,1240,"unset, 160 mm",6100_Brandhaner__Koebenhavn
H1241,55.668194,12.500447,1200,True,simulated_from_model_type,1241,"unset, 80 mm",6100_Brandhaner__Koebenhavn
H1242,55.718524,12.571066,800,True,simulated_from_model_type,1242,"unset, unset",6100_Brandhaner__Koebenhavn
H1243,55.720659,12.570236,1200,True,simulated_from_model_type,1243,"unset, 80 mm",6100_Brandhaner__Koebenhavn
H1244,55.726677,12.574419,1600,True,simulated_from_model_type,1244,"unset, 100 mm",6100_Brandhaner__Koebenhavn
H1245,55.67618,12.571442,1200,True,simulated_from_model_type,1245,"unset, 80 mm",6100_Brandhaner__Koebenhavn
H1246,55.700463,12.533929,1600,True,simulated_from_model_type,1246,"KV 1916, 100 mm",6100_Brandhaner__Koebenhavn
H1247,55.706761,12.544763,1600,True,simulated_from_model_type,1247,"unset, 100 mm",6100_Brandhaner__Koebenhavn
H1248,55.698137,12.535879,1600,True,simulated_from_model_type,1248,"KV 1916, 100 mm",6100_Brandhaner__Koebenhavn
H1249,55.681161,12.588708,1600,True,simulated_from_model_type,1249,"unset, 100 mm",6100_Brandhaner__Koebenhavn
H1250,55.707652,12.547269,1600,True,simulated_from_model_type,1250,"KV 1916, 100 mm",6100_Brandhaner__Koebenhavn
H1251,55.677542,12.565579,1600,True,simulated_from_model_type,1251,"unset, 100 mm",6100_Brandhaner__Koebenhavn
H1252,55.676886,12.566286,1600,True,simulated_from_model_type,1252,"unset, 100 mm",6100_Brandhaner__Koebenhavn
H1253,55.708619,12.548601,1600,True,simulated_from_model_type,1253,"KV 1916, 100 mm",6100_Brandhaner__Koebenhavn
H1254,55.722632,12.609257,1600,True,simulated_from_model_type,1254,"KV 1916, 100 mm",6100_Brandhaner__Koebenhavn
H1255,55.700912,12.535648,1600,True,simulated_from_model_type,1255,"KV 1916, 100 mm",6100_Brandhaner__Koebenhavn
H1256,55.650528,12.549198,800,True,simulated_from_model_type,1256,"unset, unset",6100_Brandhaner__Koebenhavn
H1257,55.651479,12.550263,800,True,simulated_from_model_type,1257,"unset, unset",6100_Brandhaner__Koebenhavn
H1258,55.647538,12.510645,1600,True,simulated_from_model_type,1258,"KV 1916, 100 mm",6100_Brandhaner__Koebenhavn
H1259,55.676946,12.567134,1600,True,simulated_from_model_type,1259,"unset, 100 mm",6100_Brandhaner__Koebenhavn
H1260,55.688539,12.591441,1600,True,simulated_from_model_type,1260,"unset, 100 mm",6100_Brandhaner__Koebenhavn
H1261,55.715837,12.609226,1600,True,simulated_from_model_type,1261,"unset, 100 mm",6100_Brandhaner__Koebenhavn
H1262,55.715268,12.608882,1600,True,simulated_from_model_type,1262,"unset, 100 mm",6100_Brandhaner__Koebenhavn
H1263,55.710025,12.46159,1600,True,simulated_from_model_type,1263,"unset, 100 mm",6100_Brandhaner__Koebenhavn
H1264,55.709625,12.453493,1600,True,simulated_from_model_type,1264,"KV 1916, 100 mm",6100_Brandhaner__Koebenhavn
H1265,55.661556,12.514173,800,True,simulated_from_model_type,1265,"unset, unset",6100_Brandhaner__Koebenhavn
H1266,55.683849,12.493278,1600,True,simulated_from_model_type,1266,"unset, 100 mm",6100_Brandhaner__Koebenhavn
H1267,55.706503,12.543318,1500,True,simulated_from_model_type,1267,"unset, 90 mm",6100_Brandhaner__Koebenhavn
H1268,55.705689,12.54508,1500,True,simulated_from_model_type,1268,"unset, 90 mm",6100_Brandhaner__Koebenhavn
H1269,55.65042,12.539199,1600,True,simulated_from_model_type,1269,"unset, 100 mm",6100_Brandhaner__Koebenhavn
H1270,55.681321,12.583484,1600,True,simulated_from_model_type,1270,"KV 1916, 100 mm",6100_Brandhaner__Koebenhavn
H1271,55.714023,12.558458,800,True,simulated_from_model_type,1271,"unset, unset",6100_Brandhaner__Koebenhavn
H1272,55.705934,12.554877,1600,True,simulated_from_model_type,1272,"A-60, 100 mm",6100_Brandhaner__Koebenhavn
H1273,55.672334,12.567278,1600,True,simulated_from_model_type,1273,"unset, 100 mm",6100_Brandhaner__Koebenhavn
H1274,55.681417,12.58142,1600,True,simulated_from_model_type,1274,"unset, 100 mm",6100_Brandhaner__Koebenhavn
H1275,55.681761,12.582307,1600,True,simulated_from_model_type,1275,"unset, 100 mm",6100_Brandhaner__Koebenhavn
H1276,55.703597,12.546656,2000,True,simulated_from_model_type,1276,"A-60, 110 mm",6100_Brandhaner__Koebenhavn
H1277,55.70292,12.545447,1600,True,simulated_from_model_type,1277,"A-60, 100 mm",6100_Brandhaner__Koebenhavn
H1278,55.706426,12.555557,1600,True,simulated_from_model_type,1278,"A-60, 100 mm",6100_Brandhaner__Koebenhavn
H1279,55.724433,12.524871,1600,True,simulated_from_model_type,1279,"unset, 100 mm",6100_Brandhaner__Koebenhavn
H1280,55.705301,12.555919,1600,True,simulated_from_model_type,1280,"A-60, 100 mm",6100_Brandhaner__Koebenhavn
H1281,55.680909,12.582337,1600,True,simulated_from_model_type,1281,"unset, 100 mm",6100_Brandhaner__Koebenhavn
H1282,55.676995,12.576408,1600,True,simulated_from_model_type,1282,"unset, 100 mm",6100_Brandhaner__Koebenhavn
H1283,55.679465,12.581217,1600,True,simulated_from_model_type,1283,"unset, 100 mm",6100_Brandhaner__Koebenhavn
H1284,55.728933,12.563769,1600,True,simulated_from_model_type,1284,"unset, 100 mm",6100_Brandhaner__Koebenhavn
H1285,55.679055,12.579561,1600,True,simulated_from_model_type,1285,"unset, 100 mm",6100_Brandhaner__Koebenhavn
H1286,55.705862,12.548723,1600,True,simulated_from_model_type,1286,"A-60, 100 mm",6100_Brandhaner__Koebenhavn
H1287,55.643658,12.540157,800,True,simulated_from_model_type,1287,"unset, unset",6100_Brandhaner__Koebenhavn
H1288,55.642047,12.539817,800,True,simulated_from_model_type,1288,"unset, unset",6100_Brandhaner__Koebenhavn
H1289,55.70776,12.564528,1600,True,simulated_from_model_type,1289,"unset, 100 mm",6100_Brandhaner__Koebenhavn
H1290,55.719538,12.47685,1600,True,simulated_from_model_type,1290,"A-60, 100 mm",6100_Brandhaner__Koebenhavn
H1291,55.719515,12.474828,1600,True,simulated_from_model_type,1291,"A-60, 100 mm",6100_Brandhaner__Koebenhavn
H1292,55.706073,12.588747,2000,True,simulated_from_model_type,1292,"unset, 110 mm",6100_Brandhaner__Koebenhavn
H1293,55.657566,12.556001,800,True,simulated_from_model_type,1293,"unset, unset",6100_Brandhaner__Koebenhavn
H1294,55.685705,12.565276,800,True,simulated_from_model_type,1294,"unset, unset",6100_Brandhaner__Koebenhavn
H1295,55.688758,12.568769,1600,True,simulated_from_model_type,1295,"A-60, 100 mm",6100_Brandhaner__Koebenhavn
H1296,55.682646,12.591902,800,True,simulated_from_model_type,1296,"unset, unset",6100_Brandhaner__Koebenhavn
H1297,55.702887,12.541779,1600,True,simulated_from_model_type,1297,"unset, 100 mm",6100_Brandhaner__Koebenhavn
H1298,55.690221,12.543948,1600,True,simulated_from_model_type,1298,"A-60, 100 mm",6100_Brandhaner__Koebenhavn
H1299,55.679001,12.572796,2000,True,simulated_from_model_type,1299,"unset, 110 mm",6100_Brandhaner__Koebenhavn
H1300,55.693555,12.556631,1600,True,simulated_from_model_type,1300,"unset, 100 mm",6100_Brandhaner__Koebenhavn
H1301,55.651806,12.509065,1600,True,simulated_from_model_type,1301,"A-60, 100 mm",6100_Brandhaner__Koebenhavn
H1302,55.652671,12.509767,1600,True,simulated_from_model_type,1302,"A-60, 100 mm",6100_Brandhaner__Koebenhavn
H1303,55.669626,12.563114,2000,True,simulated_from_model_type,1303,"unset, 110 mm",6100_Brandhaner__Koebenhavn
H1304,55.660864,12.558791,1600,True,simulated_from_model_type,1304,"A-60, 100 mm",6100_Brandhaner__Koebenhavn
H1305,55.669264,12.573577,1600,True,simulated_from_model_type,1305,"A-60, 100 mm",6100_Brandhaner__Koebenhavn
H1306,55.702313,12.573888,800,True,simulated_from_model_type,1306,"unset, unset",6100_Brandhaner__Koebenhavn
H1307,55.675388,12.568907,1600,True,simulated_from_model_type,1307,"KV 1916, 100 mm",6100_Brandhaner__Koebenhavn
H1308,55.670081,12.575605,1600,True,simulated_from_model_type,1308,"A-60, 100 mm",6100_Brandhaner__Koebenhavn
H1309,55.668795,12.573418,1600,True,simulated_from_model_type,1309,"A-60, 100 mm",6100_Brandhaner__Koebenhavn
H1310,55.669105,12.573968,1600,True,simulated_from_model_type,1310,"KVXX, 100 mm",6100_Brandhaner__Koebenhavn
H1311,55.669589,12.574784,1600,True,simulated_from_model_type,1311,"A-60, 100 mm",6100_Brandhaner__Koebenhavn
H1312,55.704471,12.588902,800,True,simulated_from_model_type,1312,"unset, unset",6100_Brandhaner__Koebenhavn
H1313,55.660348,12.557472,1600,True,simulated_from_model_type,1313,"A-60, 100 mm",6100_Brandhaner__Koebenhavn
H1314,55.661774,12.559144,1600,True,simulated_from_model_type,1314,"A-60, 100 mm",6100_Brandhaner__Koebenhavn
H1315,55.6622,12.560091,1600,True,simulated_from_model_type,1315,"A-60, 100 mm",6100_Brandhaner__Koebenhavn
H1316,55.723033,12.529527,1600,True,simulated_from_model_type,1316,"A-60, 100 mm",6100_Brandhaner__Koebenhavn
H1317,55.703485,12.589392,2000,True,simulated_from_model_type,1317,"unset, 110 mm",6100_Brandhaner__Koebenhavn
H1318,55.660597,12.478447,1600,True,simulated_from_model_type,1318,"A-60, 100 mm",6100_Brandhaner__Koebenhavn
H1319,55.660788,12.480403,1600,True,simulated_from_model_type,1319,"A-60, 100 mm",6100_Brandhaner__Koebenhavn
H1320,55.660622,12.482483,1600,True,simulated_from_model_type,1320,"A-60, 100 mm",6100_Brandhaner__Koebenhavn
H1321,55.667502,12.507965,1600,True,simulated_from_model_type,1321,"A-60, 100 mm",6100_Brandhaner__Koebenhavn
H1322,55.72265,12.608118,1600,True,simulated_from_model_type,1322,"KV 1916, 100 mm",6100_Brandhaner__Koebenhavn
H1323,55.710034,12.490822,1600,True,simulated_from_model_type,1323,"A-60, 100 mm",6100_Brandhaner__Koebenhavn
H1324,55.660436,12.509264,1600,True,simulated_from_model_type,1324,"KV 1916, 100 mm",6100_Brandhaner__Koebenhavn
H1325,55.678589,12.572793,1600,True,simulated_from_model_type,1325,"unset, 100 mm",6100_Brandhaner__Koebenhavn
H1326,55.676905,12.574267,2000,True,simulated_from_model_type,1326,"unset, 110 mm",6100_Brandhaner__Koebenhavn
H1327,55.67752,12.572607,1600,True,simulated_from_model_type,1327,"unset, 100 mm",6100_Brandhaner__Koebenhavn
H1328,55.707581,12.530939,1600,True,simulated_from_model_type,1328,"A-60, 100 mm",6100_Brandhaner__Koebenhavn
H1329,55.678361,12.572515,1600,True,simulated_from_model_type,1329,"unset, 100 mm",6100_Brandhaner__Koebenhavn
H1330,55.678448,12.574866,1600,True,simulated_from_model_type,1330,"unset, 100 mm",6100_Brandhaner__Koebenhavn
H1331,55.677844,12.575711,1600,True,simulated_from_model_type,1331,"unset, 100 mm",6100_Brandhaner__Koebenhavn
H1332,55.709442,12.570008,1600,True,simulated_from_model_type,1332,"A-60, 100 mm",6100_Brandhaner__Koebenhavn
H1333,55.703043,12.570699,800,True,simulated_from_model_type,1333,"unset, unset",6100_Brandhaner__Koebenhavn
H1334,55.662695,12.484032,1600,True,simulated_from_model_type,1334,"A-60, 100 mm",6100_Brandhaner__Koebenhavn
H1335,55.661543,12.484517,1600,True,simulated_from_model_type,1335,"A-60, 100 mm",6100_Brandhaner__Koebenhavn
H1336,55.660649,12.484562,1600,True,simulated_from_model_type,1336,"A-60, 100 mm",6100_Brandhaner__Koebenhavn
H1337,55.665597,12.513306,1600,True,simulated_from_model_type,1337,"A-60, 100 mm",6100_Brandhaner__Koebenhavn
H1338,55.665257,12.512074,1600,True,simulated_from_model_type,1338,"A-60, 100 mm",6100_Brandhaner__Koebenhavn
H1339,55.66581,12.511375,1600,True,simulated_from_model_type,1339,"A-60, 100 mm",6100_Brandhaner__Koebenhavn
H1340,55.662925,12.5208,2000,True,simulated_from_model_type,1340,"unset, 110 mm",6100_Brandhaner__Koebenhavn
H1341,55.677561,12.573496,1600,True,simulated_from_model_type,1341,"unset, 100 mm",6100_Brandhaner__Koebenhavn
H1342,55.660301,12.483556,1600,True,simulated_from_model_type,1342,"A-60, 100 mm",6100_Brandhaner__Koebenhavn
H1343,55.661034,12.483062,1600,True,simulated_from_model_type,1343,"A-60, 100 mm",6100_Brandhaner__Koebenhavn
H1344,55.661924,12.482819,1600,True,simulated_from_model_type,1344,"A-60, 100 mm",6100_Brandhaner__Koebenhavn
H1345,55.663077,12.482606,1600,True,simulated_from_model_type,1345,"A-60, 100 mm",6100_Brandhaner__Koebenhavn
H1346,55.663857,12.482724,1600,True,simulated_from_model_type,1346,"A-60, 100 mm",6100_Brandhaner__Koebenhavn
H1347,55.665538,12.48429,1600,True,simulated_from_model_type,1347,"A-60, 100 mm",6100_Brandhaner__Koebenhavn
H1348,55.664936,12.479102,1600,True,simulated_from_model_type,1348,"A-60, 100 mm",6100_Brandhaner__Koebenhavn
H1349,55.713241,12.511037,1600,True,simulated_from_model_type,1349,"A-60, 100 mm",6100_Brandhaner__Koebenhavn
H1350,55.67872,12.585116,800,True,simulated_from_model_type,1350,"unset, unset",6100_Brandhaner__Koebenhavn
H1351,55.705939,12.586961,800,True,simulated_from_model_type,1351,"unset, unset",6100_Brandhaner__Koebenhavn
H1352,55.673654,12.485441,1600,True,simulated_from_model_type,1352,"A-60, 100 mm",6100_Brandhaner__Koebenhavn
H1353,55.721582,12.608585,2000,True,simulated_from_model_type,1353,"unset, 110 mm",6100_Brandhaner__Koebenhavn
H1354,55.703658,12.58173,2000,True,simulated_from_model_type,1354,"unset, 110 mm",6100_Brandhaner__Koebenhavn
H1355,55.70406,12.585759,800,True,simulated_from_model_type,1355,"unset, unset",6100_Brandhaner__Koebenhavn
H1356,55.672535,12.479312,1600,True,simulated_from_model_type,1356,"A-60, 100 mm",6100_Brandhaner__Koebenhavn
H1357,55.665683,12.515313,2000,True,simulated_from_model_type,1357,"unset, 110 mm",6100_Brandhaner__Koebenhavn
H1358,55.667334,12.56081,800,True,simulated_from_model_type,1358,"unset, unset",6100_Brandhaner__Koebenhavn
H1359,55.667665,12.558791,800,True,simulated_from_model_type,1359,"unset, unset",6100_Brandhaner__Koebenhavn
H1360,55.666772,12.561126,800,True,simulated_from_model_type,1360,"unset, unset",6100_Brandhaner__Koebenhavn
H1361,55.700981,12.594794,2000,True,simulated_from_model_type,1361,"unset, 110 mm",6100_Brandhaner__Koebenhavn
H1362,55.665672,12.56759,1600,True,simulated_from_model_type,1362,"A-60, 100 mm",6100_Brandhaner__Koebenhavn
H1363,55.705229,12.538356,1600,True,simulated_from_model_type,1363,"A-60, 100 mm",6100_Brandhaner__Koebenhavn
H1364,55.666819,12.517109,2000,True,simulated_from_model_type,1364,"unset, 110 mm",6100_Brandhaner__Koebenhavn
H1365,55.697624,12.538687,1600,True,simulated_from_model_type,1365,"A-60, 100 mm",6100_Brandhaner__Koebenhavn
H1366,55.699126,12.538744,1600,True,simulated_from_model_type,1366,"A-60, 100 mm",6100_Brandhaner__Koebenhavn
H1367,55.698351,12.538725,1600,True,simulated_from_model_type,1367,"A-60, 100 mm",6100_Brandhaner__Koebenhavn
H1368,55.670249,12.562526,2000,True,simulated_from_model_type,1368,"unset, 110 mm",6100_Brandhaner__Koebenhavn
H1369,55.670476,12.569378,2000,True,simulated_from_model_type,1369,"unset, 110 mm",6100_Brandhaner__Koebenhavn
H1370,55.671116,12.568631,1600,True,simulated_from_model_type,1370,"unset, 100 mm",6100_Brandhaner__Koebenhavn
H1371,55.662736,12.516278,2000,True,simulated_from_model_type,1371,"unset, 110 mm",6100_Brandhaner__Koebenhavn
H1372,55.704063,12.559545,800,True,simulated_from_model_type,1372,"unset, unset",6100_Brandhaner__Koebenhavn
H1373,55.707028,12.589441,1600,True,simulated_from_model_type,1373,"A-60, 100 mm",6100_Brandhaner__Koebenhavn
H1374,55.666673,12.552381,1600,True,simulated_from_model_type,1374,"A-60, 100 mm",6100_Brandhaner__Koebenhavn
H1375,55.664466,12.515799,1600,True,simulated_from_model_type,1375,"A-60, 100 mm",6100_Brandhaner__Koebenhavn
H1376,55.664244,12.514847,1600,True,simulated_from_model_type,1376,"A-60, 100 mm",6100_Brandhaner__Koebenhavn
H1377,55.665169,12.514786,1600,True,simulated_from_model_type,1377,"A-60, 100 mm",6100_Brandhaner__Koebenhavn
H1378,55.665884,12.514566,1600,True,simulated_from_model_type,1378,"A-60, 100 mm",6100_Brandhaner__Koebenhavn
H1379,55.66439,12.512863,1600,True,simulated_from_model_type,1379,"A-60, 100 mm",6100_Brandhaner__Koebenhavn
H1380,55.707544,12.591005,2000,True,simulated_from_model_type,1380,"unset, 110 mm",6100_Brandhaner__Koebenhavn
H1381,55.676197,12.587353,1600,True,simulated_from_model_type,1381,"A-60, 100 mm",6100_Brandhaner__Koebenhavn
H1382,55.701499,12.580678,1600,True,simulated_from_model_type,1382,"A-60, 100 mm",6100_Brandhaner__Koebenhavn
H1383,55.691653,12.47636,1600,True,simulated_from_model_type,1383,"A-60, 100 mm",6100_Brandhaner__Koebenhavn
H1384,55.694158,12.477576,1600,True,simulated_from_model_type,1384,"A-60, 100 mm",6100_Brandhaner__Koebenhavn
H1385,55.682198,12.558079,2000,True,simulated_from_model_type,1385,"unset, 110 mm",6100_Brandhaner__Koebenhavn
H1386,55.662552,12.51919,2000,True,simulated_from_model_type,1386,"unset, 110 mm",6100_Brandhaner__Koebenhavn
H1387,55.663357,12.51914,2000,True,simulated_from_model_type,1387,"unset, 110 mm",6100_Brandhaner__Koebenhavn
H1388,55.696444,12.574013,1600,True,simulated_from_model_type,1388,"A-60, 100 mm",6100_Brandhaner__Koebenhavn
H1389,55.663347,12.508853,2000,True,simulated_from_model_type,1389,"unset, 110 mm",6100_Brandhaner__Koebenhavn
H1390,55.69121,12.468879,1600,True,simulated_from_model_type,1390,"unset, 100 mm",6100_Brandhaner__Koebenhavn
H1391,55.707731,12.589317,1600,True,simulated_from_model_type,1391,"A-60, 100 mm",6100_Brandhaner__Koebenhavn
H1392,55.708413,12.588876,800,True,simulated_from_model_type,1392,"A-60, unset",6100_Brandhaner__Koebenhavn
H1393,55.670405,12.548517,1600,True,simulated_from_model_type,1393,"A-60, 100 mm",6100_Brandhaner__Koebenhavn
H1394,55.658452,12.553089,2600,True,simulated_from_model_type,1394,"unset, 125 mm",6100_Brandhaner__Koebenhavn
H1395,55.661677,12.550955,800,True,simulated_from_model_type,1395,"unset, Ikke Oplyst",6100_Brandhaner__Koebenhavn
H1396,55.662733,12.554483,800,True,simulated_from_model_type,1396,"unset, Ikke Oplyst",6100_Brandhaner__Koebenhavn
H1397,55.665416,12.56346,800,True,simulated_from_model_type,1397,"unset, Ikke Oplyst",6100_Brandhaner__Koebenhavn
H1398,55.683515,12.565375,1600,True,simulated_from_model_type,1398,"A-60, 100 mm",6100_Brandhaner__Koebenhavn
H1399,55.66383,12.537632,1600,True,simulated_from_model_type,1399,"KV 1916, 100 mm",6100_Brandhaner__Koebenhavn
H1400,55.678598,12.485401,800,True,simulated_from_model_type,1400,"unset, unset",6100_Brandhaner__Koebenhavn
H1401,55.694493,12.538409,1600,True,simulated_from_model_type,1401,"A-60, 100 mm",6100_Brandhaner__Koebenhavn
H1402,55.677085,12.58997,2000,True,simulated_from_model_type,1402,"unset, 110 mm",6100_Brandhaner__Koebenhavn
H1403,55.67894,12.592765,4200,True,simulated_from_model_type,1403,"unset, 160 mm",6100_Brandhaner__Koebenhavn
H1404,55.68543,12.569095,1600,True,simulated_from_model_type,1404,"KV, 100 mm",6100_Brandhaner__Koebenhavn
H1405,55.65862,12.558412,1600,True,simulated_from_model_type,1405,"A-60, 100 mm",6100_Brandhaner__Koebenhavn
H1406,55.688284,12.588041,2000,True,simulated_from_model_type,1406,"A-60, 110 mm",6100_Brandhaner__Koebenhavn
H1407,55.687187,12.588484,1600,True,simulated_from_model_type,1407,"A-60, 100 mm",6100_Brandhaner__Koebenhavn
H1408,55.676757,12.586895,2000,True,simulated_from_model_type,1408,"unset, 110 mm",6100_Brandhaner__Koebenhavn
H1409,55.679617,12.585858,2000,True,simulated_from_model_type,1409,"unset, 110 mm",6100_Brandhaner__Koebenhavn
H1410,55.678116,12.585679,2000,True,simulated_from_model_type,1410,"unset, 110 mm",6100_Brandhaner__Koebenhavn
H1411,55.685807,12.584851,2000,True,simulated_from_model_type,1411,"A-60, 110 mm",6100_Brandhaner__Koebenhavn
H1412,55.718323,12.538183,1600,True,simulated_from_model_type,1412,"A-60, 100 mm",6100_Brandhaner__Koebenhavn
H1413,55.679196,12.566731,1500,True,simulated_from_model_type,1413,"A-60, 90 mm",6100_Brandhaner__Koebenhavn
H1414,55.681025,12.569066,1500,True,simulated_from_model_type,1414,"A-60, 90 mm",6100_Brandhaner__Koebenhavn
H1415,55.681935,12.570238,1600,True,simulated_from_model_type,1415,"A-60, 100 mm",6100_Brandhaner__Koebenhavn
H1416,55.697503,12.547681,1600,True,simulated_from_model_type,1416,"A-60, 100 mm",6100_Brandhaner__Koebenhavn
H1417,55.687422,12.5898,2000,True,simulated_from_model_type,1417,"A-60, 110 mm",6100_Brandhaner__Koebenhavn
H1418,55.687686,12.588813,1600,True,simulated_from_model_type,1418,"A-60, 100 mm",6100_Brandhaner__Koebenhavn
H1419,55.657516,12.48854,800,True,simulated_from_model_type,1419,"unset, unset",6100_Brandhaner__Koebenhavn
H1420,55.713444,12.546707,800,True,simulated_from_model_type,1420,"unset, unset",6100_Brandhaner__Koebenhavn
H1421,55.699435,12.561743,1600,True,simulated_from_model_type,1421,"A-60, 100 mm",6100_Brandhaner__Koebenhavn
H1422,55.651206,12.542065,1600,True,simulated_from_model_type,1422,"A-60, 100 mm",6100_Brandhaner__Koebenhavn
H1423,55.652334,12.54333,1600,True,simulated_from_model_type,1423,"A-60, 100 mm",6100_Brandhaner__Koebenhavn
H1424,55.684053,12.58202,1500,True,simulated_from_model_type,1424,"KVF, 90 mm",6100_Brandhaner__Koebenhavn
H1425,55.683143,12.581249,1500,True,simulated_from_model_type,1425,"KVF, 90 mm",6100_Brandhaner__Koebenhavn
H1426,55.678739,12.584068,2000,True,simulated_from_model_type,1426,"Ikke oplyst, 110 mm",6100_Brandhaner__Koebenhavn
H1427,55.6601,12.498798,1600,True,simulated_from_model_type,1427,"A-60, 100 mm",6100_Brandhaner__Koebenhavn
H1428,55.684647,12.572945,1500,True,simulated_from_model_type,1428,"KVF, 90 mm",6100_Brandhaner__Koebenhavn
H1429,55.645232,12.531384,1600,True,simulated_from_model_type,1429,"A-60, 100 mm",6100_Brandhaner__Koebenhavn
H1430,55.645663,12.535779,1600,True,simulated_from_model_type,1430,"A-60, 100 mm",6100_Brandhaner__Koebenhavn
H1431,55.686717,12.588778,2000,True,simulated_from_model_type,1431,"A-60, 110 mm",6100_Brandhaner__Koebenhavn
H1432,55.687817,12.58421,2000,True,simulated_from_model_type,1432,"A-60, 110 mm",6100_Brandhaner__Koebenhavn
H1433,55.640836,12.505305,1600,True,simulated_from_model_type,1433,"unset, 100 mm",6100_Brandhaner__Koebenhavn
H1434,55.639589,12.506453,1600,True,simulated_from_model_type,1434,"unset, 100 mm",6100_Brandhaner__Koebenhavn
H1435,55.638314,12.506975,1600,True,simulated_from_model_type,1435,"unset, 100 mm",6100_Brandhaner__Koebenhavn
H1436,55.711246,12.556167,1600,True,simulated_from_model_type,1436,"A-60, 100 mm",6100_Brandhaner__Koebenhavn
H1437,55.68362,12.594243,2000,True,simulated_from_model_type,1437,"Ikke oplyst, 110 mm",6100_Brandhaner__Koebenhavn
H1438,55.684743,12.593645,2000,True,simulated_from_model_type,1438,"Ikke oplyst, 110 mm",6100_Brandhaner__Koebenhavn
H1439,55.680314,12.59393,2000,True,simulated_from_model_type,1439,"Hawle, 110 mm",6100_Brandhaner__Koebenhavn
H1440,55.679658,12.590129,2000,True,simulated_from_model_type,1440,"Ikke oplyst, 110 mm",6100_Brandhaner__Koebenhavn
H1441,55.682727,12.594026,2000,True,simulated_from_model_type,1441,"unset, 110 mm",6100_Brandhaner__Koebenhavn
H1442,55.682057,12.59347,2000,True,simulated_from_model_type,1442,"unset, 110 mm",6100_Brandhaner__Koebenhavn
H1443,55.680897,12.593199,2000,True,simulated_from_model_type,1443,"unset, 110 mm",6100_Brandhaner__Koebenhavn
H1444,55.681696,12.591655,2000,True,simulated_from_model_type,1444,"Ikke oplyst, 110 mm",6100_Brandhaner__Koebenhavn
H1445,55.681437,12.592629,2000,True,simulated_from_model_type,1445,"Ikke oplyst, 110 mm",6100_Brandhaner__Koebenhavn
H1446,55.681127,12.58672,2000,True,simulated_from_model_type,1446,"Ikke oplyst, 110 mm",6100_Brandhaner__Koebenhavn
H1447,55.680155,12.584801,2000,True,simulated_from_model_type,1447,"Hawle, 110 mm",6100_Brandhaner__Koebenhavn
H1448,55.687826,12.490601,1600,True,simulated_from_model_type,1448,"A-60, 100 mm",6100_Brandhaner__Koebenhavn
H1449,55.64943,12.550379,2000,True,simulated_from_model_type,1449,"A-60, 110 mm",6100_Brandhaner__Koebenhavn
H1450,55.700318,12.524306,1600,True,simulated_from_model_type,1450,"A-60, 100 mm",6100_Brandhaner__Koebenhavn
H1451,55.689804,12.588315,1600,True,simulated_from_model_type,1451,"A-60, 100 mm",6100_Brandhaner__Koebenhavn
H1452,55.685778,12.587091,1600,True,simulated_from_model_type,1452,"A-60, 100 mm",6100_Brandhaner__Koebenhavn
H1453,55.689577,12.590161,1600,True,simulated_from_model_type,1453,"A-60, 100 mm",6100_Brandhaner__Koebenhavn
H1454,55.690123,12.589491,1600,True,simulated_from_model_type,1454,"Hawle, 100 mm",6100_Brandhaner__Koebenhavn
H1455,55.709508,12.559027,1600,True,simulated_from_model_type,1455,"A-60, 100 mm",6100_Brandhaner__Koebenhavn
H1456,55.643572,12.539432,800,True,simulated_from_model_type,1456,"unset, unset",6100_Brandhaner__Koebenhavn
H1457,55.659421,12.548741,1600,True,simulated_from_model_type,1457,"A-60, 100 mm",6100_Brandhaner__Koebenhavn
H1458,55.664555,12.509003,2000,True,simulated_from_model_type,1458,"unset, 110 mm",6100_Brandhaner__Koebenhavn
H1459,55.686256,12.585489,1600,True,simulated_from_model_type,1459,"A-60, 100 mm",6100_Brandhaner__Koebenhavn
H1460,55.687516,12.585908,1500,True,simulated_from_model_type,1460,"A-60, 90 mm",6100_Brandhaner__Koebenhavn
H1461,55.704843,12.584314,1600,True,simulated_from_model_type,1461,"A-60, 100 mm",6100_Brandhaner__Koebenhavn
H1463,55.7145,12.568999,1600,True,simulated_from_model_type,1463,"A-60, 100 mm",6100_Brandhaner__Koebenhavn
H1464,55.688279,12.590071,1600,True,simulated_from_model_type,1464,"A-60, 100 mm",6100_Brandhaner__Koebenhavn
H1465,55.687564,12.590974,1600,True,simulated_from_model_type,1465,"A-60, 100 mm",6100_Brandhaner__Koebenhavn
H1466,55.694624,12.550539,1600,True,simulated_from_model_type,1466,"A-60, 100 mm",6100_Brandhaner__Koebenhavn
H1467,55.686743,12.490687,1600,True,simulated_from_model_type,1467,"A-60, 100 mm",6100_Brandhaner__Koebenhavn
H1468,55.654572,12.557997,1600,True,simulated_from_model_type,1468,"A-60, 100 mm",6100_Brandhaner__Koebenhavn
H1469,55.700656,12.577205,1600,True,simulated_from_model_type,1469,"A-60, 100 mm",6100_Brandhaner__Koebenhavn
H1470,55.649169,12.501752,1600,True,simulated_from_model_type,1470,"A-60, 100 mm",6100_Brandhaner__Koebenhavn
H1471,55.68396,12.575559,600,True,simulated_from_model_type,1471,"KV, 50 mm",6100_Brandhaner__Koebenhavn
H1472,55.682875,12.574762,1600,True,simulated_from_model_type,1472,"A-60, 100 mm",6100_Brandhaner__Koebenhavn
H1473,55.682924,12.579521,600,True,simulated_from_model_type,1473,"KV, 50 mm",6100_Brandhaner__Koebenhavn
H1474,55.683124,12.573457,1600,True,simulated_from_model_type,1474,"A-60, 100 mm",6100_Brandhaner__Koebenhavn
H1475,55.6836,12.57696,600,True,simulated_from_model_type,1475,"KV, 50 mm",6100_Brandhaner__Koebenhavn
H1476,55.680366,12.563885,1600,True,simulated_from_model_type,1476,"A-60, 100 mm",6100_Brandhaner__Koebenhavn
H1477,55.681285,12.564572,1600,True,simulated_from_model_type,1477,"A-60, 100 mm",6100_Brandhaner__Koebenhavn
H1478,55.695908,12.572911,1600,True,simulated_from_model_type,1478,"A-60, 100 mm",6100_Brandhaner__Koebenhavn
H1479,55.682043,12.565139,1600,True,simulated_from_model_type,1479,"A-60, 100 mm",6100_Brandhaner__Koebenhavn
H1480,55.682762,12.565714,1600,True,simulated_from_model_type,1480,"A-60, 100 mm",6100_Brandhaner__Koebenhavn
H1481,55.683506,12.56639,1600,True,simulated_from_model_type,1481,"A-60, 100 mm",6100_Brandhaner__Koebenhavn
H1482,55.68323,12.571027,1600,True,simulated_from_model_type,1482,"A-60, 100 mm",6100_Brandhaner__Koebenhavn
H1483,55.683796,12.571964,1600,True,simulated_from_model_type,1483,"A-60, 100 mm",6100_Brandhaner__Koebenhavn
H1484,55.682434,12.569901,1600,True,simulated_from_model_type,1484,"A-60, 100 mm",6100_Brandhaner__Koebenhavn
H1485,55.685262,12.570592,1600,True,simulated_from_model_type,1485,"A-60, 100 mm",6100_Brandhaner__Koebenhavn
H1486,55.680952,12.561214,1600,True,simulated_from_model_type,1486,"A-60, 100 mm",6100_Brandhaner__Koebenhavn
H1487,55.701241,12.55047,2000,True,simulated_from_model_type,1487,"KVF, 110 mm",6100_Brandhaner__Koebenhavn
H1488,55.700575,12.549302,2000,True,simulated_from_model_type,1488,"KVF, 110 mm",6100_Brandhaner__Koebenhavn
H1489,55.684725,12.567753,1600,True,simulated_from_model_type,1489,"A-60, 100 mm",6100_Brandhaner__Koebenhavn
H1490,55.664621,12.565228,1600,True,simulated_from_model_type,1490,"KV 1916, 100 mm",6100_Brandhaner__Koebenhavn
H1491,55.662952,12.550124,1600,True,simulated_from_model_type,1491,"KV 1916, 100 mm",6100_Brandhaner__Koebenhavn
H1492,55.713773,12.597809,1600,True,simulated_from_model_type,1492,"KV 1916, 100 mm",6100_Brandhaner__Koebenhavn
H1493,55.682594,12.569017,800,True,simulated_from_model_type,1493,"KV, unset",6100_Brandhaner__Koebenhavn
H1494,55.683681,12.570348,1600,True,simulated_from_model_type,1494,"A-60, 100 mm",6100_Brandhaner__Koebenhavn
H1495,55.684614,12.571494,1600,True,simulated_from_model_type,1495,"A-60, 100 mm",6100_Brandhaner__Koebenhavn
H1496,55.683125,12.569666,1600,True,simulated_from_model_type,1496,"A-60, 100 mm",6100_Brandhaner__Koebenhavn
H1497,55.695523,12.508429,1600,True,simulated_from_model_type,1497,"A-60, 100 mm",6100_Brandhaner__Koebenhavn
H1498,55.658577,12.489624,1600,True,simulated_from_model_type,1498,"A-60, 100 mm",6100_Brandhaner__Koebenhavn
H1499,55.708012,12.558948,1600,True,simulated_from_model_type,1499,"A-60, 100 mm",6100_Brandhaner__Koebenhavn
H1500,55.703403,12.536428,800,True,simulated_from_model_type,1500,"unset, unset",6100_Brandhaner__Koebenhavn
H1501,55.697762,12.539514,1600,True,simulated_from_model_type,1501,"A-60, 100 mm",6100_Brandhaner__Koebenhavn
H1502,55.652735,12.516679,800,True,simulated_from_model_type,1502,"unset, unset",6100_Brandhaner__Koebenhavn
H1503,55.686139,12.494559,2000,True,simulated_from_model_type,1503,"KWH, 110 mm",6100_Brandhaner__Koebenhavn
H1504,55.683843,12.568066,1600,True,simulated_from_model_type,1504,"A-60, 100 mm",6100_Brandhaner__Koebenhavn
H1505,55.684251,12.568996,1600,True,simulated_from_model_type,1505,"A-60, 100 mm",6100_Brandhaner__Koebenhavn
H1506,55.683102,12.567582,1600,True,simulated_from_model_type,1506,"A-60, 100 mm",6100_Brandhaner__Koebenhavn
H1507,55.681638,12.563315,1600,True,simulated_from_model_type,1507,"A-60, 100 mm",6100_Brandhaner__Koebenhavn
H1508,55.684335,12.566908,1600,True,simulated_from_model_type,1508,"A-60, 100 mm",6100_Brandhaner__Koebenhavn
H1509,55.703472,12.555508,2000,True,simulated_from_model_type,1509,"KVF, 110 mm",6100_Brandhaner__Koebenhavn
H1510,55.703486,12.553921,800,True,simulated_from_model_type,1510,"unset, unset",6100_Brandhaner__Koebenhavn
H1511,55.702544,12.54936,2000,True,simulated_from_model_type,1511,"KVF, 110 mm",6100_Brandhaner__Koebenhavn
H1512,55.704372,12.551549,2000,True,simulated_from_model_type,1512,"KVF, 110 mm",6100_Brandhaner__Koebenhavn
H1513,55.68339,12.562914,1600,True,simulated_from_model_type,1513,"A-60, 100 mm",6100_Brandhaner__Koebenhavn
H1514,55.682981,12.564255,800,True,simulated_from_model_type,1514,"KV, unset",6100_Brandhaner__Koebenhavn
H1515,55.672468,12.479292,800,True,simulated_from_model_type,1515,"unset, unset",6100_Brandhaner__Koebenhavn
H1516,55.680351,12.562938,1600,True,simulated_from_model_type,1516,"A-60, 100 mm",6100_Brandhaner__Koebenhavn
H1517,55.686309,12.566598,1600,True,simulated_from_model_type,1517,"A-60, 100 mm",6100_Brandhaner__Koebenhavn
H1518,55.685983,12.567839,1600,True,simulated_from_model_type,1518,"A-60, 100 mm",6100_Brandhaner__Koebenhavn
H1519,55.684897,12.56422,1600,True,simulated_from_model_type,1519,"A-60, 100 mm",6100_Brandhaner__Koebenhavn
H1520,55.684052,12.563431,1600,True,simulated_from_model_type,1520,"A-60, 100 mm",6100_Brandhaner__Koebenhavn
H1521,55.680959,12.562259,1600,True,simulated_from_model_type,1521,"A-60, 100 mm",6100_Brandhaner__Koebenhavn
H1522,55.682249,12.563778,1600,True,simulated_from_model_type,1522,"A-60, 100 mm",6100_Brandhaner__Koebenhavn
H1523,55.700015,12.546928,2000,True,simulated_from_model_type,1523,"KVF, 110 mm",6100_Brandhaner__Koebenhavn
H1524,55.685732,12.492138,2000,True,simulated_from_model_type,1524,"KWH, 110 mm",6100_Brandhaner__Koebenhavn
H1525,55.68543,12.491082,2000,True,simulated_from_model_type,1525,"KWH, 110 mm",6100_Brandhaner__Koebenhavn
H1526,55.706481,12.535477,1600,True,simulated_from_model_type,1526,"A-60, 100 mm",6100_Brandhaner__Koebenhavn
H1527,55.697306,12.553182,2000,True,simulated_from_model_type,1527,"KVF, 110 mm",6100_Brandhaner__Koebenhavn
H1528,55.698359,12.553148,2000,True,simulated_from_model_type,1528,"KVF, 110 mm",6100_Brandhaner__Koebenhavn
H1529,55.702483,12.553445,2000,True,simulated_from_model_type,1529,"KVF, 110 mm",6100_Brandhaner__Koebenhavn
H1530,55.698748,12.542861,2000,True,simulated_from_model_type,1530,"KVF, 110 mm",6100_Brandhaner__Koebenhavn
H1531,55.688161,12.484551,2000,True,simulated_from_model_type,1531,"KWH, 110 mm",6100_Brandhaner__Koebenhavn
H1532,55.687918,12.48243,2000,True,simulated_from_model_type,1532,"KWH, 110 mm",6100_Brandhaner__Koebenhavn
H1533,55.682776,12.562229,1600,True,simulated_from_model_type,1533,"A-60, 100 mm",6100_Brandhaner__Koebenhavn
H1534,55.68457,12.569676,1600,True,simulated_from_model_type,1534,"A-60, 100 mm",6100_Brandhaner__Koebenhavn
H1535,55.679708,12.586745,1600,True,simulated_from_model_type,1535,"KV 1916, 100 mm",6100_Brandhaner__Koebenhavn
H1536,55.706573,12.541122,800,True,simulated_from_model_type,1536,"A-60, unset",6100_Brandhaner__Koebenhavn
H1537,55.684563,12.492758,2000,True,simulated_from_model_type,1537,"KWH, 110 mm",6100_Brandhaner__Koebenhavn
H1538,55.684558,12.494476,2000,True,simulated_from_model_type,1538,"KWH, 110 mm",6100_Brandhaner__Koebenhavn
H1539,55.699779,12.553123,2000,True,simulated_from_model_type,1539,"KVF, 110 mm",6100_Brandhaner__Koebenhavn
H1540,55.700519,12.552558,2000,True,simulated_from_model_type,1540,"KVF, 110 mm",6100_Brandhaner__Koebenhavn
H1541,55.701297,12.551517,2000,True,simulated_from_model_type,1541,"KVF, 110 mm",6100_Brandhaner__Koebenhavn
H1543,55.685831,12.497368,2000,True,simulated_from_model_type,1543,"KWH, 110 mm",6100_Brandhaner__Koebenhavn
H1544,55.666627,12.520258,800,True,simulated_from_model_type,1544,"unset, unset",6100_Brandhaner__Koebenhavn
H1545,55.684021,12.488942,2000,True,simulated_from_model_type,1545,"KWH, 110 mm",6100_Brandhaner__Koebenhavn
H1546,55.683096,12.489682,2000,True,simulated_from_model_type,1546,"KWH, 110 mm",6100_Brandhaner__Koebenhavn
H1547,55.684088,12.485118,2000,True,simulated_from_model_type,1547,"KWH, 110 mm",6100_Brandhaner__Koebenhavn
H1548,55.684475,12.486952,2000,True,simulated_from_model_type,1548,"KWH, 110 mm",6100_Brandhaner__Koebenhavn
H1549,55.685112,12.567157,2000,True,simulated_from_model_type,1549,"KV, 110 mm",6100_Brandhaner__Koebenhavn
H1550,55.685936,12.56612,2000,True,simulated_from_model_type,1550,"KV, 110 mm",6100_Brandhaner__Koebenhavn
H1551,55.68413,12.565994,2000,True,simulated_from_model_type,1551,"KV, 110 mm",6100_Brandhaner__Koebenhavn
H1552,55.699227,12.549441,2000,True,simulated_from_model_type,1552,"KV, 110 mm",6100_Brandhaner__Koebenhavn
H1553,55.69833,12.548619,2000,True,simulated_from_model_type,1553,"KV, 110 mm",6100_Brandhaner__Koebenhavn
H1554,55.702198,12.546133,2000,True,simulated_from_model_type,1554,"KV, 110 mm",6100_Brandhaner__Koebenhavn
H1555,55.681885,12.561391,2000,True,simulated_from_model_type,1555,"KV, 110 mm",6100_Brandhaner__Koebenhavn
H1556,55.668394,12.54561,2000,True,simulated_from_model_type,1556,"KV, 110 mm",6100_Brandhaner__Koebenhavn
H1557,55.667716,12.545755,2000,True,simulated_from_model_type,1557,"KV, 110 mm",6100_Brandhaner__Koebenhavn
H1558,55.697505,12.549104,2000,True,simulated_from_model_type,1558,"KV, 110 mm",6100_Brandhaner__Koebenhavn
H1559,55.695703,12.547111,2000,True,simulated_from_model_type,1559,"KV, 110 mm",6100_Brandhaner__Koebenhavn
H1560,55.66904,12.546842,2000,True,simulated_from_model_type,1560,"KV, 110 mm",6100_Brandhaner__Koebenhavn
H1561,55.66819,12.547021,2000,True,simulated_from_model_type,1561,"KV, 110 mm",6100_Brandhaner__Koebenhavn
H1562,55.712606,12.544698,1600,True,simulated_from_model_type,1562,"A-60, 100 mm",6100_Brandhaner__Koebenhavn
H1563,55.699831,12.549083,2000,True,simulated_from_model_type,1563,"KVF, 110 mm",6100_Brandhaner__Koebenhavn
H1564,55.700376,12.531879,2000,True,simulated_from_model_type,1564,"KV, 110 mm",6100_Brandhaner__Koebenhavn
H1565,55.699451,12.593342,800,True,simulated_from_model_type,1565,"unset, unset",6100_Brandhaner__Koebenhavn
H1566,55.646977,12.548594,800,True,simulated_from_model_type,1566,"unset, unset",6100_Brandhaner__Koebenhavn
H1567,55.646335,12.550359,800,True,simulated_from_model_type,1567,"unset, unset",6100_Brandhaner__Koebenhavn
H1568,55.710662,12.481025,800,True,simulated_from_model_type,1568,"unset, unset",6100_Brandhaner__Koebenhavn
H1569,55.702545,12.530968,2000,True,simulated_from_model_type,1569,"KV, 110 mm",6100_Brandhaner__Koebenhavn
H1570,55.701774,12.531888,2000,True,simulated_from_model_type,1570,"KV, 110 mm",6100_Brandhaner__Koebenhavn
H1571,55.70092,12.530934,2000,True,simulated_from_model_type,1571,"KV, 110 mm",6100_Brandhaner__Koebenhavn
H1572,55.678373,12.587533,1600,True,simulated_from_model_type,1572,"A-60, 100 mm",6100_Brandhaner__Koebenhavn
H1573,55.65375,12.510664,1600,True,simulated_from_model_type,1573,"A-60, 100 mm",6100_Brandhaner__Koebenhavn
H1574,55.686444,12.55447,1600,True,simulated_from_model_type,1574,"A-60, 100 mm",6100_Brandhaner__Koebenhavn
H1575,55.669255,12.545137,2000,True,simulated_from_model_type,1575,"KV, 110 mm",6100_Brandhaner__Koebenhavn
H1576,55.670029,12.545577,2000,True,simulated_from_model_type,1576,"KV, 110 mm",6100_Brandhaner__Koebenhavn
H1577,55.670984,12.545954,2000,True,simulated_from_model_type,1577,"KV, 110 mm",6100_Brandhaner__Koebenhavn
H1578,55.669578,12.546344,2000,True,simulated_from_model_type,1578,"KV, 110 mm",6100_Brandhaner__Koebenhavn
H1579,55.669671,12.547985,2000,True,simulated_from_model_type,1579,"KV, 110 mm",6100_Brandhaner__Koebenhavn
H1580,55.645649,12.522784,800,True,simulated_from_model_type,1580,"unset, unset",6100_Brandhaner__Koebenhavn
H1581,55.661973,12.537978,800,True,simulated_from_model_type,1581,"unset, unset",6100_Brandhaner__Koebenhavn
H1582,55.72455,12.539709,800,True,simulated_from_model_type,1582,"Privat, unset",6100_Brandhaner__Koebenhavn
H1583,55.724016,12.541024,800,True,simulated_from_model_type,1583,"Privat, unset",6100_Brandhaner__Koebenhavn
H1584,55.709853,12.552963,800,True,simulated_from_model_type,1584,"unset, unset",6100_Brandhaner__Koebenhavn
H1585,55.664947,12.548945,800,True,simulated_from_model_type,1585,"unset, unset",6100_Brandhaner__Koebenhavn
H1586,55.692043,12.552792,800,True,simulated_from_model_type,1586,"unset, unset",6100_Brandhaner__Koebenhavn
H1587,55.70809,12.541037,800,True,simulated_from_model_type,1587,"unset, unset",6100_Brandhaner__Koebenhavn
H1588,55.662069,12.565408,800,True,simulated_from_model_type,1588,"unset, unset",6100_Brandhaner__Koebenhavn
H1589,55.700126,12.556022,800,True,simulated_from_model_type,1589,"Allerhuset, unset",6100_Brandhaner__Koebenhavn
H1590,55.700147,12.530183,800,True,simulated_from_model_type,1590,"unset, unset",6100_Brandhaner__Koebenhavn
H1591,55.672914,12.547156,1600,True,simulated_from_model_type,1591,"KV, 100 mm",6100_Brandhaner__Koebenhavn
H1592,55.672988,12.548418,1600,True,simulated_from_model_type,1592,"KV, 100 mm",6100_Brandhaner__Koebenhavn
H1593,55.671887,12.546537,2000,True,simulated_from_model_type,1593,"KV, 110 mm",6100_Brandhaner__Koebenhavn
H1594,55.672533,12.549146,1600,True,simulated_from_model_type,1594,"KV, 100 mm",6100_Brandhaner__Koebenhavn
H1595,55.66518,12.509709,800,True,simulated_from_model_type,1595,"unset, unset",6100_Brandhaner__Koebenhavn
H1596,55.664164,12.510194,800,True,simulated_from_model_type,1596,"unset, unset",6100_Brandhaner__Koebenhavn
H1597,55.664764,12.511746,800,True,simulated_from_model_type,1597,"unset, unset",6100_Brandhaner__Koebenhavn
H1598,55.69891,12.534183,2000,True,simulated_from_model_type,1598,"KV, 110 mm",6100_Brandhaner__Koebenhavn
H1599,55.699775,12.534744,2000,True,simulated_from_model_type,1599,"KV, 110 mm",6100_Brandhaner__Koebenhavn
H1600,55.698481,12.532378,2000,True,simulated_from_model_type,1600,"KV, 110 mm",6100_Brandhaner__Koebenhavn
H1601,55.672101,12.545059,2000,True,simulated_from_model_type,1601,"KV, 110 mm",6100_Brandhaner__Koebenhavn
H1605,55.672493,12.54617,2000,True,simulated_from_model_type,1605,"KV, 110 mm",6100_Brandhaner__Koebenhavn
H1606,55.67128,12.552508,2000,True,simulated_from_model_type,1606,"KV, 110 mm",6100_Brandhaner__Koebenhavn
H1607,55.670487,12.552638,2000,True,simulated_from_model_type,1607,"KV, 110 mm",6100_Brandhaner__Koebenhavn
H1608,55.706119,12.536804,2000,True,simulated_from_model_type,1608,"KV, 110 mm",6100_Brandhaner__Koebenhavn
H1609,55.700723,12.537292,2000,True,simulated_from_model_type,1609,"KV, 110 mm",6100_Brandhaner__Koebenhavn
H1610,55.671382,12.551746,2000,True,simulated_from_model_type,1610,"KV, 110 mm",6100_Brandhaner__Koebenhavn
H1611,55.67075,12.551819,2000,True,simulated_from_model_type,1611,"KV, 110 mm",6100_Brandhaner__Koebenhavn
H1612,55.669978,12.551909,2000,True,simulated_from_model_type,1612,"KV, 110 mm",6100_Brandhaner__Koebenhavn
H1613,55.669655,12.549999,2000,True,simulated_from_model_type,1613,"KV, 110 mm",6100_Brandhaner__Koebenhavn
H1614,55.668785,12.550062,2000,True,simulated_from_model_type,1614,"KV, 110 mm",6100_Brandhaner__Koebenhavn
H1615,55.672486,12.550633,2000,True,simulated_from_model_type,1615,"KV, 110 mm",6100_Brandhaner__Koebenhavn
H1616,55.671681,12.550766,2000,True,simulated_from_model_type,1616,"KV, 110 mm",6100_Brandhaner__Koebenhavn
H1617,55.657244,12.511183,2000,True,simulated_from_model_type,1617,"KWH, 110 mm",6100_Brandhaner__Koebenhavn
H1618,55.655967,12.510225,2000,True,simulated_from_model_type,1618,"KWH, 110 mm",6100_Brandhaner__Koebenhavn
H1619,55.657809,12.51001,2000,True,simulated_from_model_type,1619,"KWH, 110 mm",6100_Brandhaner__Koebenhavn
H1620,55.656978,12.509174,2000,True,simulated_from_model_type,1620,"KWH, 110 mm",6100_Brandhaner__Koebenhavn
H1621,55.657392,12.509427,2000,True,simulated_from_model_type,1621,"KWH, 110 mm",6100_Brandhaner__Koebenhavn
H1622,55.658029,12.511428,2000,True,simulated_from_model_type,1622,"KWH, 110 mm",6100_Brandhaner__Koebenhavn
H1623,55.656427,12.510847,2000,True,simulated_from_model_type,1623,"KWH, 110 mm",6100_Brandhaner__Koebenhavn
H1624,55.716168,12.464724,800,True,simulated_from_model_type,1624,"unset, unset",6100_Brandhaner__Koebenhavn
H1625,55.665623,12.566074,2000,True,simulated_from_model_type,1625,"KV, 110 mm",6100_Brandhaner__Koebenhavn
H1626,55.701993,12.523688,2000,True,simulated_from_model_type,1626,"KV, 110 mm",6100_Brandhaner__Koebenhavn
H1627,55.701081,12.524766,2000,True,simulated_from_model_type,1627,"KV, 110 mm",6100_Brandhaner__Koebenhavn
H1628,55.701159,12.520844,2000,True,simulated_from_model_type,1628,"KV, 110 mm",6100_Brandhaner__Koebenhavn
H1629,55.701585,12.522073,2000,True,simulated_from_model_type,1629,"KV, 110 mm",6100_Brandhaner__Koebenhavn
H1630,55.687789,12.555103,2000,True,simulated_from_model_type,1630,"KV, 110 mm",6100_Brandhaner__Koebenhavn
H1631,55.64721,12.54971,2000,True,simulated_from_model_type,1631,"KV, 110 mm",6100_Brandhaner__Koebenhavn
H1632,55.701805,12.527594,2000,True,simulated_from_model_type,1632,"KV, 110 mm",6100_Brandhaner__Koebenhavn
H1633,55.700845,12.526477,2000,True,simulated_from_model_type,1633,"KV, 110 mm",6100_Brandhaner__Koebenhavn
H1634,55.668403,12.547913,2000,True,simulated_from_model_type,1634,"KV, 110 mm",6100_Brandhaner__Koebenhavn
H1635,55.671824,12.549231,2000,True,simulated_from_model_type,1635,"KV, 110 mm",6100_Brandhaner__Koebenhavn
H1636,55.669796,12.551289,2000,True,simulated_from_model_type,1636,"KV, 110 mm",6100_Brandhaner__Koebenhavn
H1637,55.668523,12.548848,2000,True,simulated_from_model_type,1637,"KV, 110 mm",6100_Brandhaner__Koebenhavn
H1638,55.67116,12.54841,2000,True,simulated_from_model_type,1638,"KV, 110 mm",6100_Brandhaner__Koebenhavn
H1639,55.672044,12.548247,2000,True,simulated_from_model_type,1639,"KV, 110 mm",6100_Brandhaner__Koebenhavn
H1640,55.701124,12.556248,2000,True,simulated_from_model_type,1640,"KV, 110 mm",6100_Brandhaner__Koebenhavn
H1641,55.677507,12.574773,1600,True,simulated_from_model_type,1641,"A-60, 100 mm",6100_Brandhaner__Koebenhavn
H1642,55.717918,12.588589,800,True,simulated_from_model_type,1642,"unset, unset",6100_Brandhaner__Koebenhavn
H1643,55.718031,12.588001,800,True,simulated_from_model_type,1643,"unset, unset",6100_Brandhaner__Koebenhavn
H1644,55.718307,12.591015,800,True,simulated_from_model_type,1644,"unset, unset",6100_Brandhaner__Koebenhavn
H1645,55.718057,12.590081,800,True,simulated_from_model_type,1645,"unset, unset",6100_Brandhaner__Koebenhavn
H1646,55.71851,12.591429,800,True,simulated_from_model_type,1646,"unset, unset",6100_Brandhaner__Koebenhavn
H1647,55.657786,12.513411,2000,True,simulated_from_model_type,1647,"KWH, 110 mm",6100_Brandhaner__Koebenhavn
H1648,55.670859,12.542412,2000,True,simulated_from_model_type,1648,"KV, 110 mm",6100_Brandhaner__Koebenhavn
H1649,55.671484,12.544895,2000,True,simulated_from_model_type,1649,"KV, 110 mm",6100_Brandhaner__Koebenhavn
H1650,55.68206,12.588844,1600,True,simulated_from_model_type,1650,"A-60, 100 mm",6100_Brandhaner__Koebenhavn
H1651,55.702638,12.533534,2000,True,simulated_from_model_type,1651,"KV, 110 mm",6100_Brandhaner__Koebenhavn
H1652,55.703727,12.53302,2000,True,simulated_from_model_type,1652,"KV, 110 mm",6100_Brandhaner__Koebenhavn
H1653,55.693935,12.591914,2000,True,simulated_from_model_type,1653,"KV, 110 mm",6100_Brandhaner__Koebenhavn
H1654,55.693165,12.59071,2000,True,simulated_from_model_type,1654,"KV, 110 mm",6100_Brandhaner__Koebenhavn
H1655,55.696876,12.590078,2000,True,simulated_from_model_type,1655,"KV, 110 mm",6100_Brandhaner__Koebenhavn
H1656,55.669983,12.539527,2000,True,simulated_from_model_type,1656,"KV, 110 mm",6100_Brandhaner__Koebenhavn
H1657,55.692291,12.589764,2000,True,simulated_from_model_type,1657,"KV, 110 mm",6100_Brandhaner__Koebenhavn
H1658,55.691653,12.588723,2000,True,simulated_from_model_type,1658,"KV, 110 mm",6100_Brandhaner__Koebenhavn
H1659,55.703238,12.531914,2000,True,simulated_from_model_type,1659,"KV, 110 mm",6100_Brandhaner__Koebenhavn
H1660,55.656888,12.550668,800,True,simulated_from_model_type,1660,"unset, unset",6100_Brandhaner__Koebenhavn
H1661,55.657232,12.553096,1600,True,simulated_from_model_type,1661,"unset, 100 mm",6100_Brandhaner__Koebenhavn
H1662,55.669876,12.559027,1600,True,simulated_from_model_type,1662,"unset, 100 mm",6100_Brandhaner__Koebenhavn
H1663,55.670399,12.557771,1600,True,simulated_from_model_type,1663,"unset, 100 mm",6100_Brandhaner__Koebenhavn
H1664,55.669056,12.557333,1600,True,simulated_from_model_type,1664,"unset, 100 mm",6100_Brandhaner__Koebenhavn
H1665,55.66954,12.556831,1600,True,simulated_from_model_type,1665,"unset, 100 mm",6100_Brandhaner__Koebenhavn
H1666,55.670199,12.556158,1600,True,simulated_from_model_type,1666,"unset, 100 mm",6100_Brandhaner__Koebenhavn
H1667,55.668969,12.555806,1600,True,simulated_from_model_type,1667,"unset, 100 mm",6100_Brandhaner__Koebenhavn
H1668,55.669685,12.558255,1600,True,simulated_from_model_type,1668,"unset, 100 mm",6100_Brandhaner__Koebenhavn
H1669,55.66707,12.555483,1600,True,simulated_from_model_type,1669,"unset, 100 mm",6100_Brandhaner__Koebenhavn
H1670,55.667187,12.556506,1600,True,simulated_from_model_type,1670,"unset, 100 mm",6100_Brandhaner__Koebenhavn
H1671,55.659454,12.556851,1600,True,simulated_from_model_type,1671,"unset, 100 mm",6100_Brandhaner__Koebenhavn
H1672,55.658018,12.537798,800,True,simulated_from_model_type,1672,"unset, unset",6100_Brandhaner__Koebenhavn
H1673,55.656928,12.536095,800,True,simulated_from_model_type,1673,"unset, unset",6100_Brandhaner__Koebenhavn
H1674,55.657244,12.537957,800,True,simulated_from_model_type,1674,"unset, unset",6100_Brandhaner__Koebenhavn
H1675,55.65643,12.537821,800,True,simulated_from_model_type,1675,"unset, unset",6100_Brandhaner__Koebenhavn
H1676,55.657456,12.538347,800,True,simulated_from_model_type,1676,"unset, unset",6100_Brandhaner__Koebenhavn
H1677,55.657859,12.536124,800,True,simulated_from_model_type,1677,"unset, unset",6100_Brandhaner__Koebenhavn
H1678,55.65852,12.536221,800,True,simulated_from_model_type,1678,"unset, unset",6100_Brandhaner__Koebenhavn
H1679,55.658614,12.539004,800,True,simulated_from_model_type,1679,"unset, unset",6100_Brandhaner__Koebenhavn
H1680,55.66606,12.555759,1600,True,simulated_from_model_type,1680,"unset, 100 mm",6100_Brandhaner__Koebenhavn
H1681,55.665472,12.555345,1600,True,simulated_from_model_type,1681,"unset, 100 mm",6100_Brandhaner__Koebenhavn
H1682,55.665119,12.556583,1600,True,simulated_from_model_type,1682,"unset, 100 mm",6100_Brandhaner__Koebenhavn
H1683,55.665356,12.557509,1600,True,simulated_from_model_type,1683,"unset, 100 mm",6100_Brandhaner__Koebenhavn
H1684,55.666252,12.557357,1600,True,simulated_from_model_type,1684,"unset, 100 mm",6100_Brandhaner__Koebenhavn
H1685,55.666372,12.556124,1600,True,simulated_from_model_type,1685,"unset, 100 mm",6100_Brandhaner__Koebenhavn
H1686,55.672688,12.557778,1600,True,simulated_from_model_type,1686,"unset, 100 mm",6100_Brandhaner__Koebenhavn
H1687,55.67196,12.556141,1600,True,simulated_from_model_type,1687,"unset, 100 mm",6100_Brandhaner__Koebenhavn
H1688,55.671021,12.556857,1600,True,simulated_from_model_type,1688,"unset, 100 mm",6100_Brandhaner__Koebenhavn
H1689,55.671388,12.558143,1600,True,simulated_from_model_type,1689,"unset, 100 mm",6100_Brandhaner__Koebenhavn
H1690,55.67204,12.557509,1600,True,simulated_from_model_type,1690,"unset, 100 mm",6100_Brandhaner__Koebenhavn
H1691,55.658524,12.533979,800,True,simulated_from_model_type,1691,"unset, unset",6100_Brandhaner__Koebenhavn
H1692,55.657251,12.534731,800,True,simulated_from_model_type,1692,"unset, unset",6100_Brandhaner__Koebenhavn
H1693,55.673314,12.556898,1600,True,simulated_from_model_type,1693,"unset, 100 mm",6100_Brandhaner__Koebenhavn
H1694,55.671622,12.568148,1600,True,simulated_from_model_type,1694,"unset, 100 mm",6100_Brandhaner__Koebenhavn
H1695,55.672087,12.569416,1600,True,simulated_from_model_type,1695,"unset, 100 mm",6100_Brandhaner__Koebenhavn
H1696,55.671507,12.559336,1600,True,simulated_from_model_type,1696,"unset, 100 mm",6100_Brandhaner__Koebenhavn
H1697,55.670935,12.559235,1600,True,simulated_from_model_type,1697,"unset, 100 mm",6100_Brandhaner__Koebenhavn
H1698,55.672963,12.56659,1600,True,simulated_from_model_type,1698,"unset, 100 mm",6100_Brandhaner__Koebenhavn
H1699,55.673633,12.565871,1600,True,simulated_from_model_type,1699,"unset, 100 mm",6100_Brandhaner__Koebenhavn
H1700,55.670495,12.559074,1600,True,simulated_from_model_type,1700,"unset, 100 mm",6100_Brandhaner__Koebenhavn
H1701,55.673629,12.565134,1600,True,simulated_from_model_type,1701,"unset, 100 mm",6100_Brandhaner__Koebenhavn
H1702,55.67064,12.564973,1600,True,simulated_from_model_type,1702,"unset, 100 mm",6100_Brandhaner__Koebenhavn
H1703,55.668163,12.556424,1600,True,simulated_from_model_type,1703,"unset, 100 mm",6100_Brandhaner__Koebenhavn
H1704,55.664592,12.557067,1600,True,simulated_from_model_type,1704,"unset, 100 mm",6100_Brandhaner__Koebenhavn
H1705,55.672968,12.567659,1600,True,simulated_from_model_type,1705,"unset, 100 mm",6100_Brandhaner__Koebenhavn
H1706,55.673325,12.56879,1600,True,simulated_from_model_type,1706,"unset, 100 mm",6100_Brandhaner__Koebenhavn
H1707,55.656589,12.557785,1600,True,simulated_from_model_type,1707,"unset, 100 mm",6100_Brandhaner__Koebenhavn
H1708,55.656656,12.558206,1600,True,simulated_from_model_type,1708,"unset, 100 mm",6100_Brandhaner__Koebenhavn
H1709,55.65645,12.549289,800,True,simulated_from_model_type,1709,"unset, unset",6100_Brandhaner__Koebenhavn
H1710,55.704112,12.530729,2000,True,simulated_from_model_type,1710,"KV, 110 mm",6100_Brandhaner__Koebenhavn
H1711,55.705139,12.527865,2000,True,simulated_from_model_type,1711,"KV, 110 mm",6100_Brandhaner__Koebenhavn
H1712,55.704441,12.529191,800,True,simulated_from_model_type,1712,"KWH, unset",6100_Brandhaner__Koebenhavn
H1713,55.701682,12.572209,2000,True,simulated_from_model_type,1713,"KV, 110 mm",6100_Brandhaner__Koebenhavn
H1714,55.700709,12.574002,2000,True,simulated_from_model_type,1714,"KV, 110 mm",6100_Brandhaner__Koebenhavn
H1715,55.702434,12.520262,2000,True,simulated_from_model_type,1715,"KV, 110 mm",6100_Brandhaner__Koebenhavn
H1716,55.703143,12.520657,2000,True,simulated_from_model_type,1716,"KV, 110 mm",6100_Brandhaner__Koebenhavn
H1717,55.699427,12.576397,2000,True,simulated_from_model_type,1717,"KV, 110 mm",6100_Brandhaner__Koebenhavn
H1718,55.704775,12.525647,2000,True,simulated_from_model_type,1718,"KV, 110 mm",6100_Brandhaner__Koebenhavn
H1719,55.705294,12.524131,2000,True,simulated_from_model_type,1719,"KV, 110 mm",6100_Brandhaner__Koebenhavn
H1720,55.702483,12.536472,2000,True,simulated_from_model_type,1720,"KV, 110 mm",6100_Brandhaner__Koebenhavn
H1721,55.705584,12.526732,2000,True,simulated_from_model_type,1721,"KV, 110 mm",6100_Brandhaner__Koebenhavn
H1722,55.706113,12.52531,2000,True,simulated_from_model_type,1722,"KV, 110 mm",6100_Brandhaner__Koebenhavn
H1723,55.677875,12.560743,2000,True,simulated_from_model_type,1723,"KV, 110 mm",6100_Brandhaner__Koebenhavn
H1724,55.67764,12.559727,2000,True,simulated_from_model_type,1724,"KV, 110 mm",6100_Brandhaner__Koebenhavn
H1729,55.702725,12.535017,2000,True,simulated_from_model_type,1729,"KV, 110 mm",6100_Brandhaner__Koebenhavn
H1730,55.708808,12.482159,800,True,simulated_from_model_type,1730,"Hawle, unset",6100_Brandhaner__Koebenhavn
H1731,55.709322,12.589998,2000,True,simulated_from_model_type,1731,"KV, 110 mm",6100_Brandhaner__Koebenhavn
H1732,55.699386,12.537471,2000,True,simulated_from_model_type,1732,"KV, 110 mm",6100_Brandhaner__Koebenhavn
H1733,55.668891,12.539901,2000,True,simulated_from_model_type,1733,"KV, 110 mm",6100_Brandhaner__Koebenhavn
H1734,55.703484,12.525345,800,True,simulated_from_model_type,1734,"unset, unset",6100_Brandhaner__Koebenhavn
H1735,55.704233,12.532451,2000,True,simulated_from_model_type,1735,"KV, 110 mm",6100_Brandhaner__Koebenhavn
H1736,55.705104,12.532036,2000,True,simulated_from_model_type,1736,"KV, 110 mm",6100_Brandhaner__Koebenhavn
H1737,55.702434,12.532082,2000,True,simulated_from_model_type,1737,"KV, 110 mm",6100_Brandhaner__Koebenhavn
H1738,55.668012,12.539887,2000,True,simulated_from_model_type,1738,"KV, 110 mm",6100_Brandhaner__Koebenhavn
H1739,55.66717,12.539443,2000,True,simulated_from_model_type,1739,"KV, 110 mm",6100_Brandhaner__Koebenhavn
H1740,55.668867,12.551233,2000,True,simulated_from_model_type,1740,"KV, 110 mm",6100_Brandhaner__Koebenhavn
H1741,55.668695,12.538307,2000,True,simulated_from_model_type,1741,"KV, 110 mm",6100_Brandhaner__Koebenhavn
H1742,55.668415,12.537228,2000,True,simulated_from_model_type,1742,"KV, 110 mm",6100_Brandhaner__Koebenhavn
H1743,55.668241,12.5395,2000,True,simulated_from_model_type,1743,"KV, 110 mm",6100_Brandhaner__Koebenhavn
H1744,55.667779,12.53773,2000,True,simulated_from_model_type,1744,"KV, 110 mm",6100_Brandhaner__Koebenhavn
H1745,55.669083,12.540388,2000,True,simulated_from_model_type,1745,"KV, 110 mm",6100_Brandhaner__Koebenhavn
H1746,55.664314,12.538814,2000,True,simulated_from_model_type,1746,"KV, 110 mm",6100_Brandhaner__Koebenhavn
H1747,55.644402,12.531281,800,True,simulated_from_model_type,1747,"unset, unset",6100_Brandhaner__Koebenhavn
H1748,55.643413,12.531478,800,True,simulated_from_model_type,1748,"unset, unset",6100_Brandhaner__Koebenhavn
H1749,55.681709,12.486818,800,True,simulated_from_model_type,1749,"A-60, unset",6100_Brandhaner__Koebenhavn
H1750,55.671969,12.561145,800,True,simulated_from_model_type,1750,"A-60, unset",6100_Brandhaner__Koebenhavn
H1751,55.65639,12.487536,800,True,simulated_from_model_type,1751,"A-60, unset",6100_Brandhaner__Koebenhavn
H1752,55.68888,12.586153,800,True,simulated_from_model_type,1752,"A-60, unset",6100_Brandhaner__Koebenhavn
H1753,55.712312,12.474847,800,True,simulated_from_model_type,1753,"A-60, unset",6100_Brandhaner__Koebenhavn
H1754,55.706268,12.505711,800,True,simulated_from_model_type,1754,"unset, unset",6100_Brandhaner__Koebenhavn
H1755,55.704608,12.500534,800,True,simulated_from_model_type,1755,"Hawle, unset",6100_Brandhaner__Koebenhavn
H1756,55.650921,12.547831,800,True,simulated_from_model_type,1756,"unset, unset",6100_Brandhaner__Koebenhavn
H1757,55.703741,12.571976,1600,True,simulated_from_model_type,1757,"A-60, 100 mm",6100_Brandhaner__Koebenhavn
H1758,55.664952,12.547454,2000,True,simulated_from_model_type,1758,"KV, 110 mm",6100_Brandhaner__Koebenhavn
H1759,55.664627,12.543503,1600,True,simulated_from_model_type,1759,"A-60, 100 mm",6100_Brandhaner__Koebenhavn
H1760,55.665669,12.545156,2000,True,simulated_from_model_type,1760,"KV, 110 mm",6100_Brandhaner__Koebenhavn
H1761,55.642358,12.535287,2000,True,simulated_from_model_type,1761,"KV, 110 mm",6100_Brandhaner__Koebenhavn
H1762,55.65501,12.554134,2000,True,simulated_from_model_type,1762,"KV, 110 mm",6100_Brandhaner__Koebenhavn
H1763,55.654367,12.556747,2000,True,simulated_from_model_type,1763,"KV, 110 mm",6100_Brandhaner__Koebenhavn
H1764,55.660243,12.561007,2000,True,simulated_from_model_type,1764,"KV, 110 mm",6100_Brandhaner__Koebenhavn
H1765,55.660592,12.56261,2000,True,simulated_from_model_type,1765,"KV, 110 mm",6100_Brandhaner__Koebenhavn
H1766,55.661388,12.563933,2000,True,simulated_from_model_type,1766,"KV, 110 mm",6100_Brandhaner__Koebenhavn
H1767,55.665164,12.546586,2000,True,simulated_from_model_type,1767,"KV, 110 mm",6100_Brandhaner__Koebenhavn
H1769,55.664182,12.541401,2000,True,simulated_from_model_type,1769,"KV, 110 mm",6100_Brandhaner__Koebenhavn
H1770,55.665979,12.5424,2000,True,simulated_from_model_type,1770,"KV, 110 mm",6100_Brandhaner__Koebenhavn
H1771,55.665127,12.541926,2000,True,simulated_from_model_type,1771,"KV, 110 mm",6100_Brandhaner__Koebenhavn
H1772,55.686792,12.54427,2000,True,simulated_from_model_type,1772,"KV, 110 mm",6100_Brandhaner__Koebenhavn
H1773,55.687066,12.544475,2000,True,simulated_from_model_type,1773,"KV, 110 mm",6100_Brandhaner__Koebenhavn
H1774,55.687819,12.544392,2000,True,simulated_from_model_type,1774,"KV, 110 mm",6100_Brandhaner__Koebenhavn
H1775,55.687838,12.543346,2000,True,simulated_from_model_type,1775,"KV, 110 mm",6100_Brandhaner__Koebenhavn
H1776,55.695816,12.491645,2000,True,simulated_from_model_type,1776,"Ikke Oplyst, 110 mm",6100_Brandhaner__Koebenhavn
H1777,55.697342,12.491076,2000,True,simulated_from_model_type,1777,"Ikke Oplyst, 110 mm",6100_Brandhaner__Koebenhavn
H1780,55.658526,12.561225,1600,True,simulated_from_model_type,1780,"unset, 100 mm",6100_Brandhaner__Koebenhavn
H1781,55.658299,12.559616,1600,True,simulated_from_model_type,1781,"unset, 100 mm",6100_Brandhaner__Koebenhavn
H1782,55.656308,12.559426,1600,True,simulated_from_model_type,1782,"unset, 100 mm",6100_Brandhaner__Koebenhavn
H1783,55.65645,12.547548,800,True,simulated_from_model_type,1783,"unset, unset",6100_Brandhaner__Koebenhavn
H1784,55.658837,12.546178,800,True,simulated_from_model_type,1784,"unset, unset",6100_Brandhaner__Koebenhavn
H1785,55.659741,12.549789,800,True,simulated_from_model_type,1785,"unset, unset",6100_Brandhaner__Koebenhavn
H1786,55.657282,12.558971,1600,True,simulated_from_model_type,1786,"unset, 100 mm",6100_Brandhaner__Koebenhavn
H1787,55.673682,12.555928,1600,True,simulated_from_model_type,1787,"unset, 100 mm",6100_Brandhaner__Koebenhavn
H1788,55.673857,12.557136,1600,True,simulated_from_model_type,1788,"unset, 100 mm",6100_Brandhaner__Koebenhavn
H1789,55.672515,12.556162,1600,True,simulated_from_model_type,1789,"unset, 100 mm",6100_Brandhaner__Koebenhavn
H1790,55.67313,12.559101,1600,True,simulated_from_model_type,1790,"unset, 100 mm",6100_Brandhaner__Koebenhavn
H1791,55.663318,12.542079,800,True,simulated_from_model_type,1791,"unset, unset",6100_Brandhaner__Koebenhavn
H1792,55.663338,12.543445,800,True,simulated_from_model_type,1792,"unset, unset",6100_Brandhaner__Koebenhavn
H1793,55.661953,12.540959,800,True,simulated_from_model_type,1793,"unset, unset",6100_Brandhaner__Koebenhavn
H1794,55.660294,12.552553,1600,True,simulated_from_model_type,1794,"unset, 100 mm",6100_Brandhaner__Koebenhavn
H1795,55.660612,12.554039,1600,True,simulated_from_model_type,1795,"unset, 100 mm",6100_Brandhaner__Koebenhavn
H1796,55.660801,12.551181,800,True,simulated_from_model_type,1796,"unset, unset",6100_Brandhaner__Koebenhavn
H1797,55.657948,12.543086,800,True,simulated_from_model_type,1797,"unset, unset",6100_Brandhaner__Koebenhavn
H1798,55.660399,12.547594,800,True,simulated_from_model_type,1798,"unset, unset",6100_Brandhaner__Koebenhavn
H1799,55.660688,12.547369,800,True,simulated_from_model_type,1799,"unset, unset",6100_Brandhaner__Koebenhavn
H1800,55.658317,12.545083,800,True,simulated_from_model_type,1800,"unset, unset",6100_Brandhaner__Koebenhavn
H1801,55.655463,12.558738,1600,True,simulated_from_model_type,1801,"unset, 100 mm",6100_Brandhaner__Koebenhavn
H1802,55.659928,12.544396,800,True,simulated_from_model_type,1802,"unset, unset",6100_Brandhaner__Koebenhavn
H1803,55.663965,12.528076,800,True,simulated_from_model_type,1803,"unset, unset",6100_Brandhaner__Koebenhavn
H1804,55.66538,12.527435,800,True,simulated_from_model_type,1804,"unset, unset",6100_Brandhaner__Koebenhavn
H1805,55.666825,12.526776,800,True,simulated_from_model_type,1805,"unset, unset",6100_Brandhaner__Koebenhavn
H1806,55.664899,12.529455,800,True,simulated_from_model_type,1806,"unset, unset",6100_Brandhaner__Koebenhavn
H1807,55.666297,12.528694,800,True,simulated_from_model_type,1807,"unset, unset",6100_Brandhaner__Koebenhavn
H1808,55.667123,12.528242,800,True,simulated_from_model_type,1808,"unset, unset",6100_Brandhaner__Koebenhavn
H1809,55.666138,12.53026,800,True,simulated_from_model_type,1809,"unset, unset",6100_Brandhaner__Koebenhavn
H1810,55.664811,12.53057,800,True,simulated_from_model_type,1810,"unset, unset",6100_Brandhaner__Koebenhavn
H1811,55.664081,12.530751,800,True,simulated_from_model_type,1811,"unset, unset",6100_Brandhaner__Koebenhavn
H1812,55.653483,12.539674,800,True,simulated_from_model_type,1812,"unset, unset",6100_Brandhaner__Koebenhavn
H1813,55.653105,12.539733,800,True,simulated_from_model_type,1813,"unset, unset",6100_Brandhaner__Koebenhavn
H1814,55.666319,12.532245,800,True,simulated_from_model_type,1814,"unset, unset",6100_Brandhaner__Koebenhavn
H1815,55.656084,12.536735,800,True,simulated_from_model_type,1815,"unset, unset",6100_Brandhaner__Koebenhavn
H1816,55.665244,12.53199,800,True,simulated_from_model_type,1816,"unset, unset",6100_Brandhaner__Koebenhavn
H1817,55.65524,12.536144,800,True,simulated_from_model_type,1817,"unset, unset",6100_Brandhaner__Koebenhavn
H1818,55.65437,12.535653,800,True,simulated_from_model_type,1818,"unset, unset",6100_Brandhaner__Koebenhavn
H1819,55.664264,12.531872,800,True,simulated_from_model_type,1819,"unset, unset",6100_Brandhaner__Koebenhavn
H1820,55.653841,12.538112,800,True,simulated_from_model_type,1820,"unset, unset",6100_Brandhaner__Koebenhavn
H1821,55.653366,12.536253,800,True,simulated_from_model_type,1821,"unset, unset",6100_Brandhaner__Koebenhavn
H1822,55.653215,12.5376,800,True,simulated_from_model_type,1822,"unset, unset",6100_Brandhaner__Koebenhavn
H1823,55.666359,12.533083,800,True,simulated_from_model_type,1823,"unset, unset",6100_Brandhaner__Koebenhavn
H1824,55.665833,12.533066,800,True,simulated_from_model_type,1824,"unset, unset",6100_Brandhaner__Koebenhavn
H1825,55.665455,12.528901,800,True,simulated_from_model_type,1825,"unset, unset",6100_Brandhaner__Koebenhavn
H1826,55.665034,12.535101,800,True,simulated_from_model_type,1826,"unset, unset",6100_Brandhaner__Koebenhavn
H1827,55.665559,12.535117,800,True,simulated_from_model_type,1827,"unset, unset",6100_Brandhaner__Koebenhavn
H1828,55.664036,12.560835,1600,True,simulated_from_model_type,1828,"unset, 100 mm",6100_Brandhaner__Koebenhavn
H1829,55.659628,12.542574,800,True,simulated_from_model_type,1829,"unset, unset",6100_Brandhaner__Koebenhavn
H1830,55.666808,12.568772,1600,True,simulated_from_model_type,1830,"unset, 100 mm",6100_Brandhaner__Koebenhavn
H1831,55.670083,12.560553,1600,True,simulated_from_model_type,1831,"unset, 100 mm",6100_Brandhaner__Koebenhavn
H1832,55.66952,12.567824,1600,True,simulated_from_model_type,1832,"unset, 100 mm",6100_Brandhaner__Koebenhavn
H1833,55.669957,12.567758,1600,True,simulated_from_model_type,1833,"unset, 100 mm",6100_Brandhaner__Koebenhavn
H1834,55.66997,12.567816,1600,True,simulated_from_model_type,1834,"unset, 100 mm",6100_Brandhaner__Koebenhavn
H1835,55.670115,12.563561,1600,True,simulated_from_model_type,1835,"unset, 100 mm",6100_Brandhaner__Koebenhavn
H1836,55.666268,12.567559,1600,True,simulated_from_model_type,1836,"unset, 100 mm",6100_Brandhaner__Koebenhavn
H1837,55.668479,12.562729,1600,True,simulated_from_model_type,1837,"unset, 100 mm",6100_Brandhaner__Koebenhavn
H1838,55.668551,12.567852,1600,True,simulated_from_model_type,1838,"unset, 100 mm",6100_Brandhaner__Koebenhavn
H1839,55.668602,12.561144,1600,True,simulated_from_model_type,1839,"unset, 100 mm",6100_Brandhaner__Koebenhavn
H1840,55.669849,12.574604,1600,True,simulated_from_model_type,1840,"unset, 100 mm",6100_Brandhaner__Koebenhavn
H1841,55.668933,12.571854,1600,True,simulated_from_model_type,1841,"unset, 100 mm",6100_Brandhaner__Koebenhavn
H1842,55.669504,12.571045,1600,True,simulated_from_model_type,1842,"unset, 100 mm",6100_Brandhaner__Koebenhavn
H1843,55.669871,12.571738,1600,True,simulated_from_model_type,1843,"unset, 100 mm",6100_Brandhaner__Koebenhavn
H1844,55.669166,12.57273,1600,True,simulated_from_model_type,1844,"unset, 100 mm",6100_Brandhaner__Koebenhavn
H1845,55.667388,12.570053,1600,True,simulated_from_model_type,1845,"unset, 100 mm",6100_Brandhaner__Koebenhavn
H1846,55.669041,12.569646,1600,True,simulated_from_model_type,1846,"unset, 100 mm",6100_Brandhaner__Koebenhavn
H1847,55.671567,12.574217,1600,True,simulated_from_model_type,1847,"unset, 100 mm",6100_Brandhaner__Koebenhavn
H1848,55.671294,12.573405,1600,True,simulated_from_model_type,1848,"unset, 100 mm",6100_Brandhaner__Koebenhavn
H1849,55.671043,12.572924,1600,True,simulated_from_model_type,1849,"unset, 100 mm",6100_Brandhaner__Koebenhavn
H1850,55.671122,12.572405,1600,True,simulated_from_model_type,1850,"unset, 100 mm",6100_Brandhaner__Koebenhavn
H1851,55.671754,12.572422,1600,True,simulated_from_model_type,1851,"unset, 100 mm",6100_Brandhaner__Koebenhavn
H1852,55.670323,12.57065,1600,True,simulated_from_model_type,1852,"unset, 100 mm",6100_Brandhaner__Koebenhavn
H1853,55.67121,12.555128,1600,True,simulated_from_model_type,1853,"unset, 100 mm",6100_Brandhaner__Koebenhavn
H1854,55.671083,12.571329,1600,True,simulated_from_model_type,1854,"unset, 100 mm",6100_Brandhaner__Koebenhavn
H1855,55.671331,12.569876,1600,True,simulated_from_model_type,1855,"unset, 100 mm",6100_Brandhaner__Koebenhavn
H1856,55.671829,12.55497,1600,True,simulated_from_model_type,1856,"unset, 100 mm",6100_Brandhaner__Koebenhavn
H1857,55.672121,12.570388,1600,True,simulated_from_model_type,1857,"unset, 100 mm",6100_Brandhaner__Koebenhavn
H1858,55.672304,12.553906,1600,True,simulated_from_model_type,1858,"unset, 100 mm",6100_Brandhaner__Koebenhavn
H1859,55.671285,12.554385,1600,True,simulated_from_model_type,1859,"unset, 100 mm",6100_Brandhaner__Koebenhavn
H1860,55.670496,12.554873,1600,True,simulated_from_model_type,1860,"unset, 100 mm",6100_Brandhaner__Koebenhavn
H1861,55.672972,12.574399,1600,True,simulated_from_model_type,1861,"unset, 100 mm",6100_Brandhaner__Koebenhavn
H1862,55.671893,12.552455,1600,True,simulated_from_model_type,1862,"unset, 100 mm",6100_Brandhaner__Koebenhavn
H1863,55.672381,12.551645,800,True,simulated_from_model_type,1863,"unset, unset",6100_Brandhaner__Koebenhavn
H1864,55.673684,12.560864,1600,True,simulated_from_model_type,1864,"unset, 100 mm",6100_Brandhaner__Koebenhavn
H1865,55.672864,12.560709,1600,True,simulated_from_model_type,1865,"unset, 100 mm",6100_Brandhaner__Koebenhavn
H1866,55.671545,12.560585,1600,True,simulated_from_model_type,1866,"unset, 100 mm",6100_Brandhaner__Koebenhavn
H1867,55.673391,12.571813,1600,True,simulated_from_model_type,1867,"unset, 100 mm",6100_Brandhaner__Koebenhavn
H1868,55.672723,12.552592,1600,True,simulated_from_model_type,1868,"unset, 100 mm",6100_Brandhaner__Koebenhavn
H1869,55.672443,12.555379,1600,True,simulated_from_model_type,1869,"unset, 100 mm",6100_Brandhaner__Koebenhavn
H1870,55.670966,12.561304,1600,True,simulated_from_model_type,1870,"unset, 100 mm",6100_Brandhaner__Koebenhavn
H1871,55.672562,12.573659,1600,True,simulated_from_model_type,1871,"unset, 100 mm",6100_Brandhaner__Koebenhavn
H1872,55.670198,12.572841,1600,True,simulated_from_model_type,1872,"unset, 100 mm",6100_Brandhaner__Koebenhavn
H1873,55.670838,12.56333,1600,True,simulated_from_model_type,1873,"unset, 100 mm",6100_Brandhaner__Koebenhavn
H1874,55.671415,12.564393,1600,True,simulated_from_model_type,1874,"unset, 100 mm",6100_Brandhaner__Koebenhavn
H1875,55.671383,12.562758,1600,True,simulated_from_model_type,1875,"unset, 100 mm",6100_Brandhaner__Koebenhavn
H1876,55.673411,12.555397,1600,True,simulated_from_model_type,1876,"unset, 100 mm",6100_Brandhaner__Koebenhavn
H1877,55.672924,12.555562,1600,True,simulated_from_model_type,1877,"unset, 100 mm",6100_Brandhaner__Koebenhavn
H1878,55.673071,12.554706,1600,True,simulated_from_model_type,1878,"unset, 100 mm",6100_Brandhaner__Koebenhavn
H1879,55.673251,12.562856,1600,True,simulated_from_model_type,1879,"unset, 100 mm",6100_Brandhaner__Koebenhavn
H1880,55.673789,12.55145,800,True,simulated_from_model_type,1880,"unset, unset",6100_Brandhaner__Koebenhavn
H1881,55.673467,12.550892,800,True,simulated_from_model_type,1881,"unset, unset",6100_Brandhaner__Koebenhavn
H1882,55.672105,12.562062,1600,True,simulated_from_model_type,1882,"unset, 100 mm",6100_Brandhaner__Koebenhavn
H1883,55.672914,12.561582,1600,True,simulated_from_model_type,1883,"unset, 100 mm",6100_Brandhaner__Koebenhavn
H1884,55.673878,12.561921,1600,True,simulated_from_model_type,1884,"unset, 100 mm",6100_Brandhaner__Koebenhavn
H1885,55.65444,12.540178,800,True,simulated_from_model_type,1885,"unset, unset",6100_Brandhaner__Koebenhavn
H1886,55.673257,12.550062,800,True,simulated_from_model_type,1886,"unset, unset",6100_Brandhaner__Koebenhavn
H1887,55.672775,12.55015,800,True,simulated_from_model_type,1887,"unset, unset",6100_Brandhaner__Koebenhavn
H1888,55.671268,12.549888,800,True,simulated_from_model_type,1888,"unset, unset",6100_Brandhaner__Koebenhavn
H1889,55.67545,12.559107,1600,True,simulated_from_model_type,1889,"unset, 100 mm",6100_Brandhaner__Koebenhavn
H1890,55.676842,12.559503,1600,True,simulated_from_model_type,1890,"unset, 100 mm",6100_Brandhaner__Koebenhavn
H1891,55.674395,12.559804,1600,True,simulated_from_model_type,1891,"unset, 100 mm",6100_Brandhaner__Koebenhavn
H1892,55.674219,12.558764,1600,True,simulated_from_model_type,1892,"unset, 100 mm",6100_Brandhaner__Koebenhavn
H1893,55.674501,12.559064,1600,True,simulated_from_model_type,1893,"unset, 100 mm",6100_Brandhaner__Koebenhavn
H1894,55.678183,12.559874,1600,True,simulated_from_model_type,1894,"unset, 100 mm",6100_Brandhaner__Koebenhavn
H1895,55.679016,12.5601,1600,True,simulated_from_model_type,1895,"unset, 100 mm",6100_Brandhaner__Koebenhavn
H1896,55.670294,12.541139,800,True,simulated_from_model_type,1896,"unset, unset",6100_Brandhaner__Koebenhavn
H1897,55.669849,12.542085,800,True,simulated_from_model_type,1897,"unset, unset",6100_Brandhaner__Koebenhavn
H1898,55.670044,12.543489,800,True,simulated_from_model_type,1898,"unset, unset",6100_Brandhaner__Koebenhavn
H1899,55.670272,12.544465,800,True,simulated_from_model_type,1899,"unset, unset",6100_Brandhaner__Koebenhavn
H1900,55.670946,12.543815,800,True,simulated_from_model_type,1900,"unset, unset",6100_Brandhaner__Koebenhavn
H1901,55.668422,12.551057,800,True,simulated_from_model_type,1901,"unset, unset",6100_Brandhaner__Koebenhavn
H1902,55.669251,12.552847,1600,True,simulated_from_model_type,1902,"unset, 100 mm",6100_Brandhaner__Koebenhavn
H1903,55.664712,12.540562,800,True,simulated_from_model_type,1903,"unset, unset",6100_Brandhaner__Koebenhavn
H1904,55.668567,12.552971,1600,True,simulated_from_model_type,1904,"unset, 100 mm",6100_Brandhaner__Koebenhavn
H1905,55.66526,12.53968,800,True,simulated_from_model_type,1905,"unset, unset",6100_Brandhaner__Koebenhavn
H1906,55.666275,12.540229,800,True,simulated_from_model_type,1906,"unset, unset",6100_Brandhaner__Koebenhavn
H1907,55.665657,12.53863,800,True,simulated_from_model_type,1907,"unset, unset",6100_Brandhaner__Koebenhavn
H1908,55.667906,12.55305,1600,True,simulated_from_model_type,1908,"unset, 100 mm",6100_Brandhaner__Koebenhavn
H1909,55.667124,12.553177,1600,True,simulated_from_model_type,1909,"unset, 100 mm",6100_Brandhaner__Koebenhavn
H1910,55.666969,12.549034,800,True,simulated_from_model_type,1910,"unset, unset",6100_Brandhaner__Koebenhavn
H1911,55.667674,12.549017,800,True,simulated_from_model_type,1911,"unset, unset",6100_Brandhaner__Koebenhavn
H1912,55.666931,12.550181,800,True,simulated_from_model_type,1912,"unset, unset",6100_Brandhaner__Koebenhavn
H1913,55.667805,12.550125,800,True,simulated_from_model_type,1913,"unset, unset",6100_Brandhaner__Koebenhavn
H1914,55.665945,12.550247,800,True,simulated_from_model_type,1914,"unset, unset",6100_Brandhaner__Koebenhavn
H1915,55.666254,12.551386,800,True,simulated_from_model_type,1915,"unset, unset",6100_Brandhaner__Koebenhavn
H1916,55.664948,12.550617,800,True,simulated_from_model_type,1916,"unset, unset",6100_Brandhaner__Koebenhavn
H1917,55.664434,12.551131,800,True,simulated_from_model_type,1917,"unset, unset",6100_Brandhaner__Koebenhavn
H1918,55.665262,12.551743,1600,True,simulated_from_model_type,1918,"unset, 100 mm",6100_Brandhaner__Koebenhavn
H1919,55.665537,12.552928,1600,True,simulated_from_model_type,1919,"unset, 100 mm",6100_Brandhaner__Koebenhavn
H1920,55.664719,12.553159,1600,True,simulated_from_model_type,1920,"unset, 100 mm",6100_Brandhaner__Koebenhavn
H1921,55.664915,12.554542,1600,True,simulated_from_model_type,1921,"unset, 100 mm",6100_Brandhaner__Koebenhavn
H1922,55.666244,12.539248,800,True,simulated_from_model_type,1922,"unset, unset",6100_Brandhaner__Koebenhavn
H1923,55.665544,12.554335,1600,True,simulated_from_model_type,1923,"unset, 100 mm",6100_Brandhaner__Koebenhavn
H1924,55.666667,12.538171,800,True,simulated_from_model_type,1924,"unset, unset",6100_Brandhaner__Koebenhavn
H1925,55.66623,12.552852,1600,True,simulated_from_model_type,1925,"unset, 100 mm",6100_Brandhaner__Koebenhavn
H1926,55.666176,12.554377,1600,True,simulated_from_model_type,1926,"unset, 100 mm",6100_Brandhaner__Koebenhavn
H1927,55.666961,12.554937,1600,True,simulated_from_model_type,1927,"unset, 100 mm",6100_Brandhaner__Koebenhavn
H1928,55.666808,12.536978,800,True,simulated_from_model_type,1928,"unset, unset",6100_Brandhaner__Koebenhavn
H1929,55.665753,12.536365,800,True,simulated_from_model_type,1929,"unset, unset",6100_Brandhaner__Koebenhavn
H1930,55.665308,12.537351,800,True,simulated_from_model_type,1930,"unset, unset",6100_Brandhaner__Koebenhavn
H1931,55.664369,12.537848,800,True,simulated_from_model_type,1931,"unset, unset",6100_Brandhaner__Koebenhavn
H1932,55.663096,12.534133,800,True,simulated_from_model_type,1932,"unset, unset",6100_Brandhaner__Koebenhavn
H1933,55.663048,12.535279,800,True,simulated_from_model_type,1933,"unset, unset",6100_Brandhaner__Koebenhavn
H1934,55.665066,12.5382,800,True,simulated_from_model_type,1934,"unset, unset",6100_Brandhaner__Koebenhavn
H1935,55.663155,12.532155,800,True,simulated_from_model_type,1935,"unset, unset",6100_Brandhaner__Koebenhavn
H1936,55.667007,12.535408,800,True,simulated_from_model_type,1936,"unset, unset",6100_Brandhaner__Koebenhavn
H1937,55.667061,12.533746,800,True,simulated_from_model_type,1937,"unset, unset",6100_Brandhaner__Koebenhavn
H1938,55.66375,12.543329,800,True,simulated_from_model_type,1938,"unset, unset",6100_Brandhaner__Koebenhavn
H1939,55.664305,12.546329,800,True,simulated_from_model_type,1939,"unset, unset",6100_Brandhaner__Koebenhavn
H1940,55.67055,12.549936,800,True,simulated_from_model_type,1940,"unset, unset",6100_Brandhaner__Koebenhavn
H1941,55.66424,12.54976,800,True,simulated_from_model_type,1941,"unset, unset",6100_Brandhaner__Koebenhavn
H1942,55.663553,12.545089,800,True,simulated_from_model_type,1942,"unset, unset",6100_Brandhaner__Koebenhavn
H1943,55.669432,12.548724,800,True,simulated_from_model_type,1943,"unset, unset",6100_Brandhaner__Koebenhavn
H1944,55.663808,12.546719,800,True,simulated_from_model_type,1944,"unset, unset",6100_Brandhaner__Koebenhavn
H1945,55.664029,12.548298,800,True,simulated_from_model_type,1945,"unset, unset",6100_Brandhaner__Koebenhavn
H1946,55.664305,12.544568,800,True,simulated_from_model_type,1946,"unset, unset",6100_Brandhaner__Koebenhavn
H1947,55.665096,12.544162,800,True,simulated_from_model_type,1947,"unset, unset",6100_Brandhaner__Koebenhavn
H1948,55.662646,12.535548,800,True,simulated_from_model_type,1948,"unset, unset",6100_Brandhaner__Koebenhavn
H1949,55.664198,12.542587,800,True,simulated_from_model_type,1949,"unset, unset",6100_Brandhaner__Koebenhavn
H1950,55.665374,12.543272,800,True,simulated_from_model_type,1950,"unset, unset",6100_Brandhaner__Koebenhavn
H1951,55.662858,12.537862,800,True,simulated_from_model_type,1951,"unset, unset",6100_Brandhaner__Koebenhavn
H1952,55.662259,12.538368,800,True,simulated_from_model_type,1952,"unset, unset",6100_Brandhaner__Koebenhavn
H1953,55.662563,12.540405,800,True,simulated_from_model_type,1953,"unset, unset",6100_Brandhaner__Koebenhavn
H1954,55.666337,12.546336,800,True,simulated_from_model_type,1954,"unset, unset",6100_Brandhaner__Koebenhavn
H1955,55.663842,12.540145,800,True,simulated_from_model_type,1955,"unset, unset",6100_Brandhaner__Koebenhavn
H1956,55.665623,12.547847,800,True,simulated_from_model_type,1956,"unset, unset",6100_Brandhaner__Koebenhavn
H1957,55.666469,12.547668,800,True,simulated_from_model_type,1957,"unset, unset",6100_Brandhaner__Koebenhavn
H1958,55.66558,12.548469,800,True,simulated_from_model_type,1958,"unset, unset",6100_Brandhaner__Koebenhavn
H1959,55.666412,12.548316,800,True,simulated_from_model_type,1959,"unset, unset",6100_Brandhaner__Koebenhavn
H1960,55.665925,12.549239,800,True,simulated_from_model_type,1960,"unset, unset",6100_Brandhaner__Koebenhavn
H1961,55.669168,12.553563,1600,True,simulated_from_model_type,1961,"unset, 100 mm",6100_Brandhaner__Koebenhavn
H1962,55.669545,12.554848,1600,True,simulated_from_model_type,1962,"unset, 100 mm",6100_Brandhaner__Koebenhavn
H1963,55.66866,12.554433,1600,True,simulated_from_model_type,1963,"unset, 100 mm",6100_Brandhaner__Koebenhavn
H1964,55.667831,12.554875,1600,True,simulated_from_model_type,1964,"unset, 100 mm",6100_Brandhaner__Koebenhavn
H1965,55.665728,12.541103,800,True,simulated_from_model_type,1965,"unset, unset",6100_Brandhaner__Koebenhavn
H1966,55.666112,12.543974,800,True,simulated_from_model_type,1966,"unset, unset",6100_Brandhaner__Koebenhavn
H1967,55.666978,12.540338,800,True,simulated_from_model_type,1967,"unset, unset",6100_Brandhaner__Koebenhavn
H1968,55.667446,12.544513,800,True,simulated_from_model_type,1968,"unset, unset",6100_Brandhaner__Koebenhavn
H1969,55.667897,12.543244,800,True,simulated_from_model_type,1969,"unset, unset",6100_Brandhaner__Koebenhavn
H1970,55.667386,12.532076,800,True,simulated_from_model_type,1970,"unset, unset",6100_Brandhaner__Koebenhavn
H1971,55.668325,12.543602,800,True,simulated_from_model_type,1971,"unset, unset",6100_Brandhaner__Koebenhavn
H1972,55.667563,12.530591,800,True,simulated_from_model_type,1972,"unset, unset",6100_Brandhaner__Koebenhavn
H1973,55.66831,12.544575,800,True,simulated_from_model_type,1973,"unset, unset",6100_Brandhaner__Koebenhavn
H1974,55.669323,12.543967,800,True,simulated_from_model_type,1974,"unset, unset",6100_Brandhaner__Koebenhavn
H1975,55.666726,12.545489,800,True,simulated_from_model_type,1975,"unset, unset",6100_Brandhaner__Koebenhavn
H1976,55.667435,12.54772,800,True,simulated_from_model_type,1976,"unset, unset",6100_Brandhaner__Koebenhavn
H1977,55.668771,12.552226,1600,True,simulated_from_model_type,1977,"unset, 100 mm",6100_Brandhaner__Koebenhavn
H1978,55.660063,12.539882,800,True,simulated_from_model_type,1978,"unset, unset",6100_Brandhaner__Koebenhavn
H1979,55.66095,12.540482,800,True,simulated_from_model_type,1979,"unset, unset",6100_Brandhaner__Koebenhavn
H1980,55.66918,12.542224,800,True,simulated_from_model_type,1980,"unset, unset",6100_Brandhaner__Koebenhavn
H1981,55.670182,12.571678,1600,True,simulated_from_model_type,1981,"unset, 100 mm",6100_Brandhaner__Koebenhavn
H1982,55.670549,12.550939,800,True,simulated_from_model_type,1982,"unset, unset",6100_Brandhaner__Koebenhavn
H1983,55.680057,12.56038,1600,True,simulated_from_model_type,1983,"unset, 100 mm",6100_Brandhaner__Koebenhavn
H1984,55.672279,12.563576,1600,True,simulated_from_model_type,1984,"unset, 100 mm",6100_Brandhaner__Koebenhavn
H1985,55.694546,12.593295,1600,True,simulated_from_model_type,1985,"unset, 100 mm",6100_Brandhaner__Koebenhavn
H1986,55.688182,12.586718,1600,True,simulated_from_model_type,1986,"unset, 100 mm",6100_Brandhaner__Koebenhavn
H1987,55.688998,12.587113,1600,True,simulated_from_model_type,1987,"unset, 100 mm",6100_Brandhaner__Koebenhavn
H1988,55.68987,12.570626,1600,True,simulated_from_model_type,1988,"unset, 100 mm",6100_Brandhaner__Koebenhavn
H1989,55.689639,12.57021,1600,True,simulated_from_model_type,1989,"unset, 100 mm",6100_Brandhaner__Koebenhavn
H1990,55.688556,12.569925,1600,True,simulated_from_model_type,1990,"unset, 100 mm",6100_Brandhaner__Koebenhavn
H1991,55.688334,12.585654,1600,True,simulated_from_model_type,1991,"unset, 100 mm",6100_Brandhaner__Koebenhavn
H1992,55.691633,12.566129,1600,True,simulated_from_model_type,1992,"unset, 100 mm",6100_Brandhaner__Koebenhavn
H1993,55.691451,12.568413,1600,True,simulated_from_model_type,1993,"unset, 100 mm",6100_Brandhaner__Koebenhavn
H1994,55.689092,12.585238,1600,True,simulated_from_model_type,1994,"unset, 100 mm",6100_Brandhaner__Koebenhavn
H1995,55.688286,12.589231,1600,True,simulated_from_model_type,1995,"unset, 100 mm",6100_Brandhaner__Koebenhavn
H1996,55.68934,12.588151,1600,True,simulated_from_model_type,1996,"unset, 100 mm",6100_Brandhaner__Koebenhavn
H1997,55.688965,12.571696,1600,True,simulated_from_model_type,1997,"unset, 100 mm",6100_Brandhaner__Koebenhavn
H1998,55.688535,12.572988,1600,True,simulated_from_model_type,1998,"unset, 100 mm",6100_Brandhaner__Koebenhavn
H1999,55.688745,12.59017,1600,True,simulated_from_model_type,1999,"unset, 100 mm",6100_Brandhaner__Koebenhavn
H2000,55.688026,12.592078,1600,True,simulated_from_model_type,2000,"unset, 100 mm",6100_Brandhaner__Koebenhavn
H2001,55.688823,12.575307,1600,True,simulated_from_model_type,2001,"unset, 100 mm",6100_Brandhaner__Koebenhavn
H2002,55.689068,12.589586,1600,True,simulated_from_model_type,2002,"unset, 100 mm",6100_Brandhaner__Koebenhavn
H2003,55.687886,12.598828,1600,True,simulated_from_model_type,2003,"unset, 100 mm",6100_Brandhaner__Koebenhavn
H2004,55.692524,12.579502,1600,True,simulated_from_model_type,2004,"unset, 100 mm",6100_Brandhaner__Koebenhavn
H2005,55.692083,12.578133,1600,True,simulated_from_model_type,2005,"unset, 100 mm",6100_Brandhaner__Koebenhavn
H2006,55.69184,12.579337,1600,True,simulated_from_model_type,2006,"unset, 100 mm",6100_Brandhaner__Koebenhavn
H2007,55.694049,12.578269,1600,True,simulated_from_model_type,2007,"unset, 100 mm",6100_Brandhaner__Koebenhavn
H2008,55.694916,12.577745,1600,True,simulated_from_model_type,2008,"unset, 100 mm",6100_Brandhaner__Koebenhavn
H2009,55.694011,12.576102,1600,True,simulated_from_model_type,2009,"unset, 100 mm",6100_Brandhaner__Koebenhavn
H2010,55.694813,12.578953,1600,True,simulated_from_model_type,2010,"unset, 100 mm",6100_Brandhaner__Koebenhavn
H2011,55.693098,12.577495,1600,True,simulated_from_model_type,2011,"unset, 100 mm",6100_Brandhaner__Koebenhavn
H2012,55.69217,12.577026,1600,True,simulated_from_model_type,2012,"unset, 100 mm",6100_Brandhaner__Koebenhavn
H2013,55.689289,12.571887,1600,True,simulated_from_model_type,2013,"unset, 100 mm",6100_Brandhaner__Koebenhavn
H2014,55.689588,12.572867,1600,True,simulated_from_model_type,2014,"unset, 100 mm",6100_Brandhaner__Koebenhavn
H2015,55.690135,12.571676,1600,True,simulated_from_model_type,2015,"unset, 100 mm",6100_Brandhaner__Koebenhavn
H2016,55.690541,12.571697,1600,True,simulated_from_model_type,2016,"unset, 100 mm",6100_Brandhaner__Koebenhavn
H2017,55.68932,12.573958,1600,True,simulated_from_model_type,2017,"unset, 100 mm",6100_Brandhaner__Koebenhavn
H2018,55.690157,12.57297,1600,True,simulated_from_model_type,2018,"unset, 100 mm",6100_Brandhaner__Koebenhavn
H2019,55.68994,12.574479,1600,True,simulated_from_model_type,2019,"unset, 100 mm",6100_Brandhaner__Koebenhavn
H2020,55.690521,12.573113,1600,True,simulated_from_model_type,2020,"unset, 100 mm",6100_Brandhaner__Koebenhavn
H2021,55.690245,12.58574,1600,True,simulated_from_model_type,2021,"unset, 100 mm",6100_Brandhaner__Koebenhavn
H2022,55.689327,12.587305,1600,True,simulated_from_model_type,2022,"unset, 100 mm",6100_Brandhaner__Koebenhavn
H2023,55.68986,12.586951,1600,True,simulated_from_model_type,2023,"unset, 100 mm",6100_Brandhaner__Koebenhavn
H2024,55.691457,12.572919,1600,True,simulated_from_model_type,2024,"unset, 100 mm",6100_Brandhaner__Koebenhavn
H2025,55.693453,12.582203,1600,True,simulated_from_model_type,2025,"unset, 100 mm",6100_Brandhaner__Koebenhavn
H2026,55.69463,12.582002,1600,True,simulated_from_model_type,2026,"unset, 100 mm",6100_Brandhaner__Koebenhavn
H2027,55.693932,12.583327,1600,True,simulated_from_model_type,2027,"unset, 100 mm",6100_Brandhaner__Koebenhavn
H2028,55.690344,12.575398,1600,True,simulated_from_model_type,2028,"unset, 100 mm",6100_Brandhaner__Koebenhavn
H2029,55.69318,12.584585,1600,True,simulated_from_model_type,2029,"unset, 100 mm",6100_Brandhaner__Koebenhavn
H2030,55.692711,12.583549,1600,True,simulated_from_model_type,2030,"unset, 100 mm",6100_Brandhaner__Koebenhavn
H2031,55.692835,12.58228,1600,True,simulated_from_model_type,2031,"unset, 100 mm",6100_Brandhaner__Koebenhavn
H2032,55.692174,12.582367,1600,True,simulated_from_model_type,2032,"unset, 100 mm",6100_Brandhaner__Koebenhavn
H2033,55.687711,12.594322,1600,True,simulated_from_model_type,2033,"unset, 100 mm",6100_Brandhaner__Koebenhavn
H2034,55.692411,12.581129,1600,True,simulated_from_model_type,2034,"unset, 100 mm",6100_Brandhaner__Koebenhavn
H2035,55.691447,12.576031,1600,True,simulated_from_model_type,2035,"unset, 100 mm",6100_Brandhaner__Koebenhavn
H2036,55.687897,12.595887,1600,True,simulated_from_model_type,2036,"unset, 100 mm",6100_Brandhaner__Koebenhavn
H2037,55.688234,12.597506,1600,True,simulated_from_model_type,2037,"unset, 100 mm",6100_Brandhaner__Koebenhavn
H2038,55.682385,12.582427,1600,True,simulated_from_model_type,2038,"unset, 100 mm",6100_Brandhaner__Koebenhavn
H2039,55.683407,12.583052,1600,True,simulated_from_model_type,2039,"unset, 100 mm",6100_Brandhaner__Koebenhavn
H2040,55.691721,12.59395,1600,True,simulated_from_model_type,2040,"unset, 100 mm",6100_Brandhaner__Koebenhavn
H2041,55.68778,12.562966,1600,True,simulated_from_model_type,2041,"unset, 100 mm",6100_Brandhaner__Koebenhavn
H2042,55.687102,12.562133,1600,True,simulated_from_model_type,2042,"unset, 100 mm",6100_Brandhaner__Koebenhavn
H2043,55.686436,12.561319,1600,True,simulated_from_model_type,2043,"unset, 100 mm",6100_Brandhaner__Koebenhavn
H2044,55.688197,12.561407,1600,True,simulated_from_model_type,2044,"unset, 100 mm",6100_Brandhaner__Koebenhavn
H2045,55.682616,12.58437,1600,True,simulated_from_model_type,2045,"unset, 100 mm",6100_Brandhaner__Koebenhavn
H2046,55.684984,12.565742,1600,True,simulated_from_model_type,2046,"unset, 100 mm",6100_Brandhaner__Koebenhavn
H2047,55.691042,12.579279,1600,True,simulated_from_model_type,2047,"unset, 100 mm",6100_Brandhaner__Koebenhavn
H2048,55.690357,12.577364,1600,True,simulated_from_model_type,2048,"unset, 100 mm",6100_Brandhaner__Koebenhavn
H2049,55.691181,12.577655,1600,True,simulated_from_model_type,2049,"unset, 100 mm",6100_Brandhaner__Koebenhavn
H2050,55.688169,12.57674,1600,True,simulated_from_model_type,2050,"unset, 100 mm",6100_Brandhaner__Koebenhavn
H2051,55.688181,12.580212,1600,True,simulated_from_model_type,2051,"unset, 100 mm",6100_Brandhaner__Koebenhavn
H2052,55.691544,12.580658,1600,True,simulated_from_model_type,2052,"unset, 100 mm",6100_Brandhaner__Koebenhavn
H2053,55.68891,12.58169,1600,True,simulated_from_model_type,2053,"unset, 100 mm",6100_Brandhaner__Koebenhavn
H2054,55.689588,12.583429,1600,True,simulated_from_model_type,2054,"unset, 100 mm",6100_Brandhaner__Koebenhavn
H2055,55.689527,12.584413,1600,True,simulated_from_model_type,2055,"unset, 100 mm",6100_Brandhaner__Koebenhavn
H2056,55.688789,12.584685,1600,True,simulated_from_model_type,2056,"unset, 100 mm",6100_Brandhaner__Koebenhavn
H2057,55.688846,12.583501,1600,True,simulated_from_model_type,2057,"unset, 100 mm",6100_Brandhaner__Koebenhavn
H2058,55.687185,12.566682,1600,True,simulated_from_model_type,2058,"unset, 100 mm",6100_Brandhaner__Koebenhavn
H2059,55.686543,12.567871,1600,True,simulated_from_model_type,2059,"unset, 100 mm",6100_Brandhaner__Koebenhavn
H2060,55.688059,12.584841,1600,True,simulated_from_model_type,2060,"unset, 100 mm",6100_Brandhaner__Koebenhavn
H2061,55.681005,12.580044,1600,True,simulated_from_model_type,2061,"unset, 100 mm",6100_Brandhaner__Koebenhavn
H2062,55.681558,12.580516,1600,True,simulated_from_model_type,2062,"unset, 100 mm",6100_Brandhaner__Koebenhavn
H2063,55.682452,12.580707,1600,True,simulated_from_model_type,2063,"unset, 100 mm",6100_Brandhaner__Koebenhavn
H2064,55.687074,12.570656,1600,True,simulated_from_model_type,2064,"unset, 100 mm",6100_Brandhaner__Koebenhavn
H2065,55.686752,12.570335,1600,True,simulated_from_model_type,2065,"unset, 100 mm",6100_Brandhaner__Koebenhavn
H2066,55.686415,12.569851,1600,True,simulated_from_model_type,2066,"unset, 100 mm",6100_Brandhaner__Koebenhavn
H2067,55.687941,12.583246,1600,True,simulated_from_model_type,2067,"unset, 100 mm",6100_Brandhaner__Koebenhavn
H2068,55.687543,12.583797,1600,True,simulated_from_model_type,2068,"unset, 100 mm",6100_Brandhaner__Koebenhavn
H2069,55.687236,12.584939,1600,True,simulated_from_model_type,2069,"unset, 100 mm",6100_Brandhaner__Koebenhavn
H2070,55.687083,12.582525,1600,True,simulated_from_model_type,2070,"unset, 100 mm",6100_Brandhaner__Koebenhavn
H2071,55.681797,12.583712,1600,True,simulated_from_model_type,2071,"unset, 100 mm",6100_Brandhaner__Koebenhavn
H2072,55.686808,12.581166,1600,True,simulated_from_model_type,2072,"unset, 100 mm",6100_Brandhaner__Koebenhavn
H2073,55.684631,12.574184,1600,True,simulated_from_model_type,2073,"unset, 100 mm",6100_Brandhaner__Koebenhavn
H2074,55.685381,12.575245,1600,True,simulated_from_model_type,2074,"unset, 100 mm",6100_Brandhaner__Koebenhavn
H2075,55.686416,12.582585,1600,True,simulated_from_model_type,2075,"unset, 100 mm",6100_Brandhaner__Koebenhavn
H2076,55.687655,12.571701,1600,True,simulated_from_model_type,2076,"unset, 100 mm",6100_Brandhaner__Koebenhavn
H2077,55.686545,12.587928,1600,True,simulated_from_model_type,2077,"unset, 100 mm",6100_Brandhaner__Koebenhavn
H2078,55.686174,12.576368,1600,True,simulated_from_model_type,2078,"unset, 100 mm",6100_Brandhaner__Koebenhavn
H2079,55.687378,12.577721,1600,True,simulated_from_model_type,2079,"unset, 100 mm",6100_Brandhaner__Koebenhavn
H2080,55.687151,12.579916,1600,True,simulated_from_model_type,2080,"unset, 100 mm",6100_Brandhaner__Koebenhavn
H2081,55.687647,12.579129,1600,True,simulated_from_model_type,2081,"unset, 100 mm",6100_Brandhaner__Koebenhavn
H2082,55.68685,12.577565,1600,True,simulated_from_model_type,2082,"unset, 100 mm",6100_Brandhaner__Koebenhavn
H2083,55.685506,12.577192,1600,True,simulated_from_model_type,2083,"KV 1916, 100 mm",6100_Brandhaner__Koebenhavn
H2084,55.685802,12.577681,1600,True,simulated_from_model_type,2084,"unset, 100 mm",6100_Brandhaner__Koebenhavn
H2085,55.686073,12.577275,1600,True,simulated_from_model_type,2085,"KV 1916, 100 mm",6100_Brandhaner__Koebenhavn
H2086,55.684564,12.588052,1600,True,simulated_from_model_type,2086,"unset, 100 mm",6100_Brandhaner__Koebenhavn
H2087,55.685215,12.588387,1600,True,simulated_from_model_type,2087,"unset, 100 mm",6100_Brandhaner__Koebenhavn
H2088,55.686005,12.589069,1600,True,simulated_from_model_type,2088,"unset, 100 mm",6100_Brandhaner__Koebenhavn
H2089,55.686778,12.586623,1600,True,simulated_from_model_type,2089,"unset, 100 mm",6100_Brandhaner__Koebenhavn
H2090,55.684859,12.590457,1600,True,simulated_from_model_type,2090,"unset, 100 mm",6100_Brandhaner__Koebenhavn
H2091,55.686627,12.589818,1600,True,simulated_from_model_type,2091,"unset, 100 mm",6100_Brandhaner__Koebenhavn
H2092,55.687437,12.592744,1600,True,simulated_from_model_type,2092,"unset, 100 mm",6100_Brandhaner__Koebenhavn
H2093,55.686811,12.592223,1600,True,simulated_from_model_type,2093,"unset, 100 mm",6100_Brandhaner__Koebenhavn
H2094,55.68599,12.591541,1600,True,simulated_from_model_type,2094,"unset, 100 mm",6100_Brandhaner__Koebenhavn
H2095,55.685222,12.592482,1600,True,simulated_from_model_type,2095,"unset, 100 mm",6100_Brandhaner__Koebenhavn
H2096,55.685519,12.594297,1600,True,simulated_from_model_type,2096,"unset, 100 mm",6100_Brandhaner__Koebenhavn
H2097,55.684263,12.591865,1600,True,simulated_from_model_type,2097,"unset, 100 mm",6100_Brandhaner__Koebenhavn
H2098,55.676486,12.588254,1600,True,simulated_from_model_type,2098,"unset, 100 mm",6100_Brandhaner__Koebenhavn
H2099,55.677051,12.584816,1600,True,simulated_from_model_type,2099,"unset, 100 mm",6100_Brandhaner__Koebenhavn
H2100,55.676426,12.584861,1600,True,simulated_from_model_type,2100,"unset, 100 mm",6100_Brandhaner__Koebenhavn
H2101,55.684216,12.585229,1600,True,simulated_from_model_type,2101,"unset, 100 mm",6100_Brandhaner__Koebenhavn
H2102,55.683828,12.586629,1600,True,simulated_from_model_type,2102,"unset, 100 mm",6100_Brandhaner__Koebenhavn
H2103,55.683469,12.585108,1600,True,simulated_from_model_type,2103,"unset, 100 mm",6100_Brandhaner__Koebenhavn
H2104,55.683287,12.586728,1600,True,simulated_from_model_type,2104,"unset, 100 mm",6100_Brandhaner__Koebenhavn
H2105,55.682401,12.586192,1600,True,simulated_from_model_type,2105,"unset, 100 mm",6100_Brandhaner__Koebenhavn
H2106,55.681972,12.585615,1600,True,simulated_from_model_type,2106,"unset, 100 mm",6100_Brandhaner__Koebenhavn
H2107,55.680539,12.581627,1600,True,simulated_from_model_type,2107,"unset, 100 mm",6100_Brandhaner__Koebenhavn
H2108,55.680234,12.582253,1600,True,simulated_from_model_type,2108,"unset, 100 mm",6100_Brandhaner__Koebenhavn
H2109,55.681037,12.587605,1600,True,simulated_from_model_type,2109,"unset, 100 mm",6100_Brandhaner__Koebenhavn
H2110,55.679988,12.580806,1600,True,simulated_from_model_type,2110,"unset, 100 mm",6100_Brandhaner__Koebenhavn
H2111,55.67995,12.579907,1600,True,simulated_from_model_type,2111,"unset, 100 mm",6100_Brandhaner__Koebenhavn
H2112,55.680583,12.583091,1600,True,simulated_from_model_type,2112,"unset, 100 mm",6100_Brandhaner__Koebenhavn
H2113,55.685957,12.589663,1600,True,simulated_from_model_type,2113,"unset, 100 mm",6100_Brandhaner__Koebenhavn
H2114,55.677131,12.583556,1600,True,simulated_from_model_type,2114,"unset, 100 mm",6100_Brandhaner__Koebenhavn
H2115,55.680033,12.583343,1600,True,simulated_from_model_type,2115,"unset, 100 mm",6100_Brandhaner__Koebenhavn
H2116,55.6851,12.591002,1600,True,simulated_from_model_type,2116,"unset, 100 mm",6100_Brandhaner__Koebenhavn
H2117,55.6783,12.580235,1600,True,simulated_from_model_type,2117,"unset, 100 mm",6100_Brandhaner__Koebenhavn
H2118,55.685327,12.589822,1600,True,simulated_from_model_type,2118,"unset, 100 mm",6100_Brandhaner__Koebenhavn
H2119,55.678945,12.580703,1600,True,simulated_from_model_type,2119,"unset, 100 mm",6100_Brandhaner__Koebenhavn
H2120,55.67894,12.582172,1600,True,simulated_from_model_type,2120,"unset, 100 mm",6100_Brandhaner__Koebenhavn
H2121,55.67697,12.582936,1600,True,simulated_from_model_type,2121,"unset, 100 mm",6100_Brandhaner__Koebenhavn
H2122,55.686394,12.595082,1600,True,simulated_from_model_type,2122,"unset, 100 mm",6100_Brandhaner__Koebenhavn
H2123,55.678663,12.582946,1600,True,simulated_from_model_type,2123,"unset, 100 mm",6100_Brandhaner__Koebenhavn
H2124,55.679452,12.583152,1600,True,simulated_from_model_type,2124,"unset, 100 mm",6100_Brandhaner__Koebenhavn
H2125,55.679633,12.584052,1600,True,simulated_from_model_type,2125,"unset, 100 mm",6100_Brandhaner__Koebenhavn
H2126,55.687202,12.5957,1600,True,simulated_from_model_type,2126,"unset, 100 mm",6100_Brandhaner__Koebenhavn
H2127,55.685088,12.595953,1600,True,simulated_from_model_type,2127,"unset, 100 mm",6100_Brandhaner__Koebenhavn
H2128,55.685954,12.596666,1600,True,simulated_from_model_type,2128,"unset, 100 mm",6100_Brandhaner__Koebenhavn
H2129,55.684335,12.595352,1600,True,simulated_from_model_type,2129,"unset, 100 mm",6100_Brandhaner__Koebenhavn
H2130,55.678204,12.582548,1600,True,simulated_from_model_type,2130,"unset, 100 mm",6100_Brandhaner__Koebenhavn
H2131,55.677554,12.582409,1600,True,simulated_from_model_type,2131,"unset, 100 mm",6100_Brandhaner__Koebenhavn
H2132,55.684637,12.58924,1600,True,simulated_from_model_type,2132,"unset, 100 mm",6100_Brandhaner__Koebenhavn
H2133,55.6773,12.581523,1600,True,simulated_from_model_type,2133,"unset, 100 mm",6100_Brandhaner__Koebenhavn
H2134,55.677801,12.580867,1600,True,simulated_from_model_type,2134,"unset, 100 mm",6100_Brandhaner__Koebenhavn
H2135,55.686044,12.587896,1600,True,simulated_from_model_type,2135,"unset, 100 mm",6100_Brandhaner__Koebenhavn
H2136,55.678275,12.581696,1600,True,simulated_from_model_type,2136,"unset, 100 mm",6100_Brandhaner__Koebenhavn
H2137,55.678754,12.585968,1600,True,simulated_from_model_type,2137,"unset, 100 mm",6100_Brandhaner__Koebenhavn
H2138,55.679145,12.587673,1600,True,simulated_from_model_type,2138,"unset, 100 mm",6100_Brandhaner__Koebenhavn
H2139,55.678789,12.588505,1600,True,simulated_from_model_type,2139,"unset, 100 mm",6100_Brandhaner__Koebenhavn
H2140,55.679149,12.589481,1600,True,simulated_from_model_type,2140,"unset, 100 mm",6100_Brandhaner__Koebenhavn
H2141,55.679708,12.588552,1600,True,simulated_from_model_type,2141,"unset, 100 mm",6100_Brandhaner__Koebenhavn
H2142,55.68024,12.587963,1600,True,simulated_from_model_type,2142,"unset, 100 mm",6100_Brandhaner__Koebenhavn
H2143,55.6806,12.588661,1600,True,simulated_from_model_type,2143,"unset, 100 mm",6100_Brandhaner__Koebenhavn
H2144,55.679945,12.58667,1600,True,simulated_from_model_type,2144,"unset, 100 mm",6100_Brandhaner__Koebenhavn
H2145,55.678132,12.584493,1600,True,simulated_from_model_type,2145,"unset, 100 mm",6100_Brandhaner__Koebenhavn
H2146,55.677536,12.585034,1600,True,simulated_from_model_type,2146,"unset, 100 mm",6100_Brandhaner__Koebenhavn
H2147,55.677623,12.586764,1600,True,simulated_from_model_type,2147,"unset, 100 mm",6100_Brandhaner__Koebenhavn
H2148,55.678037,12.588609,1600,True,simulated_from_model_type,2148,"unset, 100 mm",6100_Brandhaner__Koebenhavn
H2149,55.677592,12.589295,1600,True,simulated_from_model_type,2149,"unset, 100 mm",6100_Brandhaner__Koebenhavn
H2150,55.677362,12.587916,1600,True,simulated_from_model_type,2150,"unset, 100 mm",6100_Brandhaner__Koebenhavn
H2151,55.680163,12.590324,1600,True,simulated_from_model_type,2151,"unset, 100 mm",6100_Brandhaner__Koebenhavn
H2152,55.677242,12.575792,1600,True,simulated_from_model_type,2152,"unset, 100 mm",6100_Brandhaner__Koebenhavn
H2153,55.676421,12.575513,1600,True,simulated_from_model_type,2153,"unset, 100 mm",6100_Brandhaner__Koebenhavn
H2154,55.680529,12.591952,1600,True,simulated_from_model_type,2154,"unset, 100 mm",6100_Brandhaner__Koebenhavn
H2155,55.679798,12.591688,1600,True,simulated_from_model_type,2155,"unset, 100 mm",6100_Brandhaner__Koebenhavn
H2156,55.679415,12.593185,1600,True,simulated_from_model_type,2156,"unset, 100 mm",6100_Brandhaner__Koebenhavn
H2157,55.676621,12.576572,1600,True,simulated_from_model_type,2157,"unset, 100 mm",6100_Brandhaner__Koebenhavn
H2158,55.676044,12.575521,1600,True,simulated_from_model_type,2158,"unset, 100 mm",6100_Brandhaner__Koebenhavn
H2159,55.675332,12.57573,1600,True,simulated_from_model_type,2159,"unset, 100 mm",6100_Brandhaner__Koebenhavn
H2160,55.674525,12.575934,1600,True,simulated_from_model_type,2160,"unset, 100 mm",6100_Brandhaner__Koebenhavn
H2161,55.681129,12.592328,1600,True,simulated_from_model_type,2161,"unset, 100 mm",6100_Brandhaner__Koebenhavn
H2162,55.687549,12.587248,1600,True,simulated_from_model_type,2162,"unset, 100 mm",6100_Brandhaner__Koebenhavn
H2163,55.678597,12.591567,1600,True,simulated_from_model_type,2163,"unset, 100 mm",6100_Brandhaner__Koebenhavn
H2164,55.683399,12.588186,1600,True,simulated_from_model_type,2164,"unset, 100 mm",6100_Brandhaner__Koebenhavn
H2165,55.682752,12.588844,1600,True,simulated_from_model_type,2165,"unset, 100 mm",6100_Brandhaner__Koebenhavn
H2166,55.681696,12.587971,1600,True,simulated_from_model_type,2166,"unset, 100 mm",6100_Brandhaner__Koebenhavn
H2167,55.68449,12.585973,1600,True,simulated_from_model_type,2167,"unset, 100 mm",6100_Brandhaner__Koebenhavn
H2168,55.677727,12.590769,1600,True,simulated_from_model_type,2168,"unset, 100 mm",6100_Brandhaner__Koebenhavn
H2169,55.684479,12.583772,1600,True,simulated_from_model_type,2169,"unset, 100 mm",6100_Brandhaner__Koebenhavn
H2170,55.684877,12.582805,1600,True,simulated_from_model_type,2170,"unset, 100 mm",6100_Brandhaner__Koebenhavn
H2171,55.685708,12.583425,1600,True,simulated_from_model_type,2171,"unset, 100 mm",6100_Brandhaner__Koebenhavn
H2172,55.68494,12.58461,1600,True,simulated_from_model_type,2172,"unset, 100 mm",6100_Brandhaner__Koebenhavn
H2173,55.686618,12.584319,1600,True,simulated_from_model_type,2173,"unset, 100 mm",6100_Brandhaner__Koebenhavn
H2174,55.687024,12.584236,1600,True,simulated_from_model_type,2174,"unset, 100 mm",6100_Brandhaner__Koebenhavn
H2175,55.67131,12.577434,1600,True,simulated_from_model_type,2175,"unset, 100 mm",6100_Brandhaner__Koebenhavn
H2176,55.672524,12.57664,1500,True,simulated_from_model_type,2176,"unset, 90 mm",6100_Brandhaner__Koebenhavn
H2177,55.671956,12.578276,1600,True,simulated_from_model_type,2177,"unset, 100 mm",6100_Brandhaner__Koebenhavn
H2178,55.671968,12.574853,1600,True,simulated_from_model_type,2178,"unset, 100 mm",6100_Brandhaner__Koebenhavn
H2179,55.67231,12.575345,1600,True,simulated_from_model_type,2179,"unset, 100 mm",6100_Brandhaner__Koebenhavn
H2180,55.673571,12.577846,1600,True,simulated_from_model_type,2180,"unset, 100 mm",6100_Brandhaner__Koebenhavn
H2181,55.672167,12.579258,1600,True,simulated_from_model_type,2181,"unset, 100 mm",6100_Brandhaner__Koebenhavn
H2182,55.672778,12.578777,1600,True,simulated_from_model_type,2182,"unset, 100 mm",6100_Brandhaner__Koebenhavn
H2183,55.682111,12.590081,1600,True,simulated_from_model_type,2183,"unset, 100 mm",6100_Brandhaner__Koebenhavn
H2184,55.671022,12.575842,1600,True,simulated_from_model_type,2184,"unset, 100 mm",6100_Brandhaner__Koebenhavn
H2185,55.670766,12.574572,1600,True,simulated_from_model_type,2185,"unset, 100 mm",6100_Brandhaner__Koebenhavn
H2186,55.690683,12.567086,1600,True,simulated_from_model_type,2186,"unset, 100 mm",6100_Brandhaner__Koebenhavn
H2187,55.675505,12.563601,1600,True,simulated_from_model_type,2187,"unset, 100 mm",6100_Brandhaner__Koebenhavn
H2188,55.681553,12.590758,1600,True,simulated_from_model_type,2188,"unset, 100 mm",6100_Brandhaner__Koebenhavn
H2189,55.680856,12.589823,1600,True,simulated_from_model_type,2189,"unset, 100 mm",6100_Brandhaner__Koebenhavn
H2190,55.68353,12.592651,2000,True,simulated_from_model_type,2190,"unset, 110 mm",6100_Brandhaner__Koebenhavn
H2191,55.683704,12.589873,1600,True,simulated_from_model_type,2191,"unset, 100 mm",6100_Brandhaner__Koebenhavn
H2192,55.674636,12.562024,1600,True,simulated_from_model_type,2192,"unset, 100 mm",6100_Brandhaner__Koebenhavn
H2193,55.674941,12.561225,1600,True,simulated_from_model_type,2193,"unset, 100 mm",6100_Brandhaner__Koebenhavn
H2194,55.675161,12.562152,1600,True,simulated_from_model_type,2194,"unset, 100 mm",6100_Brandhaner__Koebenhavn
H2195,55.674305,12.563976,1600,True,simulated_from_model_type,2195,"unset, 100 mm",6100_Brandhaner__Koebenhavn
H2196,55.676085,12.561694,1600,True,simulated_from_model_type,2196,"unset, 100 mm",6100_Brandhaner__Koebenhavn
H2197,55.674835,12.564767,1600,True,simulated_from_model_type,2197,"unset, 100 mm",6100_Brandhaner__Koebenhavn
H2198,55.676338,12.564275,1600,True,simulated_from_model_type,2198,"unset, 100 mm",6100_Brandhaner__Koebenhavn
H2199,55.676883,12.565224,1600,True,simulated_from_model_type,2199,"unset, 100 mm",6100_Brandhaner__Koebenhavn
H2200,55.676035,12.56557,1600,True,simulated_from_model_type,2200,"unset, 100 mm",6100_Brandhaner__Koebenhavn
H2201,55.67723,12.569332,1600,True,simulated_from_model_type,2201,"unset, 100 mm",6100_Brandhaner__Koebenhavn
H2202,55.675101,12.566434,1600,True,simulated_from_model_type,2202,"unset, 100 mm",6100_Brandhaner__Koebenhavn
H2203,55.675208,12.565864,1600,True,simulated_from_model_type,2203,"unset, 100 mm",6100_Brandhaner__Koebenhavn
H2204,55.677386,12.566657,1600,True,simulated_from_model_type,2204,"unset, 100 mm",6100_Brandhaner__Koebenhavn
H2205,55.675074,12.568635,1600,True,simulated_from_model_type,2205,"unset, 100 mm",6100_Brandhaner__Koebenhavn
H2206,55.674456,12.569875,1600,True,simulated_from_model_type,2206,"unset, 100 mm",6100_Brandhaner__Koebenhavn
H2207,55.675751,12.567338,1600,True,simulated_from_model_type,2207,"unset, 100 mm",6100_Brandhaner__Koebenhavn
H2208,55.676099,12.57052,1600,True,simulated_from_model_type,2208,"unset, 100 mm",6100_Brandhaner__Koebenhavn
H2209,55.676425,12.569528,1600,True,simulated_from_model_type,2209,"unset, 100 mm",6100_Brandhaner__Koebenhavn
H2210,55.674088,12.56717,1600,True,simulated_from_model_type,2210,"unset, 100 mm",6100_Brandhaner__Koebenhavn
H2211,55.680467,12.561418,1600,True,simulated_from_model_type,2211,"unset, 100 mm",6100_Brandhaner__Koebenhavn
H2212,55.679599,12.561339,1600,True,simulated_from_model_type,2212,"unset, 100 mm",6100_Brandhaner__Koebenhavn
H2213,55.679152,12.561822,1600,True,simulated_from_model_type,2213,"unset, 100 mm",6100_Brandhaner__Koebenhavn
H2214,55.679579,12.563146,1600,True,simulated_from_model_type,2214,"unset, 100 mm",6100_Brandhaner__Koebenhavn
H2215,55.679401,12.564391,1600,True,simulated_from_model_type,2215,"unset, 100 mm",6100_Brandhaner__Koebenhavn
H2216,55.678053,12.56439,1600,True,simulated_from_model_type,2216,"unset, 100 mm",6100_Brandhaner__Koebenhavn
H2217,55.678406,12.562538,1600,True,simulated_from_model_type,2217,"unset, 100 mm",6100_Brandhaner__Koebenhavn
H2218,55.677721,12.562109,1600,True,simulated_from_model_type,2218,"unset, 100 mm",6100_Brandhaner__Koebenhavn
H2219,55.68022,12.569399,1600,True,simulated_from_model_type,2219,"unset, 100 mm",6100_Brandhaner__Koebenhavn
H2220,55.679456,12.56983,1600,True,simulated_from_model_type,2220,"unset, 100 mm",6100_Brandhaner__Koebenhavn
H2221,55.679948,12.567809,1600,True,simulated_from_model_type,2221,"unset, 100 mm",6100_Brandhaner__Koebenhavn
H2222,55.67877,12.567563,1600,True,simulated_from_model_type,2222,"unset, 100 mm",6100_Brandhaner__Koebenhavn
H2223,55.678223,12.566387,1600,True,simulated_from_model_type,2223,"unset, 100 mm",6100_Brandhaner__Koebenhavn
H2224,55.678065,12.565934,1600,True,simulated_from_model_type,2224,"unset, 100 mm",6100_Brandhaner__Koebenhavn
H2225,55.678241,12.56865,1600,True,simulated_from_model_type,2225,"unset, 100 mm",6100_Brandhaner__Koebenhavn
H2226,55.679311,12.568445,1600,True,simulated_from_model_type,2226,"unset, 100 mm",6100_Brandhaner__Koebenhavn
H2227,55.678713,12.569914,1600,True,simulated_from_model_type,2227,"unset, 100 mm",6100_Brandhaner__Koebenhavn
H2228,55.678069,12.569701,1600,True,simulated_from_model_type,2228,"unset, 100 mm",6100_Brandhaner__Koebenhavn
H2229,55.681523,12.578709,1600,True,simulated_from_model_type,2229,"unset, 100 mm",6100_Brandhaner__Koebenhavn
H2230,55.680566,12.571443,1600,True,simulated_from_model_type,2230,"unset, 100 mm",6100_Brandhaner__Koebenhavn
H2231,55.67977,12.571183,1600,True,simulated_from_model_type,2231,"unset, 100 mm",6100_Brandhaner__Koebenhavn
H2232,55.679608,12.57199,1600,True,simulated_from_model_type,2232,"unset, 100 mm",6100_Brandhaner__Koebenhavn
H2233,55.680006,12.573428,1600,True,simulated_from_model_type,2233,"unset, 100 mm",6100_Brandhaner__Koebenhavn
H2234,55.681552,12.575422,1600,True,simulated_from_model_type,2234,"unset, 100 mm",6100_Brandhaner__Koebenhavn
H2235,55.681053,12.576587,1600,True,simulated_from_model_type,2235,"unset, 100 mm",6100_Brandhaner__Koebenhavn
H2236,55.680894,12.575415,1600,True,simulated_from_model_type,2236,"unset, 100 mm",6100_Brandhaner__Koebenhavn
H2237,55.68249,12.575972,1600,True,simulated_from_model_type,2237,"unset, 100 mm",6100_Brandhaner__Koebenhavn
H2238,55.680258,12.574402,1600,True,simulated_from_model_type,2238,"unset, 100 mm",6100_Brandhaner__Koebenhavn
H2239,55.679696,12.574693,1600,True,simulated_from_model_type,2239,"unset, 100 mm",6100_Brandhaner__Koebenhavn
H2240,55.679098,12.573982,1600,True,simulated_from_model_type,2240,"unset, 100 mm",6100_Brandhaner__Koebenhavn
H2241,55.682339,12.578995,1600,True,simulated_from_model_type,2241,"unset, 100 mm",6100_Brandhaner__Koebenhavn
H2242,55.682756,12.577907,1600,True,simulated_from_model_type,2242,"unset, 100 mm",6100_Brandhaner__Koebenhavn
H2243,55.683221,12.578155,1600,True,simulated_from_model_type,2243,"unset, 100 mm",6100_Brandhaner__Koebenhavn
H2244,55.678292,12.573965,1600,True,simulated_from_model_type,2244,"unset, 100 mm",6100_Brandhaner__Koebenhavn
H2245,55.683198,12.575899,1600,True,simulated_from_model_type,2245,"unset, 100 mm",6100_Brandhaner__Koebenhavn
H2246,55.681091,12.574092,1600,True,simulated_from_model_type,2246,"unset, 100 mm",6100_Brandhaner__Koebenhavn
H2247,55.680999,12.572848,1600,True,simulated_from_model_type,2247,"unset, 100 mm",6100_Brandhaner__Koebenhavn
H2248,55.681871,12.57225,1600,True,simulated_from_model_type,2248,"unset, 100 mm",6100_Brandhaner__Koebenhavn
H2249,55.682265,12.572641,1600,True,simulated_from_model_type,2249,"unset, 100 mm",6100_Brandhaner__Koebenhavn
H2250,55.68217,12.574197,1600,True,simulated_from_model_type,2250,"unset, 100 mm",6100_Brandhaner__Koebenhavn
H2251,55.681821,12.57389,1600,True,simulated_from_model_type,2251,"unset, 100 mm",6100_Brandhaner__Koebenhavn
H2252,55.681066,12.571097,1600,True,simulated_from_model_type,2252,"unset, 100 mm",6100_Brandhaner__Koebenhavn
H2253,55.68193,12.571132,1600,True,simulated_from_model_type,2253,"unset, 100 mm",6100_Brandhaner__Koebenhavn
H2254,55.682889,12.571773,1600,True,simulated_from_model_type,2254,"unset, 100 mm",6100_Brandhaner__Koebenhavn
H2255,55.683754,12.573074,1600,True,simulated_from_model_type,2255,"unset, 100 mm",6100_Brandhaner__Koebenhavn
H2256,55.683668,12.574471,1600,True,simulated_from_model_type,2256,"unset, 100 mm",6100_Brandhaner__Koebenhavn
H2257,55.677872,12.572164,1600,True,simulated_from_model_type,2257,"unset, 100 mm",6100_Brandhaner__Koebenhavn
H2258,55.677905,12.570886,1600,True,simulated_from_model_type,2258,"unset, 100 mm",6100_Brandhaner__Koebenhavn
H2259,55.679168,12.57131,1600,True,simulated_from_model_type,2259,"unset, 100 mm",6100_Brandhaner__Koebenhavn
H2260,55.680334,12.575465,1600,True,simulated_from_model_type,2260,"unset, 100 mm",6100_Brandhaner__Koebenhavn
H2261,55.679847,12.576297,1600,True,simulated_from_model_type,2261,"unset, 100 mm",6100_Brandhaner__Koebenhavn
H2262,55.680688,12.577569,1600,True,simulated_from_model_type,2262,"unset, 100 mm",6100_Brandhaner__Koebenhavn
H2263,55.680488,12.578645,1600,True,simulated_from_model_type,2263,"unset, 100 mm",6100_Brandhaner__Koebenhavn
H2264,55.680044,12.577861,1600,True,simulated_from_model_type,2264,"unset, 100 mm",6100_Brandhaner__Koebenhavn
H2265,55.679112,12.577843,1600,True,simulated_from_model_type,2265,"unset, 100 mm",6100_Brandhaner__Koebenhavn
H2266,55.679538,12.576785,1600,True,simulated_from_model_type,2266,"unset, 100 mm",6100_Brandhaner__Koebenhavn
H2267,55.678821,12.576329,1600,True,simulated_from_model_type,2267,"unset, 100 mm",6100_Brandhaner__Koebenhavn
H2268,55.678373,12.576292,1600,True,simulated_from_model_type,2268,"unset, 100 mm",6100_Brandhaner__Koebenhavn
H2269,55.677853,12.576904,1600,True,simulated_from_model_type,2269,"unset, 100 mm",6100_Brandhaner__Koebenhavn
H2270,55.678695,12.579305,1600,True,simulated_from_model_type,2270,"unset, 100 mm",6100_Brandhaner__Koebenhavn
H2271,55.678175,12.578344,1600,True,simulated_from_model_type,2271,"unset, 100 mm",6100_Brandhaner__Koebenhavn
H2272,55.67754,12.577731,1600,True,simulated_from_model_type,2272,"unset, 100 mm",6100_Brandhaner__Koebenhavn
H2273,55.677958,12.579632,1600,True,simulated_from_model_type,2273,"unset, 100 mm",6100_Brandhaner__Koebenhavn
H2274,55.689925,12.589132,1600,True,simulated_from_model_type,2274,"unset, 100 mm",6100_Brandhaner__Koebenhavn
H2275,55.683384,12.594568,1600,True,simulated_from_model_type,2275,"unset, 100 mm",6100_Brandhaner__Koebenhavn
H2276,55.677152,12.571318,1600,True,simulated_from_model_type,2276,"unset, 100 mm",6100_Brandhaner__Koebenhavn
H2277,55.676832,12.57066,1600,True,simulated_from_model_type,2277,"unset, 100 mm",6100_Brandhaner__Koebenhavn
H2278,55.677542,12.564581,1600,True,simulated_from_model_type,2278,"unset, 100 mm",6100_Brandhaner__Koebenhavn
H2279,55.676762,12.572621,1600,True,simulated_from_model_type,2279,"unset, 100 mm",6100_Brandhaner__Koebenhavn
H2280,55.677142,12.573459,1600,True,simulated_from_model_type,2280,"unset, 100 mm",6100_Brandhaner__Koebenhavn
H2281,55.677546,12.567446,1600,True,simulated_from_model_type,2281,"unset, 100 mm",6100_Brandhaner__Koebenhavn
H2282,55.675402,12.571461,1600,True,simulated_from_model_type,2282,"unset, 100 mm",6100_Brandhaner__Koebenhavn
H2283,55.674998,12.574178,1600,True,simulated_from_model_type,2283,"unset, 100 mm",6100_Brandhaner__Koebenhavn
H2284,55.673787,12.572525,1600,True,simulated_from_model_type,2284,"unset, 100 mm",6100_Brandhaner__Koebenhavn
H2285,55.674433,12.571567,1600,True,simulated_from_model_type,2285,"unset, 100 mm",6100_Brandhaner__Koebenhavn
H2286,55.675043,12.57137,1600,True,simulated_from_model_type,2286,"unset, 100 mm",6100_Brandhaner__Koebenhavn
H2287,55.675084,12.571437,1600,True,simulated_from_model_type,2287,"unset, 100 mm",6100_Brandhaner__Koebenhavn
H2288,55.674007,12.574536,1600,True,simulated_from_model_type,2288,"unset, 100 mm",6100_Brandhaner__Koebenhavn
H2289,55.682035,12.57994,1600,True,simulated_from_model_type,2289,"unset, 100 mm",6100_Brandhaner__Koebenhavn
H2290,55.682094,12.58123,1600,True,simulated_from_model_type,2290,"unset, 100 mm",6100_Brandhaner__Koebenhavn
H2291,55.689801,12.575852,1600,True,simulated_from_model_type,2291,"unset, 100 mm",6100_Brandhaner__Koebenhavn
H2292,55.675764,12.572134,1600,True,simulated_from_model_type,2292,"unset, 100 mm",6100_Brandhaner__Koebenhavn
H2293,55.668562,12.503385,800,True,simulated_from_model_type,2293,"unset, unset",6100_Brandhaner__Koebenhavn
H2294,55.669131,12.504955,800,True,simulated_from_model_type,2294,"unset, unset",6100_Brandhaner__Koebenhavn
H2295,55.668215,12.513683,800,True,simulated_from_model_type,2295,"unset, unset",6100_Brandhaner__Koebenhavn
H2296,55.667907,12.505808,800,True,simulated_from_model_type,2296,"unset, unset",6100_Brandhaner__Koebenhavn
H2297,55.672736,12.486514,1600,True,simulated_from_model_type,2297,"unset, 100 mm",6100_Brandhaner__Koebenhavn
H2298,55.668849,12.50662,800,True,simulated_from_model_type,2298,"unset, unset",6100_Brandhaner__Koebenhavn
H2299,55.672488,12.484834,800,True,simulated_from_model_type,2299,"unset, unset",6100_Brandhaner__Koebenhavn
H2300,55.671865,12.486286,1600,True,simulated_from_model_type,2300,"unset, 100 mm",6100_Brandhaner__Koebenhavn
H2301,55.671835,12.48786,1600,True,simulated_from_model_type,2301,"unset, 100 mm",6100_Brandhaner__Koebenhavn
H2302,55.668296,12.50798,800,True,simulated_from_model_type,2302,"unset, unset",6100_Brandhaner__Koebenhavn
H2303,55.661683,12.486771,800,True,simulated_from_model_type,2303,"unset, unset",6100_Brandhaner__Koebenhavn
H2304,55.666836,12.5139,800,True,simulated_from_model_type,2304,"unset, unset",6100_Brandhaner__Koebenhavn
H2305,55.669024,12.508404,800,True,simulated_from_model_type,2305,"unset, unset",6100_Brandhaner__Koebenhavn
H2306,55.673254,12.488468,1600,True,simulated_from_model_type,2306,"unset, 100 mm",6100_Brandhaner__Koebenhavn
H2307,55.662859,12.485852,800,True,simulated_from_model_type,2307,"unset, unset",6100_Brandhaner__Koebenhavn
H2308,55.67436,12.488355,1600,True,simulated_from_model_type,2308,"unset, 100 mm",6100_Brandhaner__Koebenhavn
H2309,55.657213,12.479276,800,True,simulated_from_model_type,2309,"unset, unset",6100_Brandhaner__Koebenhavn
H2310,55.656369,12.482608,800,True,simulated_from_model_type,2310,"unset, unset",6100_Brandhaner__Koebenhavn
H2311,55.656294,12.481909,800,True,simulated_from_model_type,2311,"unset, unset",6100_Brandhaner__Koebenhavn
H2312,55.67502,12.486623,1600,True,simulated_from_model_type,2312,"unset, 100 mm",6100_Brandhaner__Koebenhavn
H2313,55.673591,12.487028,1600,True,simulated_from_model_type,2313,"unset, 100 mm",6100_Brandhaner__Koebenhavn
H2314,55.668472,12.509234,800,True,simulated_from_model_type,2314,"unset, unset",6100_Brandhaner__Koebenhavn
H2315,55.668037,12.510436,800,True,simulated_from_model_type,2315,"unset, unset",6100_Brandhaner__Koebenhavn
H2316,55.669034,12.510257,800,True,simulated_from_model_type,2316,"unset, unset",6100_Brandhaner__Koebenhavn
H2317,55.674773,12.484566,1600,True,simulated_from_model_type,2317,"unset, 100 mm",6100_Brandhaner__Koebenhavn
H2318,55.668908,12.511739,800,True,simulated_from_model_type,2318,"unset, unset",6100_Brandhaner__Koebenhavn
H2319,55.67453,12.488626,1600,True,simulated_from_model_type,2319,"unset, 100 mm",6100_Brandhaner__Koebenhavn
H2320,55.666762,12.511524,800,True,simulated_from_model_type,2320,"unset, unset",6100_Brandhaner__Koebenhavn
H2321,55.666477,12.509823,800,True,simulated_from_model_type,2321,"unset, unset",6100_Brandhaner__Koebenhavn
H2322,55.666728,12.508458,800,True,simulated_from_model_type,2322,"unset, unset",6100_Brandhaner__Koebenhavn
H2323,55.667415,12.510862,800,True,simulated_from_model_type,2323,"unset, unset",6100_Brandhaner__Koebenhavn
H2324,55.667312,12.509429,800,True,simulated_from_model_type,2324,"unset, unset",6100_Brandhaner__Koebenhavn
H2325,55.663301,12.510785,800,True,simulated_from_model_type,2325,"unset, unset",6100_Brandhaner__Koebenhavn
H2326,55.662436,12.510531,800,True,simulated_from_model_type,2326,"unset, unset",6100_Brandhaner__Koebenhavn
H2327,55.661533,12.510271,800,True,simulated_from_model_type,2327,"unset, unset",6100_Brandhaner__Koebenhavn
H2328,55.661881,12.511377,800,True,simulated_from_model_type,2328,"unset, unset",6100_Brandhaner__Koebenhavn
H2329,55.662992,12.51161,800,True,simulated_from_model_type,2329,"unset, unset",6100_Brandhaner__Koebenhavn
H2330,55.660767,12.486539,800,True,simulated_from_model_type,2330,"unset, unset",6100_Brandhaner__Koebenhavn
H2331,55.677399,12.489076,1600,True,simulated_from_model_type,2331,"unset, 100 mm",6100_Brandhaner__Koebenhavn
H2332,55.678007,12.491686,800,True,simulated_from_model_type,2332,"unset, unset",6100_Brandhaner__Koebenhavn
H2333,55.676157,12.492171,1600,True,simulated_from_model_type,2333,"unset, 100 mm",6100_Brandhaner__Koebenhavn
H2334,55.661566,12.488349,800,True,simulated_from_model_type,2334,"unset, unset",6100_Brandhaner__Koebenhavn
H2335,55.676482,12.490745,1600,True,simulated_from_model_type,2335,"unset, 100 mm",6100_Brandhaner__Koebenhavn
H2336,55.66137,12.504728,800,True,simulated_from_model_type,2336,"unset, unset",6100_Brandhaner__Koebenhavn
H2337,55.667563,12.517072,2000,True,simulated_from_model_type,2337,"unset, 110 mm",6100_Brandhaner__Koebenhavn
H2338,55.667322,12.51871,800,True,simulated_from_model_type,2338,"unset, unset",6100_Brandhaner__Koebenhavn
H2339,55.675449,12.489839,1600,True,simulated_from_model_type,2339,"unset, 100 mm",6100_Brandhaner__Koebenhavn
H2340,55.667745,12.503444,800,True,simulated_from_model_type,2340,"unset, unset",6100_Brandhaner__Koebenhavn
H2341,55.667275,12.504674,800,True,simulated_from_model_type,2341,"unset, unset",6100_Brandhaner__Koebenhavn
H2342,55.667456,12.506538,800,True,simulated_from_model_type,2342,"unset, unset",6100_Brandhaner__Koebenhavn
H2343,55.666558,12.506586,800,True,simulated_from_model_type,2343,"unset, unset",6100_Brandhaner__Koebenhavn
H2344,55.666952,12.503069,800,True,simulated_from_model_type,2344,"unset, unset",6100_Brandhaner__Koebenhavn
H2345,55.666482,12.505256,800,True,simulated_from_model_type,2345,"unset, unset",6100_Brandhaner__Koebenhavn
H2346,55.666417,12.503199,800,True,simulated_from_model_type,2346,"unset, unset",6100_Brandhaner__Koebenhavn
H2347,55.662889,12.503511,800,True,simulated_from_model_type,2347,"unset, unset",6100_Brandhaner__Koebenhavn
H2348,55.665237,12.504832,800,True,simulated_from_model_type,2348,"unset, unset",6100_Brandhaner__Koebenhavn
H2349,55.662864,12.505942,800,True,simulated_from_model_type,2349,"unset, unset",6100_Brandhaner__Koebenhavn
H2350,55.664486,12.507037,800,True,simulated_from_model_type,2350,"unset, unset",6100_Brandhaner__Koebenhavn
H2351,55.664547,12.504127,800,True,simulated_from_model_type,2351,"unset, unset",6100_Brandhaner__Koebenhavn
H2352,55.66485,12.486858,800,True,simulated_from_model_type,2352,"unset, unset",6100_Brandhaner__Koebenhavn
H2353,55.666489,12.515877,800,True,simulated_from_model_type,2353,"unset, unset",6100_Brandhaner__Koebenhavn
H2354,55.664804,12.484215,800,True,simulated_from_model_type,2354,"unset, unset",6100_Brandhaner__Koebenhavn
H2355,55.663422,12.506177,800,True,simulated_from_model_type,2355,"unset, unset",6100_Brandhaner__Koebenhavn
H2356,55.663446,12.503609,800,True,simulated_from_model_type,2356,"unset, unset",6100_Brandhaner__Koebenhavn
H2357,55.665481,12.486058,800,True,simulated_from_model_type,2357,"unset, unset",6100_Brandhaner__Koebenhavn
H2358,55.662253,12.505681,800,True,simulated_from_model_type,2358,"unset, unset",6100_Brandhaner__Koebenhavn
H2359,55.662198,12.502635,800,True,simulated_from_model_type,2359,"unset, unset",6100_Brandhaner__Koebenhavn
H2360,55.665159,12.489749,1600,True,simulated_from_model_type,2360,"unset, 100 mm",6100_Brandhaner__Koebenhavn
H2361,55.661255,12.507772,800,True,simulated_from_model_type,2361,"unset, unset",6100_Brandhaner__Koebenhavn
H2362,55.661116,12.506186,800,True,simulated_from_model_type,2362,"unset, unset",6100_Brandhaner__Koebenhavn
H2363,55.660908,12.503276,800,True,simulated_from_model_type,2363,"unset, unset",6100_Brandhaner__Koebenhavn
H2364,55.66337,12.515733,800,True,simulated_from_model_type,2364,"unset, unset",6100_Brandhaner__Koebenhavn
H2365,55.662642,12.514521,800,True,simulated_from_model_type,2365,"unset, unset",6100_Brandhaner__Koebenhavn
H2366,55.663227,12.513236,800,True,simulated_from_model_type,2366,"unset, unset",6100_Brandhaner__Koebenhavn
H2367,55.662879,12.512514,800,True,simulated_from_model_type,2367,"unset, unset",6100_Brandhaner__Koebenhavn
H2368,55.661883,12.512401,800,True,simulated_from_model_type,2368,"unset, unset",6100_Brandhaner__Koebenhavn
H2369,55.661809,12.500454,800,True,simulated_from_model_type,2369,"unset, unset",6100_Brandhaner__Koebenhavn
H2370,55.665018,12.516441,800,True,simulated_from_model_type,2370,"unset, unset",6100_Brandhaner__Koebenhavn
H2371,55.662254,12.513217,800,True,simulated_from_model_type,2371,"unset, unset",6100_Brandhaner__Koebenhavn
H2372,55.664436,12.517658,800,True,simulated_from_model_type,2372,"unset, unset",6100_Brandhaner__Koebenhavn
H2373,55.665885,12.517303,800,True,simulated_from_model_type,2373,"unset, unset",6100_Brandhaner__Koebenhavn
H2374,55.661785,12.515842,800,True,simulated_from_model_type,2374,"unset, unset",6100_Brandhaner__Koebenhavn
H2375,55.662974,12.501289,800,True,simulated_from_model_type,2375,"unset, unset",6100_Brandhaner__Koebenhavn
H2376,55.660342,12.516027,800,True,simulated_from_model_type,2376,"unset, unset",6100_Brandhaner__Koebenhavn
H2377,55.660456,12.515514,800,True,simulated_from_model_type,2377,"unset, unset",6100_Brandhaner__Koebenhavn
H2378,55.663552,12.499003,800,True,simulated_from_model_type,2378,"unset, unset",6100_Brandhaner__Koebenhavn
H2379,55.663522,12.50105,800,True,simulated_from_model_type,2379,"unset, unset",6100_Brandhaner__Koebenhavn
H2380,55.666511,12.518919,800,True,simulated_from_model_type,2380,"unset, unset",6100_Brandhaner__Koebenhavn
H2381,55.662564,12.498415,800,True,simulated_from_model_type,2381,"unset, unset",6100_Brandhaner__Koebenhavn
H2382,55.665668,12.519958,800,True,simulated_from_model_type,2382,"unset, unset",6100_Brandhaner__Koebenhavn
H2383,55.660636,12.501502,800,True,simulated_from_model_type,2383,"unset, unset",6100_Brandhaner__Koebenhavn
H2384,55.662526,12.500412,800,True,simulated_from_model_type,2384,"unset, unset",6100_Brandhaner__Koebenhavn
H2385,55.665699,12.518586,800,True,simulated_from_model_type,2385,"unset, unset",6100_Brandhaner__Koebenhavn
H2386,55.660973,12.518591,800,True,simulated_from_model_type,2386,"unset, unset",6100_Brandhaner__Koebenhavn
H2387,55.660431,12.519837,800,True,simulated_from_model_type,2387,"unset, unset",6100_Brandhaner__Koebenhavn
H2388,55.665317,12.521349,800,True,simulated_from_model_type,2388,"unset, unset",6100_Brandhaner__Koebenhavn
H2389,55.665035,12.517912,800,True,simulated_from_model_type,2389,"unset, unset",6100_Brandhaner__Koebenhavn
H2390,55.66329,12.518315,2000,True,simulated_from_model_type,2390,"unset, 110 mm",6100_Brandhaner__Koebenhavn
H2391,55.661742,12.49865,800,True,simulated_from_model_type,2391,"unset, unset",6100_Brandhaner__Koebenhavn
H2392,55.664051,12.520957,800,True,simulated_from_model_type,2392,"unset, unset",6100_Brandhaner__Koebenhavn
H2393,55.664529,12.521195,800,True,simulated_from_model_type,2393,"unset, unset",6100_Brandhaner__Koebenhavn
H2394,55.662183,12.520442,800,True,simulated_from_model_type,2394,"unset, unset",6100_Brandhaner__Koebenhavn
H2395,55.664713,12.519597,800,True,simulated_from_model_type,2395,"unset, unset",6100_Brandhaner__Koebenhavn
H2396,55.662633,12.517781,2000,True,simulated_from_model_type,2396,"unset, 110 mm",6100_Brandhaner__Koebenhavn
H2397,55.661853,12.518656,800,True,simulated_from_model_type,2397,"unset, unset",6100_Brandhaner__Koebenhavn
H2398,55.661438,12.517292,800,True,simulated_from_model_type,2398,"unset, unset",6100_Brandhaner__Koebenhavn
H2399,55.661526,12.521156,800,True,simulated_from_model_type,2399,"unset, unset",6100_Brandhaner__Koebenhavn
H2400,55.660588,12.521324,800,True,simulated_from_model_type,2400,"unset, unset",6100_Brandhaner__Koebenhavn
H2401,55.661089,12.51969,800,True,simulated_from_model_type,2401,"unset, unset",6100_Brandhaner__Koebenhavn
H2402,55.666318,12.522086,800,True,simulated_from_model_type,2402,"unset, unset",6100_Brandhaner__Koebenhavn
H2403,55.664032,12.522483,800,True,simulated_from_model_type,2403,"unset, unset",6100_Brandhaner__Koebenhavn
H2404,55.664915,12.52232,800,True,simulated_from_model_type,2404,"unset, unset",6100_Brandhaner__Koebenhavn
H2405,55.66409,12.523909,800,True,simulated_from_model_type,2405,"unset, unset",6100_Brandhaner__Koebenhavn
H2406,55.665236,12.523585,800,True,simulated_from_model_type,2406,"unset, unset",6100_Brandhaner__Koebenhavn
H2407,55.66626,12.523284,800,True,simulated_from_model_type,2407,"unset, unset",6100_Brandhaner__Koebenhavn
H2408,55.66648,12.524712,800,True,simulated_from_model_type,2408,"unset, unset",6100_Brandhaner__Koebenhavn
H2409,55.663966,12.525568,800,True,simulated_from_model_type,2409,"unset, unset",6100_Brandhaner__Koebenhavn
H2410,55.665223,12.525146,800,True,simulated_from_model_type,2410,"unset, unset",6100_Brandhaner__Koebenhavn
H2411,55.672632,12.492722,800,True,simulated_from_model_type,2411,"unset, unset",6100_Brandhaner__Koebenhavn
H2412,55.659418,12.515772,800,True,simulated_from_model_type,2412,"unset, unset",6100_Brandhaner__Koebenhavn
H2413,55.672706,12.489129,800,True,simulated_from_model_type,2413,"unset, unset",6100_Brandhaner__Koebenhavn
H2414,55.657603,12.515045,800,True,simulated_from_model_type,2414,"unset, unset",6100_Brandhaner__Koebenhavn
H2415,55.658486,12.513699,800,True,simulated_from_model_type,2415,"unset, unset",6100_Brandhaner__Koebenhavn
H2416,55.672882,12.491741,800,True,simulated_from_model_type,2416,"unset, unset",6100_Brandhaner__Koebenhavn
H2417,55.674798,12.491496,1600,True,simulated_from_model_type,2417,"unset, 100 mm",6100_Brandhaner__Koebenhavn
H2418,55.673539,12.490338,1600,True,simulated_from_model_type,2418,"unset, 100 mm",6100_Brandhaner__Koebenhavn
H2419,55.659421,12.519829,800,True,simulated_from_model_type,2419,"unset, unset",6100_Brandhaner__Koebenhavn
H2420,55.672382,12.491056,1600,True,simulated_from_model_type,2420,"unset, 100 mm",6100_Brandhaner__Koebenhavn
H2421,55.658805,12.516683,800,True,simulated_from_model_type,2421,"unset, unset",6100_Brandhaner__Koebenhavn
H2422,55.657999,12.516666,800,True,simulated_from_model_type,2422,"unset, unset",6100_Brandhaner__Koebenhavn
H2423,55.657228,12.518671,800,True,simulated_from_model_type,2423,"unset, unset",6100_Brandhaner__Koebenhavn
H2424,55.658485,12.519933,800,True,simulated_from_model_type,2424,"unset, unset",6100_Brandhaner__Koebenhavn
H2425,55.657481,12.520044,800,True,simulated_from_model_type,2425,"unset, unset",6100_Brandhaner__Koebenhavn
H2426,55.657856,12.521152,800,True,simulated_from_model_type,2426,"unset, unset",6100_Brandhaner__Koebenhavn
H2427,55.65949,12.520938,800,True,simulated_from_model_type,2427,"unset, unset",6100_Brandhaner__Koebenhavn
H2428,55.665271,12.481524,1600,True,simulated_from_model_type,2428,"unset, 100 mm",6100_Brandhaner__Koebenhavn
H2429,55.665565,12.482837,1600,True,simulated_from_model_type,2429,"unset, 100 mm",6100_Brandhaner__Koebenhavn
H2430,55.662478,12.522168,800,True,simulated_from_model_type,2430,"unset, unset",6100_Brandhaner__Koebenhavn
H2431,55.662605,12.5238,800,True,simulated_from_model_type,2431,"unset, unset",6100_Brandhaner__Koebenhavn
H2432,55.657025,12.525794,1500,True,simulated_from_model_type,2432,"unset, 90 mm",6100_Brandhaner__Koebenhavn
H2433,55.657987,12.525509,1500,True,simulated_from_model_type,2433,"unset, 90 mm",6100_Brandhaner__Koebenhavn
H2434,55.658989,12.525226,1500,True,simulated_from_model_type,2434,"unset, 90 mm",6100_Brandhaner__Koebenhavn
H2435,55.650265,12.507282,800,True,simulated_from_model_type,2435,"unset, unset",6100_Brandhaner__Koebenhavn
H2436,55.661071,12.524625,2000,True,simulated_from_model_type,2436,"unset, 110 mm",6100_Brandhaner__Koebenhavn
H2437,55.662283,12.524273,800,True,simulated_from_model_type,2437,"unset, unset",6100_Brandhaner__Koebenhavn
H2438,55.650389,12.510167,800,True,simulated_from_model_type,2438,"unset, unset",6100_Brandhaner__Koebenhavn
H2439,55.64991,12.509104,800,True,simulated_from_model_type,2439,"unset, unset",6100_Brandhaner__Koebenhavn
H2440,55.650683,12.511247,800,True,simulated_from_model_type,2440,"unset, unset",6100_Brandhaner__Koebenhavn
H2441,55.661634,12.522853,800,True,simulated_from_model_type,2441,"unset, unset",6100_Brandhaner__Koebenhavn
H2442,55.658961,12.523446,800,True,simulated_from_model_type,2442,"unset, unset",6100_Brandhaner__Koebenhavn
H2443,55.650394,12.508518,800,True,simulated_from_model_type,2443,"unset, unset",6100_Brandhaner__Koebenhavn
H2444,55.660238,12.523325,800,True,simulated_from_model_type,2444,"unset, unset",6100_Brandhaner__Koebenhavn
H2445,55.657914,12.523612,800,True,simulated_from_model_type,2445,"unset, unset",6100_Brandhaner__Koebenhavn
H2446,55.65095,12.508438,800,True,simulated_from_model_type,2446,"unset, unset",6100_Brandhaner__Koebenhavn
H2447,55.657755,12.522302,800,True,simulated_from_model_type,2447,"unset, unset",6100_Brandhaner__Koebenhavn
H2448,55.659266,12.522047,800,True,simulated_from_model_type,2448,"unset, unset",6100_Brandhaner__Koebenhavn
H2449,55.652527,12.512718,800,True,simulated_from_model_type,2449,"unset, unset",6100_Brandhaner__Koebenhavn
H2450,55.661904,12.479265,1600,True,simulated_from_model_type,2450,"unset, 100 mm",6100_Brandhaner__Koebenhavn
H2451,55.654362,12.523512,800,True,simulated_from_model_type,2451,"unset, unset",6100_Brandhaner__Koebenhavn
H2452,55.661919,12.481433,1600,True,simulated_from_model_type,2452,"unset, 100 mm",6100_Brandhaner__Koebenhavn
H2453,55.656135,12.522623,800,True,simulated_from_model_type,2453,"unset, unset",6100_Brandhaner__Koebenhavn
H2454,55.65248,12.511632,800,True,simulated_from_model_type,2454,"unset, unset",6100_Brandhaner__Koebenhavn
H2455,55.654554,12.522854,800,True,simulated_from_model_type,2455,"unset, unset",6100_Brandhaner__Koebenhavn
H2456,55.653084,12.52178,800,True,simulated_from_model_type,2456,"unset, unset",6100_Brandhaner__Koebenhavn
H2457,55.662816,12.481684,1600,True,simulated_from_model_type,2457,"unset, 100 mm",6100_Brandhaner__Koebenhavn
H2458,55.65462,12.521574,800,True,simulated_from_model_type,2458,"unset, unset",6100_Brandhaner__Koebenhavn
H2459,55.662895,12.47931,1600,True,simulated_from_model_type,2459,"unset, 100 mm",6100_Brandhaner__Koebenhavn
H2460,55.656231,12.521362,800,True,simulated_from_model_type,2460,"unset, unset",6100_Brandhaner__Koebenhavn
H2461,55.654734,12.524925,800,True,simulated_from_model_type,2461,"unset, unset",6100_Brandhaner__Koebenhavn
H2462,55.671786,12.491472,800,True,simulated_from_model_type,2462,"unset, unset",6100_Brandhaner__Koebenhavn
H2463,55.653135,12.52548,800,True,simulated_from_model_type,2463,"unset, unset",6100_Brandhaner__Koebenhavn
H2464,55.650597,12.512995,800,True,simulated_from_model_type,2464,"unset, unset",6100_Brandhaner__Koebenhavn
H2465,55.671815,12.489755,1600,True,simulated_from_model_type,2465,"unset, 100 mm",6100_Brandhaner__Koebenhavn
H2466,55.650493,12.516086,800,True,simulated_from_model_type,2466,"unset, unset",6100_Brandhaner__Koebenhavn
H2467,55.650548,12.514438,800,True,simulated_from_model_type,2467,"unset, unset",6100_Brandhaner__Koebenhavn
H2468,55.651471,12.513244,800,True,simulated_from_model_type,2468,"unset, unset",6100_Brandhaner__Koebenhavn
H2469,55.651795,12.515718,800,True,simulated_from_model_type,2469,"unset, unset",6100_Brandhaner__Koebenhavn
H2470,55.650081,12.520205,800,True,simulated_from_model_type,2470,"unset, unset",6100_Brandhaner__Koebenhavn
H2471,55.65176,12.520506,800,True,simulated_from_model_type,2471,"unset, unset",6100_Brandhaner__Koebenhavn
H2472,55.652776,12.520534,800,True,simulated_from_model_type,2472,"unset, unset",6100_Brandhaner__Koebenhavn
H2473,55.649079,12.508246,800,True,simulated_from_model_type,2473,"unset, unset",6100_Brandhaner__Koebenhavn
H2474,55.648257,12.507402,800,True,simulated_from_model_type,2474,"unset, unset",6100_Brandhaner__Koebenhavn
H2475,55.64752,12.506554,800,True,simulated_from_model_type,2475,"unset, unset",6100_Brandhaner__Koebenhavn
H2476,55.649349,12.506589,800,True,simulated_from_model_type,2476,"unset, unset",6100_Brandhaner__Koebenhavn
H2477,55.651513,12.522043,800,True,simulated_from_model_type,2477,"unset, unset",6100_Brandhaner__Koebenhavn
H2478,55.652887,12.523149,800,True,simulated_from_model_type,2478,"unset, unset",6100_Brandhaner__Koebenhavn
H2479,55.652803,12.524335,800,True,simulated_from_model_type,2479,"unset, unset",6100_Brandhaner__Koebenhavn
H2480,55.65235,12.525631,1500,True,simulated_from_model_type,2480,"unset, 90 mm",6100_Brandhaner__Koebenhavn
H2481,55.653758,12.48927,800,True,simulated_from_model_type,2481,"unset, unset",6100_Brandhaner__Koebenhavn
H2482,55.651385,12.523486,800,True,simulated_from_model_type,2482,"unset, unset",6100_Brandhaner__Koebenhavn
H2483,55.650315,12.525046,800,True,simulated_from_model_type,2483,"unset, unset",6100_Brandhaner__Koebenhavn
H2484,55.650332,12.523844,800,True,simulated_from_model_type,2484,"unset, unset",6100_Brandhaner__Koebenhavn
H2485,55.649997,12.493757,800,True,simulated_from_model_type,2485,"unset, unset",6100_Brandhaner__Koebenhavn
H2486,55.653355,12.518864,800,True,simulated_from_model_type,2486,"unset, unset",6100_Brandhaner__Koebenhavn
H2487,55.656287,12.517901,800,True,simulated_from_model_type,2487,"unset, unset",6100_Brandhaner__Koebenhavn
H2488,55.649717,12.49622,800,True,simulated_from_model_type,2488,"unset, unset",6100_Brandhaner__Koebenhavn
H2489,55.655718,12.518649,800,True,simulated_from_model_type,2489,"unset, unset",6100_Brandhaner__Koebenhavn
H2490,55.653804,12.487637,800,True,simulated_from_model_type,2490,"unset, unset",6100_Brandhaner__Koebenhavn
H2491,55.648432,12.496001,800,True,simulated_from_model_type,2491,"unset, unset",6100_Brandhaner__Koebenhavn
H2492,55.644478,12.5014,800,True,simulated_from_model_type,2492,"unset, unset",6100_Brandhaner__Koebenhavn
H2493,55.65449,12.518585,800,True,simulated_from_model_type,2493,"unset, unset",6100_Brandhaner__Koebenhavn
H2494,55.664697,12.483136,800,True,simulated_from_model_type,2494,"unset, unset",6100_Brandhaner__Koebenhavn
H2495,55.664701,12.483141,800,True,simulated_from_model_type,2495,"unset, unset",6100_Brandhaner__Koebenhavn
H2496,55.65646,12.520155,800,True,simulated_from_model_type,2496,"unset, unset",6100_Brandhaner__Koebenhavn
H2497,55.664705,12.483145,800,True,simulated_from_model_type,2497,"unset, unset",6100_Brandhaner__Koebenhavn
H2498,55.664716,12.483157,800,True,simulated_from_model_type,2498,"unset, unset",6100_Brandhaner__Koebenhavn
H2499,55.66472,12.483162,800,True,simulated_from_model_type,2499,"unset, unset",6100_Brandhaner__Koebenhavn
H2500,55.644553,12.500187,800,True,simulated_from_model_type,2500,"unset, unset",6100_Brandhaner__Koebenhavn
H2501,55.645406,12.500529,800,True,simulated_from_model_type,2501,"unset, unset",6100_Brandhaner__Koebenhavn
H2502,55.655394,12.520274,800,True,simulated_from_model_type,2502,"unset, unset",6100_Brandhaner__Koebenhavn
H2503,55.662473,12.489285,800,True,simulated_from_model_type,2503,"unset, unset",6100_Brandhaner__Koebenhavn
H2504,55.655673,12.483071,800,True,simulated_from_model_type,2504,"unset, unset",6100_Brandhaner__Koebenhavn
H2505,55.648959,12.493723,800,True,simulated_from_model_type,2505,"unset, unset",6100_Brandhaner__Koebenhavn
H2506,55.654225,12.520451,800,True,simulated_from_model_type,2506,"unset, unset",6100_Brandhaner__Koebenhavn
H2507,55.65524,12.484035,800,True,simulated_from_model_type,2507,"unset, unset",6100_Brandhaner__Koebenhavn
H2508,55.655327,12.484694,800,True,simulated_from_model_type,2508,"unset, unset",6100_Brandhaner__Koebenhavn
H2509,55.655514,12.485211,800,True,simulated_from_model_type,2509,"unset, unset",6100_Brandhaner__Koebenhavn
H2510,55.645847,12.503693,800,True,simulated_from_model_type,2510,"unset, unset",6100_Brandhaner__Koebenhavn
H2511,55.648904,12.492113,800,True,simulated_from_model_type,2511,"unset, unset",6100_Brandhaner__Koebenhavn
H2512,55.655399,12.486405,800,True,simulated_from_model_type,2512,"unset, unset",6100_Brandhaner__Koebenhavn
H2513,55.648225,12.498272,800,True,simulated_from_model_type,2513,"unset, unset",6100_Brandhaner__Koebenhavn
H2514,55.648893,12.498493,800,True,simulated_from_model_type,2514,"unset, unset",6100_Brandhaner__Koebenhavn
H2515,55.649862,12.49749,800,True,simulated_from_model_type,2515,"unset, unset",6100_Brandhaner__Koebenhavn
H2516,55.650594,12.492041,800,True,simulated_from_model_type,2516,"unset, unset",6100_Brandhaner__Koebenhavn
H2517,55.656678,12.512604,800,True,simulated_from_model_type,2517,"unset, unset",6100_Brandhaner__Koebenhavn
H2518,55.671683,12.484895,1600,True,simulated_from_model_type,2518,"unset, 100 mm",6100_Brandhaner__Koebenhavn
H2519,55.655451,12.512976,800,True,simulated_from_model_type,2519,"unset, unset",6100_Brandhaner__Koebenhavn
H2520,55.654599,12.486959,800,True,simulated_from_model_type,2520,"unset, unset",6100_Brandhaner__Koebenhavn
H2521,55.654757,12.514773,800,True,simulated_from_model_type,2521,"unset, unset",6100_Brandhaner__Koebenhavn
H2522,55.670255,12.484059,1600,True,simulated_from_model_type,2522,"unset, 100 mm",6100_Brandhaner__Koebenhavn
H2523,55.670407,12.480839,1600,True,simulated_from_model_type,2523,"unset, 100 mm",6100_Brandhaner__Koebenhavn
H2524,55.653722,12.517451,800,True,simulated_from_model_type,2524,"unset, unset",6100_Brandhaner__Koebenhavn
H2525,55.655557,12.516626,1500,True,simulated_from_model_type,2525,"unset, 90 mm",6100_Brandhaner__Koebenhavn
H2526,55.656512,12.516613,800,True,simulated_from_model_type,2526,"unset, unset",6100_Brandhaner__Koebenhavn
H2527,55.64617,12.501842,800,True,simulated_from_model_type,2527,"unset, unset",6100_Brandhaner__Koebenhavn
H2528,55.671136,12.486316,1600,True,simulated_from_model_type,2528,"unset, 100 mm",6100_Brandhaner__Koebenhavn
H2529,55.670666,12.487932,1600,True,simulated_from_model_type,2529,"unset, 100 mm",6100_Brandhaner__Koebenhavn
H2530,55.669565,12.486519,800,True,simulated_from_model_type,2530,"unset, unset",6100_Brandhaner__Koebenhavn
H2531,55.654369,12.511197,800,True,simulated_from_model_type,2531,"unset, unset",6100_Brandhaner__Koebenhavn
H2532,55.668614,12.484555,1600,True,simulated_from_model_type,2532,"unset, 100 mm",6100_Brandhaner__Koebenhavn
H2533,55.647036,12.503885,800,True,simulated_from_model_type,2533,"unset, unset",6100_Brandhaner__Koebenhavn
H2534,55.669685,12.481809,1600,True,simulated_from_model_type,2534,"unset, 100 mm",6100_Brandhaner__Koebenhavn
H2535,55.660532,12.493731,800,True,simulated_from_model_type,2535,"unset, unset",6100_Brandhaner__Koebenhavn
H2536,55.661305,12.491923,800,True,simulated_from_model_type,2536,"unset, unset",6100_Brandhaner__Koebenhavn
H2537,55.66097,12.490704,800,True,simulated_from_model_type,2537,"unset, unset",6100_Brandhaner__Koebenhavn
H2538,55.653757,12.508312,800,True,simulated_from_model_type,2538,"unset, unset",6100_Brandhaner__Koebenhavn
H2539,55.67136,12.481897,1600,True,simulated_from_model_type,2539,"unset, 100 mm",6100_Brandhaner__Koebenhavn
H2540,55.6522,12.490656,800,True,simulated_from_model_type,2540,"unset, unset",6100_Brandhaner__Koebenhavn
H2541,55.663796,12.494665,800,True,simulated_from_model_type,2541,"unset, unset",6100_Brandhaner__Koebenhavn
H2542,55.662649,12.494988,800,True,simulated_from_model_type,2542,"unset, unset",6100_Brandhaner__Koebenhavn
H2543,55.651685,12.492849,800,True,simulated_from_model_type,2543,"unset, unset",6100_Brandhaner__Koebenhavn
H2544,55.651306,12.494789,800,True,simulated_from_model_type,2544,"unset, unset",6100_Brandhaner__Koebenhavn
H2545,55.6592,12.508181,800,True,simulated_from_model_type,2545,"unset, unset",6100_Brandhaner__Koebenhavn
H2546,55.659077,12.512121,800,True,simulated_from_model_type,2546,"unset, unset",6100_Brandhaner__Koebenhavn
H2547,55.65115,12.489923,800,True,simulated_from_model_type,2547,"unset, unset",6100_Brandhaner__Koebenhavn
H2548,55.668155,12.502175,800,True,simulated_from_model_type,2548,"unset, unset",6100_Brandhaner__Koebenhavn
H2549,55.664958,12.502408,800,True,simulated_from_model_type,2549,"unset, unset",6100_Brandhaner__Koebenhavn
H2550,55.652459,12.488838,800,True,simulated_from_model_type,2550,"unset, unset",6100_Brandhaner__Koebenhavn
H2551,55.665752,12.502299,800,True,simulated_from_model_type,2551,"unset, unset",6100_Brandhaner__Koebenhavn
H2552,55.666662,12.501582,800,True,simulated_from_model_type,2552,"unset, unset",6100_Brandhaner__Koebenhavn
H2553,55.651366,12.49617,800,True,simulated_from_model_type,2553,"unset, unset",6100_Brandhaner__Koebenhavn
H2554,55.655465,12.490181,800,True,simulated_from_model_type,2554,"unset, unset",6100_Brandhaner__Koebenhavn
H2555,55.655029,12.491605,800,True,simulated_from_model_type,2555,"unset, unset",6100_Brandhaner__Koebenhavn
H2556,55.65203,12.49721,800,True,simulated_from_model_type,2556,"unset, unset",6100_Brandhaner__Koebenhavn
H2557,55.667334,12.501231,800,True,simulated_from_model_type,2557,"unset, unset",6100_Brandhaner__Koebenhavn
H2558,55.647366,12.501464,800,True,simulated_from_model_type,2558,"unset, unset",6100_Brandhaner__Koebenhavn
H2559,55.644351,12.502538,800,True,simulated_from_model_type,2559,"unset, unset",6100_Brandhaner__Koebenhavn
H2560,55.650693,12.499188,800,True,simulated_from_model_type,2560,"unset, unset",6100_Brandhaner__Koebenhavn
H2561,55.651717,12.498978,800,True,simulated_from_model_type,2561,"unset, unset",6100_Brandhaner__Koebenhavn
H2562,55.644835,12.503394,800,True,simulated_from_model_type,2562,"unset, unset",6100_Brandhaner__Koebenhavn
H2563,55.664582,12.499727,800,True,simulated_from_model_type,2563,"unset, unset",6100_Brandhaner__Koebenhavn
H2564,55.645945,12.504297,800,True,simulated_from_model_type,2564,"unset, unset",6100_Brandhaner__Koebenhavn
H2565,55.652838,12.498602,800,True,simulated_from_model_type,2565,"unset, unset",6100_Brandhaner__Koebenhavn
H2566,55.659758,12.479604,800,True,simulated_from_model_type,2566,"unset, unset",6100_Brandhaner__Koebenhavn
H2567,55.664668,12.496905,800,True,simulated_from_model_type,2567,"unset, unset",6100_Brandhaner__Koebenhavn
H2568,55.658292,12.47886,800,True,simulated_from_model_type,2568,"unset, unset",6100_Brandhaner__Koebenhavn
H2569,55.665303,12.496271,800,True,simulated_from_model_type,2569,"unset, unset",6100_Brandhaner__Koebenhavn
H2570,55.653534,12.496593,800,True,simulated_from_model_type,2570,"unset, unset",6100_Brandhaner__Koebenhavn
H2571,55.65285,12.493606,800,True,simulated_from_model_type,2571,"unset, unset",6100_Brandhaner__Koebenhavn
H2572,55.653403,12.491549,800,True,simulated_from_model_type,2572,"unset, unset",6100_Brandhaner__Koebenhavn
H2573,55.665558,12.498431,800,True,simulated_from_model_type,2573,"unset, unset",6100_Brandhaner__Koebenhavn
H2574,55.66519,12.499433,800,True,simulated_from_model_type,2574,"unset, unset",6100_Brandhaner__Koebenhavn
H2575,55.647785,12.504751,800,True,simulated_from_model_type,2575,"unset, unset",6100_Brandhaner__Koebenhavn
H2576,55.66607,12.500496,800,True,simulated_from_model_type,2576,"unset, unset",6100_Brandhaner__Koebenhavn
H2577,55.648497,12.505901,800,True,simulated_from_model_type,2577,"unset, unset",6100_Brandhaner__Koebenhavn
H2578,55.666214,12.498577,800,True,simulated_from_model_type,2578,"unset, unset",6100_Brandhaner__Koebenhavn
H2579,55.66759,12.499397,800,True,simulated_from_model_type,2579,"unset, unset",6100_Brandhaner__Koebenhavn
H2580,55.667482,12.498265,800,True,simulated_from_model_type,2580,"unset, unset",6100_Brandhaner__Koebenhavn
H2581,55.667873,12.496095,800,True,simulated_from_model_type,2581,"unset, unset",6100_Brandhaner__Koebenhavn
H2582,55.66646,12.496442,800,True,simulated_from_model_type,2582,"unset, unset",6100_Brandhaner__Koebenhavn
H2583,55.650472,12.506127,800,True,simulated_from_model_type,2583,"unset, unset",6100_Brandhaner__Koebenhavn
H2584,55.668177,12.49848,800,True,simulated_from_model_type,2584,"unset, unset",6100_Brandhaner__Koebenhavn
H2585,55.649715,12.505628,800,True,simulated_from_model_type,2585,"unset, unset",6100_Brandhaner__Koebenhavn
H2586,55.649363,12.50413,800,True,simulated_from_model_type,2586,"unset, unset",6100_Brandhaner__Koebenhavn
H2587,55.659963,12.481739,800,True,simulated_from_model_type,2587,"unset, unset",6100_Brandhaner__Koebenhavn
H2588,55.659226,12.483103,800,True,simulated_from_model_type,2588,"unset, unset",6100_Brandhaner__Koebenhavn
H2589,55.658548,12.482014,800,True,simulated_from_model_type,2589,"unset, unset",6100_Brandhaner__Koebenhavn
H2590,55.657397,12.481457,800,True,simulated_from_model_type,2590,"unset, unset",6100_Brandhaner__Koebenhavn
H2591,55.658099,12.483622,800,True,simulated_from_model_type,2591,"unset, unset",6100_Brandhaner__Koebenhavn
H2592,55.657228,12.483162,800,True,simulated_from_model_type,2592,"unset, unset",6100_Brandhaner__Koebenhavn
H2593,55.657198,12.485333,800,True,simulated_from_model_type,2593,"unset, unset",6100_Brandhaner__Koebenhavn
H2594,55.658112,12.484885,800,True,simulated_from_model_type,2594,"unset, unset",6100_Brandhaner__Koebenhavn
H2595,55.656429,12.483319,800,True,simulated_from_model_type,2595,"unset, unset",6100_Brandhaner__Koebenhavn
H2596,55.649031,12.499939,800,True,simulated_from_model_type,2596,"unset, unset",6100_Brandhaner__Koebenhavn
H2597,55.650952,12.505765,800,True,simulated_from_model_type,2597,"unset, unset",6100_Brandhaner__Koebenhavn
H2598,55.648691,12.52182,800,True,simulated_from_model_type,2598,"unset, unset",6100_Brandhaner__Koebenhavn
H2599,55.649365,12.522848,1500,True,simulated_from_model_type,2599,"unset, 90 mm",6100_Brandhaner__Koebenhavn
H2600,55.648239,12.523677,800,True,simulated_from_model_type,2600,"unset, unset",6100_Brandhaner__Koebenhavn
H2601,55.647758,12.522645,800,True,simulated_from_model_type,2601,"unset, unset",6100_Brandhaner__Koebenhavn
H2602,55.647277,12.524038,800,True,simulated_from_model_type,2602,"unset, unset",6100_Brandhaner__Koebenhavn
H2603,55.649069,12.52451,1500,True,simulated_from_model_type,2603,"unset, 90 mm",6100_Brandhaner__Koebenhavn
H2604,55.649189,12.525882,800,True,simulated_from_model_type,2604,"unset, unset",6100_Brandhaner__Koebenhavn
H2605,55.648827,12.527959,800,True,simulated_from_model_type,2605,"unset, unset",6100_Brandhaner__Koebenhavn
H2606,55.648466,12.52626,1500,True,simulated_from_model_type,2606,"unset, 90 mm",6100_Brandhaner__Koebenhavn
H2607,55.646054,12.52774,1600,True,simulated_from_model_type,2607,"unset, 100 mm",6100_Brandhaner__Koebenhavn
H2608,55.647597,12.527287,800,True,simulated_from_model_type,2608,"unset, unset",6100_Brandhaner__Koebenhavn
H2609,55.646747,12.527438,1600,True,simulated_from_model_type,2609,"unset, 100 mm",6100_Brandhaner__Koebenhavn
H2610,55.648043,12.528191,800,True,simulated_from_model_type,2610,"unset, unset",6100_Brandhaner__Koebenhavn
H2611,55.647049,12.528473,800,True,simulated_from_model_type,2611,"unset, unset",6100_Brandhaner__Koebenhavn
H2612,55.647745,12.530181,800,True,simulated_from_model_type,2612,"unset, unset",6100_Brandhaner__Koebenhavn
H2613,55.64867,12.529779,800,True,simulated_from_model_type,2613,"unset, unset",6100_Brandhaner__Koebenhavn
H2614,55.64548,12.525965,800,True,simulated_from_model_type,2614,"unset, unset",6100_Brandhaner__Koebenhavn
H2615,55.645543,12.526697,800,True,simulated_from_model_type,2615,"unset, unset",6100_Brandhaner__Koebenhavn
H2616,55.642329,12.505635,800,True,simulated_from_model_type,2616,"unset, unset",6100_Brandhaner__Koebenhavn
H2617,55.64841,12.534184,800,True,simulated_from_model_type,2617,"unset, unset",6100_Brandhaner__Koebenhavn
H2618,55.663624,12.496937,800,True,simulated_from_model_type,2618,"unset, unset",6100_Brandhaner__Koebenhavn
H2619,55.668499,12.491206,800,True,simulated_from_model_type,2619,"unset, unset",6100_Brandhaner__Koebenhavn
H2620,55.669181,12.48944,1600,True,simulated_from_model_type,2620,"unset, 100 mm",6100_Brandhaner__Koebenhavn
H2621,55.648867,12.530825,800,True,simulated_from_model_type,2621,"unset, unset",6100_Brandhaner__Koebenhavn
H2622,55.647986,12.531223,800,True,simulated_from_model_type,2622,"unset, unset",6100_Brandhaner__Koebenhavn
H2623,55.647222,12.531166,800,True,simulated_from_model_type,2623,"unset, unset",6100_Brandhaner__Koebenhavn
H2624,55.6474,12.532355,800,True,simulated_from_model_type,2624,"unset, unset",6100_Brandhaner__Koebenhavn
H2625,55.648376,12.532077,800,True,simulated_from_model_type,2625,"unset, unset",6100_Brandhaner__Koebenhavn
H2626,55.64808,12.53322,800,True,simulated_from_model_type,2626,"unset, unset",6100_Brandhaner__Koebenhavn
H2627,55.642674,12.501182,800,True,simulated_from_model_type,2627,"unset, unset",6100_Brandhaner__Koebenhavn
H2628,55.645205,12.53375,1600,True,simulated_from_model_type,2628,"unset, 100 mm",6100_Brandhaner__Koebenhavn
H2629,55.66273,12.496529,800,True,simulated_from_model_type,2629,"unset, unset",6100_Brandhaner__Koebenhavn
H2630,55.643335,12.502225,800,True,simulated_from_model_type,2630,"unset, unset",6100_Brandhaner__Koebenhavn
H2631,55.659096,12.487102,800,True,simulated_from_model_type,2631,"unset, unset",6100_Brandhaner__Koebenhavn
H2632,55.659477,12.488477,800,True,simulated_from_model_type,2632,"unset, unset",6100_Brandhaner__Koebenhavn
H2633,55.64207,12.510555,800,True,simulated_from_model_type,2633,"unset, unset",6100_Brandhaner__Koebenhavn
H2634,55.659435,12.491149,800,True,simulated_from_model_type,2634,"unset, unset",6100_Brandhaner__Koebenhavn
H2635,55.654879,12.497969,800,True,simulated_from_model_type,2635,"unset, unset",6100_Brandhaner__Koebenhavn
H2636,55.640351,12.512737,800,True,simulated_from_model_type,2636,"unset, unset",6100_Brandhaner__Koebenhavn
H2637,55.642635,12.53806,1600,True,simulated_from_model_type,2637,"unset, 100 mm",6100_Brandhaner__Koebenhavn
H2638,55.671135,12.48903,1600,True,simulated_from_model_type,2638,"unset, 100 mm",6100_Brandhaner__Koebenhavn
H2639,55.658469,12.491675,800,True,simulated_from_model_type,2639,"unset, unset",6100_Brandhaner__Koebenhavn
H2640,55.657341,12.488474,800,True,simulated_from_model_type,2640,"unset, unset",6100_Brandhaner__Koebenhavn
H2641,55.647587,12.493951,800,True,simulated_from_model_type,2641,"unset, unset",6100_Brandhaner__Koebenhavn
H2642,55.654129,12.494707,800,True,simulated_from_model_type,2642,"unset, unset",6100_Brandhaner__Koebenhavn
H2643,55.648684,12.53582,800,True,simulated_from_model_type,2643,"unset, unset",6100_Brandhaner__Koebenhavn
H2644,55.649202,12.537936,800,True,simulated_from_model_type,2644,"unset, unset",6100_Brandhaner__Koebenhavn
H2645,55.64808,12.5376,800,True,simulated_from_model_type,2645,"unset, unset",6100_Brandhaner__Koebenhavn
H2646,55.647575,12.539017,800,True,simulated_from_model_type,2646,"unset, unset",6100_Brandhaner__Koebenhavn
H2647,55.646182,12.49615,800,True,simulated_from_model_type,2647,"unset, unset",6100_Brandhaner__Koebenhavn
H2648,55.660102,12.505198,800,True,simulated_from_model_type,2648,"unset, unset",6100_Brandhaner__Koebenhavn
H2649,55.659654,12.506484,800,True,simulated_from_model_type,2649,"unset, unset",6100_Brandhaner__Koebenhavn
H2650,55.669499,12.492229,1600,True,simulated_from_model_type,2650,"unset, 100 mm",6100_Brandhaner__Koebenhavn
H2651,55.65411,12.499091,800,True,simulated_from_model_type,2651,"unset, unset",6100_Brandhaner__Koebenhavn
H2652,55.658218,12.486833,800,True,simulated_from_model_type,2652,"unset, unset",6100_Brandhaner__Koebenhavn
H2653,55.647996,12.541809,1600,True,simulated_from_model_type,2653,"unset, 100 mm",6100_Brandhaner__Koebenhavn
H2654,55.659126,12.502166,800,True,simulated_from_model_type,2654,"unset, unset",6100_Brandhaner__Koebenhavn
H2655,55.658612,12.503679,800,True,simulated_from_model_type,2655,"unset, unset",6100_Brandhaner__Koebenhavn
H2656,55.658142,12.505091,800,True,simulated_from_model_type,2656,"unset, unset",6100_Brandhaner__Koebenhavn
H2657,55.657741,12.506285,800,True,simulated_from_model_type,2657,"unset, unset",6100_Brandhaner__Koebenhavn
H2658,55.656025,12.499146,800,True,simulated_from_model_type,2658,"unset, unset",6100_Brandhaner__Koebenhavn
H2659,55.657252,12.507754,800,True,simulated_from_model_type,2659,"unset, unset",6100_Brandhaner__Koebenhavn
H2660,55.646341,12.536457,800,True,simulated_from_model_type,2660,"unset, unset",6100_Brandhaner__Koebenhavn
H2661,55.646884,12.536006,800,True,simulated_from_model_type,2661,"unset, unset",6100_Brandhaner__Koebenhavn
H2662,55.647284,12.536477,800,True,simulated_from_model_type,2662,"unset, unset",6100_Brandhaner__Koebenhavn
H2663,55.647643,12.536867,800,True,simulated_from_model_type,2663,"unset, unset",6100_Brandhaner__Koebenhavn
H2664,55.647455,12.497342,800,True,simulated_from_model_type,2664,"unset, unset",6100_Brandhaner__Koebenhavn
H2665,55.671313,12.492601,800,True,simulated_from_model_type,2665,"unset, unset",6100_Brandhaner__Koebenhavn
H2666,55.649068,12.540862,800,True,simulated_from_model_type,2666,"unset, unset",6100_Brandhaner__Koebenhavn
H2667,55.656557,12.506166,800,True,simulated_from_model_type,2667,"unset, unset",6100_Brandhaner__Koebenhavn
H2668,55.657735,12.502046,800,True,simulated_from_model_type,2668,"unset, unset",6100_Brandhaner__Koebenhavn
H2669,55.64754,12.4958,800,True,simulated_from_model_type,2669,"unset, unset",6100_Brandhaner__Koebenhavn
H2670,55.64702,12.540657,800,True,simulated_from_model_type,2670,"unset, unset",6100_Brandhaner__Koebenhavn
H2671,55.6569,12.500497,800,True,simulated_from_model_type,2671,"unset, unset",6100_Brandhaner__Koebenhavn
H2672,55.646839,12.542414,800,True,simulated_from_model_type,2672,"unset, unset",6100_Brandhaner__Koebenhavn
H2673,55.657611,12.50012,800,True,simulated_from_model_type,2673,"unset, unset",6100_Brandhaner__Koebenhavn
H2674,55.657198,12.503906,800,True,simulated_from_model_type,2674,"unset, unset",6100_Brandhaner__Koebenhavn
H2675,55.655223,12.49565,800,True,simulated_from_model_type,2675,"unset, unset",6100_Brandhaner__Koebenhavn
H2676,55.654498,12.492484,800,True,simulated_from_model_type,2676,"unset, unset",6100_Brandhaner__Koebenhavn
H2677,55.646466,12.541915,800,True,simulated_from_model_type,2677,"unset, unset",6100_Brandhaner__Koebenhavn
H2678,55.646451,12.499187,800,True,simulated_from_model_type,2678,"unset, unset",6100_Brandhaner__Koebenhavn
H2679,55.646063,12.542908,800,True,simulated_from_model_type,2679,"unset, unset",6100_Brandhaner__Koebenhavn
H2680,55.645808,12.548122,800,True,simulated_from_model_type,2680,"unset, unset",6100_Brandhaner__Koebenhavn
H2681,55.645632,12.546198,800,True,simulated_from_model_type,2681,"unset, unset",6100_Brandhaner__Koebenhavn
H2682,55.646203,12.547268,800,True,simulated_from_model_type,2682,"unset, unset",6100_Brandhaner__Koebenhavn
H2683,55.656193,12.491783,800,True,simulated_from_model_type,2683,"unset, unset",6100_Brandhaner__Koebenhavn
H2684,55.656893,12.493335,800,True,simulated_from_model_type,2684,"unset, unset",6100_Brandhaner__Koebenhavn
H2685,55.65753,12.494746,800,True,simulated_from_model_type,2685,"unset, unset",6100_Brandhaner__Koebenhavn
H2686,55.654834,12.501109,800,True,simulated_from_model_type,2686,"unset, unset",6100_Brandhaner__Koebenhavn
H2687,55.653449,12.500841,800,True,simulated_from_model_type,2687,"unset, unset",6100_Brandhaner__Koebenhavn
H2688,55.653945,12.501574,800,True,simulated_from_model_type,2688,"unset, unset",6100_Brandhaner__Koebenhavn
H2689,55.656759,12.499226,800,True,simulated_from_model_type,2689,"unset, unset",6100_Brandhaner__Koebenhavn
H2690,55.656458,12.497899,800,True,simulated_from_model_type,2690,"unset, unset",6100_Brandhaner__Koebenhavn
H2691,55.656845,12.496317,800,True,simulated_from_model_type,2691,"unset, unset",6100_Brandhaner__Koebenhavn
H2692,55.668206,12.487317,1600,True,simulated_from_model_type,2692,"unset, 100 mm",6100_Brandhaner__Koebenhavn
H2693,55.667418,12.488868,1600,True,simulated_from_model_type,2693,"unset, 100 mm",6100_Brandhaner__Koebenhavn
H2694,55.66841,12.49665,800,True,simulated_from_model_type,2694,"unset, unset",6100_Brandhaner__Koebenhavn
H2695,55.645201,12.541591,800,True,simulated_from_model_type,2695,"unset, unset",6100_Brandhaner__Koebenhavn
H2696,55.644353,12.544118,800,True,simulated_from_model_type,2696,"unset, unset",6100_Brandhaner__Koebenhavn
H2697,55.667216,12.490661,1600,True,simulated_from_model_type,2697,"unset, 100 mm",6100_Brandhaner__Koebenhavn
H2698,55.665987,12.487892,800,True,simulated_from_model_type,2698,"unset, unset",6100_Brandhaner__Koebenhavn
H2699,55.653481,12.53387,800,True,simulated_from_model_type,2699,"unset, unset",6100_Brandhaner__Koebenhavn
H2700,55.65459,12.506933,800,True,simulated_from_model_type,2700,"unset, unset",6100_Brandhaner__Koebenhavn
H2701,55.644941,12.544635,800,True,simulated_from_model_type,2701,"unset, unset",6100_Brandhaner__Koebenhavn
H2702,55.655513,12.503283,800,True,simulated_from_model_type,2702,"unset, unset",6100_Brandhaner__Koebenhavn
H2703,55.6597,12.493201,800,True,simulated_from_model_type,2703,"unset, unset",6100_Brandhaner__Koebenhavn
H2704,55.659727,12.49531,800,True,simulated_from_model_type,2704,"unset, unset",6100_Brandhaner__Koebenhavn
H2705,55.666236,12.491885,1600,True,simulated_from_model_type,2705,"unset, 100 mm",6100_Brandhaner__Koebenhavn
H2706,55.665864,12.492679,1600,True,simulated_from_model_type,2706,"unset, 100 mm",6100_Brandhaner__Koebenhavn
H2707,55.644202,12.545937,800,True,simulated_from_model_type,2707,"unset, unset",6100_Brandhaner__Koebenhavn
H2708,55.669412,12.496128,1600,True,simulated_from_model_type,2708,"unset, 100 mm",6100_Brandhaner__Koebenhavn
H2709,55.658525,12.499637,800,True,simulated_from_model_type,2709,"unset, unset",6100_Brandhaner__Koebenhavn
H2710,55.644925,12.546965,800,True,simulated_from_model_type,2710,"unset, unset",6100_Brandhaner__Koebenhavn
H2711,55.644281,12.548218,800,True,simulated_from_model_type,2711,"unset, unset",6100_Brandhaner__Koebenhavn
H2712,55.642786,12.547683,800,True,simulated_from_model_type,2712,"unset, unset",6100_Brandhaner__Koebenhavn
H2713,55.64393,12.549032,800,True,simulated_from_model_type,2713,"unset, unset",6100_Brandhaner__Koebenhavn
H2714,55.668114,12.492928,800,True,simulated_from_model_type,2714,"unset, unset",6100_Brandhaner__Koebenhavn
H2715,55.657482,12.497028,800,True,simulated_from_model_type,2715,"unset, unset",6100_Brandhaner__Koebenhavn
H2716,55.657808,12.498448,800,True,simulated_from_model_type,2716,"unset, unset",6100_Brandhaner__Koebenhavn
H2717,55.667283,12.494215,1600,True,simulated_from_model_type,2717,"unset, 100 mm",6100_Brandhaner__Koebenhavn
H2718,55.665925,12.494254,1600,True,simulated_from_model_type,2718,"unset, 100 mm",6100_Brandhaner__Koebenhavn
H2719,55.652103,12.500486,800,True,simulated_from_model_type,2719,"unset, unset",6100_Brandhaner__Koebenhavn
H2720,55.670196,12.49589,1600,True,simulated_from_model_type,2720,"unset, 100 mm",6100_Brandhaner__Koebenhavn
H2721,55.652912,12.502158,800,True,simulated_from_model_type,2721,"unset, unset",6100_Brandhaner__Koebenhavn
H2722,55.637551,12.538134,800,True,simulated_from_model_type,2722,"unset, unset",6100_Brandhaner__Koebenhavn
H2723,55.652552,12.505248,800,True,simulated_from_model_type,2723,"unset, unset",6100_Brandhaner__Koebenhavn
H2724,55.670826,12.495307,1600,True,simulated_from_model_type,2724,"unset, 100 mm",6100_Brandhaner__Koebenhavn
H2725,55.667371,12.495183,1600,True,simulated_from_model_type,2725,"unset, 100 mm",6100_Brandhaner__Koebenhavn
H2726,55.652707,12.503604,800,True,simulated_from_model_type,2726,"unset, unset",6100_Brandhaner__Koebenhavn
H2727,55.670758,12.493851,1600,True,simulated_from_model_type,2727,"unset, 100 mm",6100_Brandhaner__Koebenhavn
H2728,55.638549,12.540812,800,True,simulated_from_model_type,2728,"unset, unset",6100_Brandhaner__Koebenhavn
H2729,55.651482,12.500479,800,True,simulated_from_model_type,2729,"unset, unset",6100_Brandhaner__Koebenhavn
H2730,55.65127,12.502324,800,True,simulated_from_model_type,2730,"unset, unset",6100_Brandhaner__Koebenhavn
H2731,55.651091,12.504289,800,True,simulated_from_model_type,2731,"unset, unset",6100_Brandhaner__Koebenhavn
H2732,55.640574,12.540205,800,True,simulated_from_model_type,2732,"unset, unset",6100_Brandhaner__Koebenhavn
H2733,55.659914,12.50008,800,True,simulated_from_model_type,2733,"unset, unset",6100_Brandhaner__Koebenhavn
H2734,55.639342,12.544811,800,True,simulated_from_model_type,2734,"unset, unset",6100_Brandhaner__Koebenhavn
H2735,55.638617,12.543441,800,True,simulated_from_model_type,2735,"unset, unset",6100_Brandhaner__Koebenhavn
H2736,55.63779,12.54188,800,True,simulated_from_model_type,2736,"unset, unset",6100_Brandhaner__Koebenhavn
H2737,55.636963,12.540311,800,True,simulated_from_model_type,2737,"unset, unset",6100_Brandhaner__Koebenhavn
H2738,55.652728,12.536774,800,True,simulated_from_model_type,2738,"unset, unset",6100_Brandhaner__Koebenhavn
H2739,55.652012,12.536437,800,True,simulated_from_model_type,2739,"unset, unset",6100_Brandhaner__Koebenhavn
H2740,55.652651,12.538494,800,True,simulated_from_model_type,2740,"unset, unset",6100_Brandhaner__Koebenhavn
H2741,55.651258,12.53674,800,True,simulated_from_model_type,2741,"unset, unset",6100_Brandhaner__Koebenhavn
H2742,55.651741,12.537864,800,True,simulated_from_model_type,2742,"unset, unset",6100_Brandhaner__Koebenhavn
H2743,55.649795,12.538546,800,True,simulated_from_model_type,2743,"unset, unset",6100_Brandhaner__Koebenhavn
H2744,55.650034,12.535824,800,True,simulated_from_model_type,2744,"unset, unset",6100_Brandhaner__Koebenhavn
H2745,55.668903,12.494368,1600,True,simulated_from_model_type,2745,"unset, 100 mm",6100_Brandhaner__Koebenhavn
H2746,55.644945,12.545592,800,True,simulated_from_model_type,2746,"unset, unset",6100_Brandhaner__Koebenhavn
H2747,55.651526,12.531879,800,True,simulated_from_model_type,2747,"unset, unset",6100_Brandhaner__Koebenhavn
H2748,55.671076,12.491299,800,True,simulated_from_model_type,2748,"unset, unset",6100_Brandhaner__Koebenhavn
H2749,55.651651,12.540429,800,True,simulated_from_model_type,2749,"unset, unset",6100_Brandhaner__Koebenhavn
H2750,55.670545,12.490633,800,True,simulated_from_model_type,2750,"unset, unset",6100_Brandhaner__Koebenhavn
H2751,55.650209,12.540645,800,True,simulated_from_model_type,2751,"unset, unset",6100_Brandhaner__Koebenhavn
H2752,55.652454,12.533368,800,True,simulated_from_model_type,2752,"unset, unset",6100_Brandhaner__Koebenhavn
H2753,55.652428,12.534617,800,True,simulated_from_model_type,2753,"unset, unset",6100_Brandhaner__Koebenhavn
H2754,55.644187,12.537076,800,True,simulated_from_model_type,2754,"unset, unset",6100_Brandhaner__Koebenhavn
H2755,55.637757,12.540333,800,True,simulated_from_model_type,2755,"unset, unset",6100_Brandhaner__Koebenhavn
H2756,55.667008,12.512815,800,True,simulated_from_model_type,2756,"unset, unset",6100_Brandhaner__Koebenhavn
H2757,55.669633,12.495333,1600,True,simulated_from_model_type,2757,"unset, 100 mm",6100_Brandhaner__Koebenhavn
H2758,55.661049,12.497589,800,True,simulated_from_model_type,2758,"unset, unset",6100_Brandhaner__Koebenhavn
H2759,55.670444,12.49272,1600,True,simulated_from_model_type,2759,"unset, 100 mm",6100_Brandhaner__Koebenhavn
H2760,55.649407,12.534618,800,True,simulated_from_model_type,2760,"unset, unset",6100_Brandhaner__Koebenhavn
H2761,55.653275,12.543574,800,True,simulated_from_model_type,2761,"unset, unset",6100_Brandhaner__Koebenhavn
H2762,55.649521,12.533466,800,True,simulated_from_model_type,2762,"unset, unset",6100_Brandhaner__Koebenhavn
H2763,55.653854,12.541863,800,True,simulated_from_model_type,2763,"unset, unset",6100_Brandhaner__Koebenhavn
H2764,55.650512,12.534639,800,True,simulated_from_model_type,2764,"unset, unset",6100_Brandhaner__Koebenhavn
H2765,55.654951,12.543515,800,True,simulated_from_model_type,2765,"unset, unset",6100_Brandhaner__Koebenhavn
H2766,55.654657,12.543812,800,True,simulated_from_model_type,2766,"unset, unset",6100_Brandhaner__Koebenhavn
H2767,55.655353,12.543356,800,True,simulated_from_model_type,2767,"unset, unset",6100_Brandhaner__Koebenhavn
H2768,55.651605,12.535105,800,True,simulated_from_model_type,2768,"unset, unset",6100_Brandhaner__Koebenhavn
H2769,55.6511,12.53063,800,True,simulated_from_model_type,2769,"unset, unset",6100_Brandhaner__Koebenhavn
H2770,55.652786,12.545465,800,True,simulated_from_model_type,2770,"unset, unset",6100_Brandhaner__Koebenhavn
H2771,55.654089,12.548009,800,True,simulated_from_model_type,2771,"unset, unset",6100_Brandhaner__Koebenhavn
H2772,55.653284,12.547686,800,True,simulated_from_model_type,2772,"unset, unset",6100_Brandhaner__Koebenhavn
H2773,55.668577,12.480194,1600,True,simulated_from_model_type,2773,"unset, 100 mm",6100_Brandhaner__Koebenhavn
H2774,55.656219,12.545923,800,True,simulated_from_model_type,2774,"unset, unset",6100_Brandhaner__Koebenhavn
H2775,55.655951,12.526106,800,True,simulated_from_model_type,2775,"unset, unset",6100_Brandhaner__Koebenhavn
H2776,55.653974,12.550757,800,True,simulated_from_model_type,2776,"unset, unset",6100_Brandhaner__Koebenhavn
H2777,55.655138,12.526341,1500,True,simulated_from_model_type,2777,"unset, 90 mm",6100_Brandhaner__Koebenhavn
H2778,55.653218,12.549891,800,True,simulated_from_model_type,2778,"unset, unset",6100_Brandhaner__Koebenhavn
H2779,55.653017,12.526953,1500,True,simulated_from_model_type,2779,"unset, 90 mm",6100_Brandhaner__Koebenhavn
H2780,55.652499,12.546864,800,True,simulated_from_model_type,2780,"unset, unset",6100_Brandhaner__Koebenhavn
H2781,55.666426,12.480089,800,True,simulated_from_model_type,2781,"unset, unset",6100_Brandhaner__Koebenhavn
H2782,55.652367,12.550386,800,True,simulated_from_model_type,2782,"unset, unset",6100_Brandhaner__Koebenhavn
H2783,55.667826,12.481631,800,True,simulated_from_model_type,2783,"unset, unset",6100_Brandhaner__Koebenhavn
H2784,55.664002,12.513724,800,True,simulated_from_model_type,2784,"unset, unset",6100_Brandhaner__Koebenhavn
H2785,55.649548,12.551276,800,True,simulated_from_model_type,2785,"unset, unset",6100_Brandhaner__Koebenhavn
H2786,55.651206,12.552697,800,True,simulated_from_model_type,2786,"unset, unset",6100_Brandhaner__Koebenhavn
H2787,55.666214,12.481478,1600,True,simulated_from_model_type,2787,"unset, 100 mm",6100_Brandhaner__Koebenhavn
H2788,55.651714,12.552248,800,True,simulated_from_model_type,2788,"unset, unset",6100_Brandhaner__Koebenhavn
H2789,55.650312,12.52682,800,True,simulated_from_model_type,2789,"unset, unset",6100_Brandhaner__Koebenhavn
H2790,55.650528,12.528948,800,True,simulated_from_model_type,2790,"unset, unset",6100_Brandhaner__Koebenhavn
H2791,55.667087,12.483558,1600,True,simulated_from_model_type,2791,"unset, 100 mm",6100_Brandhaner__Koebenhavn
H2792,55.65075,12.554924,800,True,simulated_from_model_type,2792,"unset, unset",6100_Brandhaner__Koebenhavn
H2793,55.649714,12.527373,800,True,simulated_from_model_type,2793,"unset, unset",6100_Brandhaner__Koebenhavn
H2794,55.667253,12.486869,1600,True,simulated_from_model_type,2794,"unset, 100 mm",6100_Brandhaner__Koebenhavn
H2795,55.666117,12.485398,800,True,simulated_from_model_type,2795,"unset, unset",6100_Brandhaner__Koebenhavn
H2796,55.649521,12.529528,800,True,simulated_from_model_type,2796,"unset, unset",6100_Brandhaner__Koebenhavn
H2797,55.667693,12.485685,1600,True,simulated_from_model_type,2797,"unset, 100 mm",6100_Brandhaner__Koebenhavn
H2798,55.692539,12.538838,800,True,simulated_from_model_type,2798,"unset, unset",6100_Brandhaner__Koebenhavn
H2799,55.693577,12.538502,800,True,simulated_from_model_type,2799,"unset, unset",6100_Brandhaner__Koebenhavn
H2800,55.693045,12.541281,800,True,simulated_from_model_type,2800,"unset, unset",6100_Brandhaner__Koebenhavn
H2801,55.693634,12.540122,800,True,simulated_from_model_type,2801,"unset, unset",6100_Brandhaner__Koebenhavn
H2802,55.693027,12.53829,800,True,simulated_from_model_type,2802,"unset, unset",6100_Brandhaner__Koebenhavn
H2803,55.731476,12.564451,800,True,simulated_from_model_type,2803,"unset, unset",6100_Brandhaner__Koebenhavn
H2804,55.706189,12.54705,800,True,simulated_from_model_type,2804,"unset, unset",6100_Brandhaner__Koebenhavn
H2805,55.705605,12.546741,800,True,simulated_from_model_type,2805,"unset, unset",6100_Brandhaner__Koebenhavn
H2806,55.729671,12.563841,800,True,simulated_from_model_type,2806,"unset, unset",6100_Brandhaner__Koebenhavn
H2807,55.6945,12.539641,800,True,simulated_from_model_type,2807,"unset, unset",6100_Brandhaner__Koebenhavn
H2808,55.695376,12.539602,800,True,simulated_from_model_type,2808,"unset, unset",6100_Brandhaner__Koebenhavn
H2809,55.728917,12.565711,800,True,simulated_from_model_type,2809,"unset, unset",6100_Brandhaner__Koebenhavn
H2810,55.727809,12.566953,800,True,simulated_from_model_type,2810,"unset, unset",6100_Brandhaner__Koebenhavn
H2811,55.729979,12.56535,800,True,simulated_from_model_type,2811,"unset, unset",6100_Brandhaner__Koebenhavn
H2812,55.731153,12.565969,800,True,simulated_from_model_type,2812,"unset, unset",6100_Brandhaner__Koebenhavn
H2813,55.72793,12.565057,800,True,simulated_from_model_type,2813,"unset, unset",6100_Brandhaner__Koebenhavn
H2814,55.729979,12.568525,800,True,simulated_from_model_type,2814,"unset, unset",6100_Brandhaner__Koebenhavn
H2815,55.70414,12.545972,800,True,simulated_from_model_type,2815,"unset, unset",6100_Brandhaner__Koebenhavn
H2816,55.728423,12.571105,800,True,simulated_from_model_type,2816,"unset, unset",6100_Brandhaner__Koebenhavn
H2817,55.728896,12.568921,800,True,simulated_from_model_type,2817,"unset, unset",6100_Brandhaner__Koebenhavn
H2818,55.729126,12.572292,800,True,simulated_from_model_type,2818,"unset, unset",6100_Brandhaner__Koebenhavn
H2819,55.729444,12.569961,800,True,simulated_from_model_type,2819,"unset, unset",6100_Brandhaner__Koebenhavn
H2820,55.705243,12.544001,800,True,simulated_from_model_type,2820,"unset, unset",6100_Brandhaner__Koebenhavn
H2821,55.729311,12.57377,800,True,simulated_from_model_type,2821,"unset, unset",6100_Brandhaner__Koebenhavn
H2822,55.728661,12.575944,800,True,simulated_from_model_type,2822,"unset, unset",6100_Brandhaner__Koebenhavn
H2823,55.727818,12.575521,800,True,simulated_from_model_type,2823,"unset, unset",6100_Brandhaner__Koebenhavn
H2824,55.728127,12.573268,800,True,simulated_from_model_type,2824,"unset, unset",6100_Brandhaner__Koebenhavn
H2825,55.690616,12.538153,800,True,simulated_from_model_type,2825,"unset, unset",6100_Brandhaner__Koebenhavn
H2826,55.690979,12.538839,800,True,simulated_from_model_type,2826,"unset, unset",6100_Brandhaner__Koebenhavn
H2827,55.69143,12.539674,800,True,simulated_from_model_type,2827,"unset, unset",6100_Brandhaner__Koebenhavn
H2828,55.692063,12.540305,800,True,simulated_from_model_type,2828,"unset, unset",6100_Brandhaner__Koebenhavn
H2829,55.690546,12.540202,800,True,simulated_from_model_type,2829,"unset, unset",6100_Brandhaner__Koebenhavn
H2830,55.691032,12.541348,800,True,simulated_from_model_type,2830,"unset, unset",6100_Brandhaner__Koebenhavn
H2831,55.705024,12.543834,800,True,simulated_from_model_type,2831,"unset, unset",6100_Brandhaner__Koebenhavn
H2832,55.689941,12.539026,800,True,simulated_from_model_type,2832,"unset, unset",6100_Brandhaner__Koebenhavn
H2833,55.689277,12.539982,800,True,simulated_from_model_type,2833,"unset, unset",6100_Brandhaner__Koebenhavn
H2834,55.689801,12.541315,800,True,simulated_from_model_type,2834,"unset, unset",6100_Brandhaner__Koebenhavn
H2835,55.704308,12.542642,1600,True,simulated_from_model_type,2835,"unset, 100 mm",6100_Brandhaner__Koebenhavn
H2836,55.703597,12.542275,1600,True,simulated_from_model_type,2836,"unset, 100 mm",6100_Brandhaner__Koebenhavn
H2837,55.704797,12.545576,800,True,simulated_from_model_type,2837,"unset, unset",6100_Brandhaner__Koebenhavn
H2838,55.706973,12.545122,800,True,simulated_from_model_type,2838,"unset, unset",6100_Brandhaner__Koebenhavn
H2839,55.700551,12.54805,800,True,simulated_from_model_type,2839,"unset, unset",6100_Brandhaner__Koebenhavn
H2840,55.706071,12.538451,800,True,simulated_from_model_type,2840,"unset, unset",6100_Brandhaner__Koebenhavn
H2841,55.701151,12.549092,800,True,simulated_from_model_type,2841,"unset, unset",6100_Brandhaner__Koebenhavn
H2842,55.724659,12.563086,800,True,simulated_from_model_type,2842,"unset, unset",6100_Brandhaner__Koebenhavn
H2843,55.724672,12.561585,800,True,simulated_from_model_type,2843,"unset, unset",6100_Brandhaner__Koebenhavn
H2844,55.725522,12.562483,800,True,simulated_from_model_type,2844,"unset, unset",6100_Brandhaner__Koebenhavn
H2845,55.726641,12.562825,800,True,simulated_from_model_type,2845,"unset, unset",6100_Brandhaner__Koebenhavn
H2846,55.699654,12.550318,800,True,simulated_from_model_type,2846,"unset, unset",6100_Brandhaner__Koebenhavn
H2847,55.727639,12.568916,800,True,simulated_from_model_type,2847,"unset, unset",6100_Brandhaner__Koebenhavn
H2848,55.727125,12.570726,800,True,simulated_from_model_type,2848,"unset, unset",6100_Brandhaner__Koebenhavn
H2849,55.726936,12.572467,800,True,simulated_from_model_type,2849,"unset, unset",6100_Brandhaner__Koebenhavn
H2850,55.712079,12.556969,800,True,simulated_from_model_type,2850,"unset, unset",6100_Brandhaner__Koebenhavn
H2851,55.726344,12.569201,800,True,simulated_from_model_type,2851,"unset, unset",6100_Brandhaner__Koebenhavn
H2852,55.692143,12.537383,800,True,simulated_from_model_type,2852,"unset, unset",6100_Brandhaner__Koebenhavn
H2853,55.725124,12.56961,800,True,simulated_from_model_type,2853,"unset, unset",6100_Brandhaner__Koebenhavn
H2854,55.72452,12.571569,800,True,simulated_from_model_type,2854,"unset, unset",6100_Brandhaner__Koebenhavn
H2855,55.725821,12.570695,800,True,simulated_from_model_type,2855,"unset, unset",6100_Brandhaner__Koebenhavn
H2856,55.725319,12.572672,800,True,simulated_from_model_type,2856,"unset, unset",6100_Brandhaner__Koebenhavn
H2857,55.711727,12.557337,800,True,simulated_from_model_type,2857,"unset, unset",6100_Brandhaner__Koebenhavn
H2858,55.710452,12.556598,1600,True,simulated_from_model_type,2858,"unset, 100 mm",6100_Brandhaner__Koebenhavn
H2859,55.692662,12.536488,800,True,simulated_from_model_type,2859,"unset, unset",6100_Brandhaner__Koebenhavn
H2860,55.693911,12.548175,800,True,simulated_from_model_type,2860,"unset, unset",6100_Brandhaner__Koebenhavn
H2861,55.71298,12.547859,800,True,simulated_from_model_type,2861,"unset, unset",6100_Brandhaner__Koebenhavn
H2862,55.700102,12.551152,800,True,simulated_from_model_type,2862,"unset, unset",6100_Brandhaner__Koebenhavn
H2863,55.691185,12.544965,800,True,simulated_from_model_type,2863,"unset, unset",6100_Brandhaner__Koebenhavn
H2864,55.692414,12.543333,800,True,simulated_from_model_type,2864,"unset, unset",6100_Brandhaner__Koebenhavn
H2865,55.712862,12.550525,800,True,simulated_from_model_type,2865,"unset, unset",6100_Brandhaner__Koebenhavn
H2866,55.69173,12.544235,800,True,simulated_from_model_type,2866,"unset, unset",6100_Brandhaner__Koebenhavn
H2867,55.701715,12.550082,800,True,simulated_from_model_type,2867,"unset, unset",6100_Brandhaner__Koebenhavn
H2868,55.691155,12.54374,800,True,simulated_from_model_type,2868,"unset, unset",6100_Brandhaner__Koebenhavn
H2869,55.692084,12.543177,800,True,simulated_from_model_type,2869,"unset, unset",6100_Brandhaner__Koebenhavn
H2870,55.726334,12.576157,800,True,simulated_from_model_type,2870,"unset, unset",6100_Brandhaner__Koebenhavn
H2871,55.725178,12.575868,800,True,simulated_from_model_type,2871,"unset, unset",6100_Brandhaner__Koebenhavn
H2872,55.725645,12.576523,800,True,simulated_from_model_type,2872,"unset, unset",6100_Brandhaner__Koebenhavn
H2873,55.72474,12.576849,800,True,simulated_from_model_type,2873,"unset, unset",6100_Brandhaner__Koebenhavn
H2874,55.724117,12.57431,800,True,simulated_from_model_type,2874,"unset, unset",6100_Brandhaner__Koebenhavn
H2875,55.692105,12.544667,800,True,simulated_from_model_type,2875,"unset, unset",6100_Brandhaner__Koebenhavn
H2876,55.725618,12.574185,800,True,simulated_from_model_type,2876,"unset, unset",6100_Brandhaner__Koebenhavn
H2877,55.692797,12.543702,800,True,simulated_from_model_type,2877,"unset, unset",6100_Brandhaner__Koebenhavn
H2878,55.693662,12.542491,800,True,simulated_from_model_type,2878,"unset, unset",6100_Brandhaner__Koebenhavn
H2879,55.698906,12.55433,800,True,simulated_from_model_type,2879,"unset, unset",6100_Brandhaner__Koebenhavn
H2880,55.698427,12.55543,800,True,simulated_from_model_type,2880,"unset, unset",6100_Brandhaner__Koebenhavn
H2881,55.698021,12.554054,800,True,simulated_from_model_type,2881,"unset, unset",6100_Brandhaner__Koebenhavn
H2882,55.691698,12.54568,800,True,simulated_from_model_type,2882,"unset, unset",6100_Brandhaner__Koebenhavn
H2883,55.723333,12.561434,800,True,simulated_from_model_type,2883,"unset, unset",6100_Brandhaner__Koebenhavn
H2884,55.722292,12.561683,800,True,simulated_from_model_type,2884,"unset, unset",6100_Brandhaner__Koebenhavn
H2885,55.692528,12.545166,800,True,simulated_from_model_type,2885,"unset, unset",6100_Brandhaner__Koebenhavn
H2886,55.721499,12.560645,800,True,simulated_from_model_type,2886,"unset, unset",6100_Brandhaner__Koebenhavn
H2887,55.721181,12.559169,800,True,simulated_from_model_type,2887,"unset, unset",6100_Brandhaner__Koebenhavn
H2888,55.722221,12.5595,800,True,simulated_from_model_type,2888,"unset, unset",6100_Brandhaner__Koebenhavn
H2889,55.693163,12.544218,800,True,simulated_from_model_type,2889,"unset, unset",6100_Brandhaner__Koebenhavn
H2890,55.697455,12.551677,800,True,simulated_from_model_type,2890,"unset, unset",6100_Brandhaner__Koebenhavn
H2891,55.722165,12.563164,800,True,simulated_from_model_type,2891,"unset, unset",6100_Brandhaner__Koebenhavn
H2892,55.723605,12.56326,800,True,simulated_from_model_type,2892,"unset, unset",6100_Brandhaner__Koebenhavn
H2893,55.697948,12.550401,800,True,simulated_from_model_type,2893,"unset, unset",6100_Brandhaner__Koebenhavn
H2894,55.693967,12.543142,800,True,simulated_from_model_type,2894,"unset, unset",6100_Brandhaner__Koebenhavn
H2895,55.697998,12.55183,800,True,simulated_from_model_type,2895,"unset, unset",6100_Brandhaner__Koebenhavn
H2896,55.698601,12.550771,800,True,simulated_from_model_type,2896,"unset, unset",6100_Brandhaner__Koebenhavn
H2897,55.698546,12.552107,800,True,simulated_from_model_type,2897,"unset, unset",6100_Brandhaner__Koebenhavn
H2898,55.698995,12.551788,800,True,simulated_from_model_type,2898,"unset, unset",6100_Brandhaner__Koebenhavn
H2899,55.692476,12.546448,800,True,simulated_from_model_type,2899,"unset, unset",6100_Brandhaner__Koebenhavn
H2900,55.693291,12.545265,800,True,simulated_from_model_type,2900,"unset, unset",6100_Brandhaner__Koebenhavn
H2901,55.699417,12.554344,800,True,simulated_from_model_type,2901,"unset, unset",6100_Brandhaner__Koebenhavn
H2902,55.699849,12.554835,800,True,simulated_from_model_type,2902,"unset, unset",6100_Brandhaner__Koebenhavn
H2903,55.694609,12.543365,800,True,simulated_from_model_type,2903,"unset, unset",6100_Brandhaner__Koebenhavn
H2904,55.720137,12.572539,800,True,simulated_from_model_type,2904,"unset, unset",6100_Brandhaner__Koebenhavn
H2905,55.719252,12.576784,800,True,simulated_from_model_type,2905,"unset, unset",6100_Brandhaner__Koebenhavn
H2906,55.717579,12.576979,800,True,simulated_from_model_type,2906,"unset, unset",6100_Brandhaner__Koebenhavn
H2907,55.693977,12.544278,800,True,simulated_from_model_type,2907,"unset, unset",6100_Brandhaner__Koebenhavn
H2908,55.719205,12.575055,800,True,simulated_from_model_type,2908,"unset, unset",6100_Brandhaner__Koebenhavn
H2909,55.718337,12.571881,800,True,simulated_from_model_type,2909,"unset, unset",6100_Brandhaner__Koebenhavn
H2910,55.713708,12.561391,800,True,simulated_from_model_type,2910,"unset, unset",6100_Brandhaner__Koebenhavn
H2911,55.717538,12.571261,800,True,simulated_from_model_type,2911,"unset, unset",6100_Brandhaner__Koebenhavn
H2912,55.718778,12.57346,800,True,simulated_from_model_type,2912,"unset, unset",6100_Brandhaner__Koebenhavn
H2913,55.711482,12.569602,800,True,simulated_from_model_type,2913,"unset, unset",6100_Brandhaner__Koebenhavn
H2914,55.717818,12.57487,800,True,simulated_from_model_type,2914,"unset, unset",6100_Brandhaner__Koebenhavn
H2915,55.713859,12.559752,800,True,simulated_from_model_type,2915,"unset, unset",6100_Brandhaner__Koebenhavn
H2916,55.717697,12.572724,800,True,simulated_from_model_type,2916,"unset, unset",6100_Brandhaner__Koebenhavn
H2917,55.694384,12.544971,800,True,simulated_from_model_type,2917,"unset, unset",6100_Brandhaner__Koebenhavn
H2918,55.720178,12.577367,800,True,simulated_from_model_type,2918,"unset, unset",6100_Brandhaner__Koebenhavn
H2919,55.715618,12.560942,800,True,simulated_from_model_type,2919,"unset, unset",6100_Brandhaner__Koebenhavn
H2920,55.695315,12.543513,800,True,simulated_from_model_type,2920,"unset, unset",6100_Brandhaner__Koebenhavn
H2921,55.716805,12.577569,800,True,simulated_from_model_type,2921,"unset, unset",6100_Brandhaner__Koebenhavn
H2922,55.71837,12.577366,800,True,simulated_from_model_type,2922,"unset, unset",6100_Brandhaner__Koebenhavn
H2923,55.717725,12.581027,800,True,simulated_from_model_type,2923,"unset, unset",6100_Brandhaner__Koebenhavn
H2924,55.714783,12.561025,800,True,simulated_from_model_type,2924,"unset, unset",6100_Brandhaner__Koebenhavn
H2925,55.721631,12.57156,800,True,simulated_from_model_type,2925,"unset, unset",6100_Brandhaner__Koebenhavn
H2926,55.711784,12.571494,800,True,simulated_from_model_type,2926,"unset, unset",6100_Brandhaner__Koebenhavn
H2927,55.722786,12.570914,800,True,simulated_from_model_type,2927,"unset, unset",6100_Brandhaner__Koebenhavn
H2928,55.723385,12.572523,800,True,simulated_from_model_type,2928,"unset, unset",6100_Brandhaner__Koebenhavn
H2929,55.724033,12.57023,800,True,simulated_from_model_type,2929,"unset, unset",6100_Brandhaner__Koebenhavn
H2930,55.717489,12.578696,800,True,simulated_from_model_type,2930,"unset, unset",6100_Brandhaner__Koebenhavn
H2931,55.711903,12.572421,800,True,simulated_from_model_type,2931,"unset, unset",6100_Brandhaner__Koebenhavn
H2932,55.71558,12.558951,800,True,simulated_from_model_type,2932,"unset, unset",6100_Brandhaner__Koebenhavn
H2933,55.693171,12.547344,800,True,simulated_from_model_type,2933,"unset, unset",6100_Brandhaner__Koebenhavn
H2934,55.719039,12.580707,800,True,simulated_from_model_type,2934,"unset, unset",6100_Brandhaner__Koebenhavn
H2935,55.695413,12.544609,800,True,simulated_from_model_type,2935,"unset, unset",6100_Brandhaner__Koebenhavn
H2936,55.711379,12.571377,800,True,simulated_from_model_type,2936,"unset, unset",6100_Brandhaner__Koebenhavn
H2937,55.710893,12.571547,800,True,simulated_from_model_type,2937,"unset, unset",6100_Brandhaner__Koebenhavn
H2938,55.695414,12.545924,800,True,simulated_from_model_type,2938,"unset, unset",6100_Brandhaner__Koebenhavn
H2939,55.694312,12.54648,800,True,simulated_from_model_type,2939,"unset, unset",6100_Brandhaner__Koebenhavn
H2940,55.722971,12.574463,800,True,simulated_from_model_type,2940,"unset, unset",6100_Brandhaner__Koebenhavn
H2941,55.721792,12.574661,800,True,simulated_from_model_type,2941,"unset, unset",6100_Brandhaner__Koebenhavn
H2942,55.720476,12.574872,800,True,simulated_from_model_type,2942,"unset, unset",6100_Brandhaner__Koebenhavn
H2943,55.72117,12.572853,800,True,simulated_from_model_type,2943,"unset, unset",6100_Brandhaner__Koebenhavn
H2944,55.71353,12.565032,800,True,simulated_from_model_type,2944,"unset, unset",6100_Brandhaner__Koebenhavn
H2945,55.722521,12.572978,800,True,simulated_from_model_type,2945,"unset, unset",6100_Brandhaner__Koebenhavn
H2946,55.722607,12.576572,800,True,simulated_from_model_type,2946,"unset, unset",6100_Brandhaner__Koebenhavn
H2947,55.694998,12.546541,800,True,simulated_from_model_type,2947,"unset, unset",6100_Brandhaner__Koebenhavn
H2948,55.723095,12.577394,800,True,simulated_from_model_type,2948,"unset, unset",6100_Brandhaner__Koebenhavn
H2949,55.723407,12.576527,800,True,simulated_from_model_type,2949,"unset, unset",6100_Brandhaner__Koebenhavn
H2950,55.723922,12.577125,800,True,simulated_from_model_type,2950,"unset, unset",6100_Brandhaner__Koebenhavn
H2951,55.72105,12.576992,800,True,simulated_from_model_type,2951,"unset, unset",6100_Brandhaner__Koebenhavn
H2952,55.714227,12.563011,800,True,simulated_from_model_type,2952,"unset, unset",6100_Brandhaner__Koebenhavn
H2953,55.721729,12.57794,800,True,simulated_from_model_type,2953,"unset, unset",6100_Brandhaner__Koebenhavn
H2954,55.721739,12.580027,800,True,simulated_from_model_type,2954,"unset, unset",6100_Brandhaner__Koebenhavn
H2955,55.691564,12.542426,800,True,simulated_from_model_type,2955,"unset, unset",6100_Brandhaner__Koebenhavn
H2956,55.715523,12.564711,800,True,simulated_from_model_type,2956,"unset, unset",6100_Brandhaner__Koebenhavn
H2957,55.693303,12.542376,800,True,simulated_from_model_type,2957,"unset, unset",6100_Brandhaner__Koebenhavn
H2958,55.71016,12.566252,800,True,simulated_from_model_type,2958,"unset, unset",6100_Brandhaner__Koebenhavn
H2959,55.71028,12.565028,800,True,simulated_from_model_type,2959,"unset, unset",6100_Brandhaner__Koebenhavn
H2960,55.711748,12.566393,800,True,simulated_from_model_type,2960,"unset, unset",6100_Brandhaner__Koebenhavn
H2961,55.710813,12.565633,800,True,simulated_from_model_type,2961,"unset, unset",6100_Brandhaner__Koebenhavn
H2962,55.711059,12.564545,800,True,simulated_from_model_type,2962,"unset, unset",6100_Brandhaner__Koebenhavn
H2963,55.712016,12.565048,800,True,simulated_from_model_type,2963,"unset, unset",6100_Brandhaner__Koebenhavn
H2964,55.711675,12.563458,800,True,simulated_from_model_type,2964,"unset, unset",6100_Brandhaner__Koebenhavn
H2965,55.711126,12.5725,800,True,simulated_from_model_type,2965,"unset, unset",6100_Brandhaner__Koebenhavn
H2966,55.718414,12.557444,800,True,simulated_from_model_type,2966,"unset, unset",6100_Brandhaner__Koebenhavn
H2967,55.712497,12.563713,800,True,simulated_from_model_type,2967,"unset, unset",6100_Brandhaner__Koebenhavn
H2968,55.719205,12.55801,800,True,simulated_from_model_type,2968,"unset, unset",6100_Brandhaner__Koebenhavn
H2969,55.713223,12.565985,800,True,simulated_from_model_type,2969,"unset, unset",6100_Brandhaner__Koebenhavn
H2970,55.719885,12.558772,800,True,simulated_from_model_type,2970,"unset, unset",6100_Brandhaner__Koebenhavn
H2971,55.720538,12.55952,800,True,simulated_from_model_type,2971,"unset, unset",6100_Brandhaner__Koebenhavn
H2972,55.719629,12.560815,800,True,simulated_from_model_type,2972,"unset, unset",6100_Brandhaner__Koebenhavn
H2973,55.712651,12.567287,800,True,simulated_from_model_type,2973,"unset, unset",6100_Brandhaner__Koebenhavn
H2974,55.710196,12.572656,800,True,simulated_from_model_type,2974,"unset, unset",6100_Brandhaner__Koebenhavn
H2975,55.721049,12.558068,800,True,simulated_from_model_type,2975,"unset, unset",6100_Brandhaner__Koebenhavn
H2976,55.709506,12.565764,800,True,simulated_from_model_type,2976,"unset, unset",6100_Brandhaner__Koebenhavn
H2977,55.709239,12.564635,800,True,simulated_from_model_type,2977,"unset, unset",6100_Brandhaner__Koebenhavn
H2978,55.711089,12.562679,800,True,simulated_from_model_type,2978,"unset, unset",6100_Brandhaner__Koebenhavn
H2979,55.708418,12.564745,800,True,simulated_from_model_type,2979,"unset, unset",6100_Brandhaner__Koebenhavn
H2980,55.708689,12.566109,800,True,simulated_from_model_type,2980,"unset, unset",6100_Brandhaner__Koebenhavn
H2981,55.708042,12.56299,800,True,simulated_from_model_type,2981,"unset, unset",6100_Brandhaner__Koebenhavn
H2982,55.707166,12.56607,800,True,simulated_from_model_type,2982,"unset, unset",6100_Brandhaner__Koebenhavn
H2983,55.706889,12.564565,800,True,simulated_from_model_type,2983,"unset, unset",6100_Brandhaner__Koebenhavn
H2984,55.706549,12.561525,800,True,simulated_from_model_type,2984,"unset, unset",6100_Brandhaner__Koebenhavn
H2985,55.709747,12.572003,800,True,simulated_from_model_type,2985,"unset, unset",6100_Brandhaner__Koebenhavn
H2986,55.706387,12.558153,800,True,simulated_from_model_type,2986,"unset, unset",6100_Brandhaner__Koebenhavn
H2987,55.707067,12.559418,800,True,simulated_from_model_type,2987,"unset, unset",6100_Brandhaner__Koebenhavn
H2988,55.7107,12.570519,800,True,simulated_from_model_type,2988,"unset, unset",6100_Brandhaner__Koebenhavn
H2989,55.70742,12.558074,800,True,simulated_from_model_type,2989,"unset, unset",6100_Brandhaner__Koebenhavn
H2990,55.709754,12.570767,800,True,simulated_from_model_type,2990,"unset, unset",6100_Brandhaner__Koebenhavn
H2991,55.707945,12.560349,800,True,simulated_from_model_type,2991,"unset, unset",6100_Brandhaner__Koebenhavn
H2992,55.70845,12.560998,800,True,simulated_from_model_type,2992,"unset, unset",6100_Brandhaner__Koebenhavn
H2993,55.709929,12.560374,800,True,simulated_from_model_type,2993,"unset, unset",6100_Brandhaner__Koebenhavn
H2994,55.712902,12.561683,800,True,simulated_from_model_type,2994,"unset, unset",6100_Brandhaner__Koebenhavn
H2995,55.708852,12.558104,800,True,simulated_from_model_type,2995,"unset, unset",6100_Brandhaner__Koebenhavn
H2996,55.708867,12.559781,800,True,simulated_from_model_type,2996,"unset, unset",6100_Brandhaner__Koebenhavn
H2997,55.712215,12.562155,800,True,simulated_from_model_type,2997,"unset, unset",6100_Brandhaner__Koebenhavn
H2998,55.711859,12.5605,800,True,simulated_from_model_type,2998,"unset, unset",6100_Brandhaner__Koebenhavn
H2999,55.710509,12.569678,800,True,simulated_from_model_type,2999,"unset, unset",6100_Brandhaner__Koebenhavn
H3000,55.709936,12.568834,800,True,simulated_from_model_type,3000,"unset, unset",6100_Brandhaner__Koebenhavn
H3001,55.711203,12.55814,800,True,simulated_from_model_type,3001,"unset, unset",6100_Brandhaner__Koebenhavn
H3002,55.709107,12.568774,800,True,simulated_from_model_type,3002,"unset, unset",6100_Brandhaner__Koebenhavn
H3003,55.708448,12.569223,800,True,simulated_from_model_type,3003,"unset, unset",6100_Brandhaner__Koebenhavn
H3004,55.708761,12.57018,800,True,simulated_from_model_type,3004,"unset, unset",6100_Brandhaner__Koebenhavn
H3005,55.711308,12.559579,800,True,simulated_from_model_type,3005,"unset, unset",6100_Brandhaner__Koebenhavn
H3006,55.696158,12.544413,800,True,simulated_from_model_type,3006,"unset, unset",6100_Brandhaner__Koebenhavn
H3007,55.708941,12.57097,800,True,simulated_from_model_type,3007,"unset, unset",6100_Brandhaner__Koebenhavn
H3008,55.707442,12.570758,800,True,simulated_from_model_type,3008,"unset, unset",6100_Brandhaner__Koebenhavn
H3009,55.695722,12.543193,800,True,simulated_from_model_type,3009,"unset, unset",6100_Brandhaner__Koebenhavn
H3010,55.696679,12.543964,800,True,simulated_from_model_type,3010,"unset, unset",6100_Brandhaner__Koebenhavn
H3011,55.708195,12.571596,800,True,simulated_from_model_type,3011,"unset, unset",6100_Brandhaner__Koebenhavn
H3012,55.707979,12.572264,800,True,simulated_from_model_type,3012,"unset, unset",6100_Brandhaner__Koebenhavn
H3013,55.70723,12.573305,800,True,simulated_from_model_type,3013,"unset, unset",6100_Brandhaner__Koebenhavn
H3014,55.712024,12.558523,800,True,simulated_from_model_type,3014,"unset, unset",6100_Brandhaner__Koebenhavn
H3015,55.708572,12.573553,800,True,simulated_from_model_type,3015,"unset, unset",6100_Brandhaner__Koebenhavn
H3016,55.709676,12.572922,800,True,simulated_from_model_type,3016,"unset, unset",6100_Brandhaner__Koebenhavn
H3017,55.696662,12.543182,800,True,simulated_from_model_type,3017,"unset, unset",6100_Brandhaner__Koebenhavn
H3018,55.709097,12.572135,800,True,simulated_from_model_type,3018,"unset, unset",6100_Brandhaner__Koebenhavn
H3019,55.712775,12.559164,800,True,simulated_from_model_type,3019,"unset, unset",6100_Brandhaner__Koebenhavn
H3020,55.712188,12.572829,800,True,simulated_from_model_type,3020,"unset, unset",6100_Brandhaner__Koebenhavn
H3021,55.719821,12.552588,800,True,simulated_from_model_type,3021,"unset, unset",6100_Brandhaner__Koebenhavn
H3022,55.697343,12.543902,800,True,simulated_from_model_type,3022,"unset, unset",6100_Brandhaner__Koebenhavn
H3023,55.718901,12.553574,800,True,simulated_from_model_type,3023,"unset, unset",6100_Brandhaner__Koebenhavn
H3024,55.697711,12.540085,800,True,simulated_from_model_type,3024,"unset, unset",6100_Brandhaner__Koebenhavn
H3025,55.710159,12.573776,800,True,simulated_from_model_type,3025,"unset, unset",6100_Brandhaner__Koebenhavn
H3026,55.710244,12.561967,800,True,simulated_from_model_type,3026,"unset, unset",6100_Brandhaner__Koebenhavn
H3027,55.711331,12.561696,800,True,simulated_from_model_type,3027,"unset, unset",6100_Brandhaner__Koebenhavn
H3028,55.721217,12.552745,800,True,simulated_from_model_type,3028,"unset, unset",6100_Brandhaner__Koebenhavn
H3029,55.712297,12.560797,800,True,simulated_from_model_type,3029,"unset, unset",6100_Brandhaner__Koebenhavn
H3030,55.69863,12.540208,800,True,simulated_from_model_type,3030,"unset, unset",6100_Brandhaner__Koebenhavn
H3031,55.720282,12.55454,800,True,simulated_from_model_type,3031,"unset, unset",6100_Brandhaner__Koebenhavn
H3032,55.696046,12.540509,800,True,simulated_from_model_type,3032,"unset, unset",6100_Brandhaner__Koebenhavn
H3033,55.719089,12.554861,800,True,simulated_from_model_type,3033,"unset, unset",6100_Brandhaner__Koebenhavn
H3034,55.718366,12.555978,800,True,simulated_from_model_type,3034,"unset, unset",6100_Brandhaner__Koebenhavn
H3035,55.719351,12.555929,800,True,simulated_from_model_type,3035,"unset, unset",6100_Brandhaner__Koebenhavn
H3036,55.720567,12.555231,800,True,simulated_from_model_type,3036,"unset, unset",6100_Brandhaner__Koebenhavn
H3037,55.721435,12.554755,800,True,simulated_from_model_type,3037,"unset, unset",6100_Brandhaner__Koebenhavn
H3038,55.722436,12.554266,800,True,simulated_from_model_type,3038,"unset, unset",6100_Brandhaner__Koebenhavn
H3039,55.722383,12.55711,800,True,simulated_from_model_type,3039,"unset, unset",6100_Brandhaner__Koebenhavn
H3040,55.722415,12.556077,800,True,simulated_from_model_type,3040,"unset, unset",6100_Brandhaner__Koebenhavn
H3041,55.721599,12.556012,800,True,simulated_from_model_type,3041,"unset, unset",6100_Brandhaner__Koebenhavn
H3042,55.6961,12.538529,800,True,simulated_from_model_type,3042,"unset, unset",6100_Brandhaner__Koebenhavn
H3043,55.720518,12.556522,800,True,simulated_from_model_type,3043,"unset, unset",6100_Brandhaner__Koebenhavn
H3044,55.697801,12.542144,800,True,simulated_from_model_type,3044,"unset, unset",6100_Brandhaner__Koebenhavn
H3045,55.719524,12.556897,800,True,simulated_from_model_type,3045,"unset, unset",6100_Brandhaner__Koebenhavn
H3046,55.700715,12.553626,800,True,simulated_from_model_type,3046,"unset, unset",6100_Brandhaner__Koebenhavn
H3047,55.697554,12.54272,800,True,simulated_from_model_type,3047,"unset, unset",6100_Brandhaner__Koebenhavn
H3048,55.697384,12.541124,800,True,simulated_from_model_type,3048,"unset, unset",6100_Brandhaner__Koebenhavn
H3049,55.696651,12.53817,800,True,simulated_from_model_type,3049,"unset, unset",6100_Brandhaner__Koebenhavn
H3050,55.71314,12.571909,800,True,simulated_from_model_type,3050,"unset, unset",6100_Brandhaner__Koebenhavn
H3051,55.713119,12.573075,800,True,simulated_from_model_type,3051,"unset, unset",6100_Brandhaner__Koebenhavn
H3052,55.713252,12.574572,800,True,simulated_from_model_type,3052,"unset, unset",6100_Brandhaner__Koebenhavn
H3053,55.713338,12.5759,800,True,simulated_from_model_type,3053,"unset, unset",6100_Brandhaner__Koebenhavn
H3054,55.698214,12.53724,800,True,simulated_from_model_type,3054,"unset, unset",6100_Brandhaner__Koebenhavn
H3055,55.713802,12.57669,800,True,simulated_from_model_type,3055,"unset, unset",6100_Brandhaner__Koebenhavn
H3056,55.713425,12.577314,800,True,simulated_from_model_type,3056,"unset, unset",6100_Brandhaner__Koebenhavn
H3057,55.712429,12.577338,800,True,simulated_from_model_type,3057,"unset, unset",6100_Brandhaner__Koebenhavn
H3058,55.719617,12.582496,800,True,simulated_from_model_type,3058,"unset, unset",6100_Brandhaner__Koebenhavn
H3059,55.710433,12.5774,800,True,simulated_from_model_type,3059,"unset, unset",6100_Brandhaner__Koebenhavn
H3060,55.706202,12.561959,800,True,simulated_from_model_type,3060,"unset, unset",6100_Brandhaner__Koebenhavn
H3061,55.709085,12.576214,800,True,simulated_from_model_type,3061,"unset, unset",6100_Brandhaner__Koebenhavn
H3062,55.706327,12.560118,800,True,simulated_from_model_type,3062,"unset, unset",6100_Brandhaner__Koebenhavn
H3063,55.709326,12.578946,800,True,simulated_from_model_type,3063,"unset, unset",6100_Brandhaner__Koebenhavn
H3064,55.721365,12.582583,800,True,simulated_from_model_type,3064,"unset, unset",6100_Brandhaner__Koebenhavn
H3065,55.709685,12.579336,800,True,simulated_from_model_type,3065,"unset, unset",6100_Brandhaner__Koebenhavn
H3066,55.709669,12.577893,800,True,simulated_from_model_type,3066,"unset, unset",6100_Brandhaner__Koebenhavn
H3067,55.707297,12.555676,800,True,simulated_from_model_type,3067,"unset, unset",6100_Brandhaner__Koebenhavn
H3068,55.707789,12.554323,800,True,simulated_from_model_type,3068,"unset, unset",6100_Brandhaner__Koebenhavn
H3069,55.70817,12.556825,800,True,simulated_from_model_type,3069,"unset, unset",6100_Brandhaner__Koebenhavn
H3070,55.698134,12.543434,800,True,simulated_from_model_type,3070,"unset, unset",6100_Brandhaner__Koebenhavn
H3071,55.698824,12.544198,800,True,simulated_from_model_type,3071,"unset, unset",6100_Brandhaner__Koebenhavn
H3072,55.699639,12.54509,800,True,simulated_from_model_type,3072,"unset, unset",6100_Brandhaner__Koebenhavn
H3073,55.697936,12.544595,800,True,simulated_from_model_type,3073,"unset, unset",6100_Brandhaner__Koebenhavn
H3074,55.698561,12.545292,800,True,simulated_from_model_type,3074,"unset, unset",6100_Brandhaner__Koebenhavn
H3075,55.699353,12.546092,800,True,simulated_from_model_type,3075,"unset, unset",6100_Brandhaner__Koebenhavn
H3076,55.70755,12.555671,800,True,simulated_from_model_type,3076,"unset, unset",6100_Brandhaner__Koebenhavn
H3077,55.717864,12.583069,800,True,simulated_from_model_type,3077,"unset, unset",6100_Brandhaner__Koebenhavn
H3078,55.717,12.582435,800,True,simulated_from_model_type,3078,"unset, unset",6100_Brandhaner__Koebenhavn
H3079,55.697887,12.546796,800,True,simulated_from_model_type,3079,"unset, unset",6100_Brandhaner__Koebenhavn
H3080,55.697476,12.546409,800,True,simulated_from_model_type,3080,"unset, unset",6100_Brandhaner__Koebenhavn
H3081,55.699552,12.547468,800,True,simulated_from_model_type,3081,"unset, unset",6100_Brandhaner__Koebenhavn
H3082,55.700472,12.546244,800,True,simulated_from_model_type,3082,"unset, unset",6100_Brandhaner__Koebenhavn
H3083,55.71676,12.579549,800,True,simulated_from_model_type,3083,"unset, unset",6100_Brandhaner__Koebenhavn
H3084,55.70656,12.551896,1600,True,simulated_from_model_type,3084,"unset, 100 mm",6100_Brandhaner__Koebenhavn
H3085,55.707307,12.550926,1600,True,simulated_from_model_type,3085,"unset, 100 mm",6100_Brandhaner__Koebenhavn
H3086,55.700902,12.545794,800,True,simulated_from_model_type,3086,"unset, unset",6100_Brandhaner__Koebenhavn
H3087,55.715744,12.580192,800,True,simulated_from_model_type,3087,"unset, unset",6100_Brandhaner__Koebenhavn
H3088,55.715209,12.581631,800,True,simulated_from_model_type,3088,"unset, unset",6100_Brandhaner__Koebenhavn
H3089,55.700242,12.54478,800,True,simulated_from_model_type,3089,"unset, unset",6100_Brandhaner__Koebenhavn
H3090,55.695435,12.548338,800,True,simulated_from_model_type,3090,"unset, unset",6100_Brandhaner__Koebenhavn
H3091,55.69954,12.543975,800,True,simulated_from_model_type,3091,"unset, unset",6100_Brandhaner__Koebenhavn
H3092,55.716206,12.580547,800,True,simulated_from_model_type,3092,"unset, unset",6100_Brandhaner__Koebenhavn
H3093,55.709448,12.551644,1600,True,simulated_from_model_type,3093,"unset, 100 mm",6100_Brandhaner__Koebenhavn
H3094,55.709502,12.557081,1600,True,simulated_from_model_type,3094,"unset, 100 mm",6100_Brandhaner__Koebenhavn
H3095,55.699104,12.541208,800,True,simulated_from_model_type,3095,"unset, unset",6100_Brandhaner__Koebenhavn
H3096,55.709278,12.553546,1600,True,simulated_from_model_type,3096,"unset, 100 mm",6100_Brandhaner__Koebenhavn
H3097,55.708536,12.553635,1600,True,simulated_from_model_type,3097,"unset, 100 mm",6100_Brandhaner__Koebenhavn
H3098,55.708069,12.549949,1600,True,simulated_from_model_type,3098,"unset, 100 mm",6100_Brandhaner__Koebenhavn
H3099,55.69691,12.546699,800,True,simulated_from_model_type,3099,"unset, unset",6100_Brandhaner__Koebenhavn
H3100,55.694871,12.547815,800,True,simulated_from_model_type,3100,"unset, unset",6100_Brandhaner__Koebenhavn
H3101,55.700173,12.541327,800,True,simulated_from_model_type,3101,"unset, unset",6100_Brandhaner__Koebenhavn
H3102,55.700892,12.541815,800,True,simulated_from_model_type,3102,"unset, unset",6100_Brandhaner__Koebenhavn
H3103,55.701851,12.54229,800,True,simulated_from_model_type,3103,"unset, unset",6100_Brandhaner__Koebenhavn
H3104,55.701702,12.543668,800,True,simulated_from_model_type,3104,"unset, unset",6100_Brandhaner__Koebenhavn
H3105,55.694756,12.549096,800,True,simulated_from_model_type,3105,"unset, unset",6100_Brandhaner__Koebenhavn
H3106,55.713365,12.544478,800,True,simulated_from_model_type,3106,"unset, unset",6100_Brandhaner__Koebenhavn
H3107,55.714917,12.543738,800,True,simulated_from_model_type,3107,"unset, unset",6100_Brandhaner__Koebenhavn
H3108,55.709689,12.576325,800,True,simulated_from_model_type,3108,"unset, unset",6100_Brandhaner__Koebenhavn
H3109,55.700854,12.543507,800,True,simulated_from_model_type,3109,"unset, unset",6100_Brandhaner__Koebenhavn
H3110,55.701203,12.544311,800,True,simulated_from_model_type,3110,"unset, unset",6100_Brandhaner__Koebenhavn
H3111,55.710384,12.575169,800,True,simulated_from_model_type,3111,"unset, unset",6100_Brandhaner__Koebenhavn
H3112,55.710754,12.576198,800,True,simulated_from_model_type,3112,"unset, unset",6100_Brandhaner__Koebenhavn
H3113,55.721842,12.545525,800,True,simulated_from_model_type,3113,"unset, unset",6100_Brandhaner__Koebenhavn
H3114,55.695236,12.550123,800,True,simulated_from_model_type,3114,"unset, unset",6100_Brandhaner__Koebenhavn
H3115,55.700068,12.540564,800,True,simulated_from_model_type,3115,"unset, unset",6100_Brandhaner__Koebenhavn
H3116,55.714432,12.543178,800,True,simulated_from_model_type,3116,"unset, unset",6100_Brandhaner__Koebenhavn
H3117,55.713946,12.541679,800,True,simulated_from_model_type,3117,"unset, unset",6100_Brandhaner__Koebenhavn
H3118,55.722756,12.545703,800,True,simulated_from_model_type,3118,"unset, unset",6100_Brandhaner__Koebenhavn
H3119,55.713893,12.549596,800,True,simulated_from_model_type,3119,"unset, unset",6100_Brandhaner__Koebenhavn
H3120,55.723511,12.544783,800,True,simulated_from_model_type,3120,"unset, unset",6100_Brandhaner__Koebenhavn
H3121,55.714461,12.548187,800,True,simulated_from_model_type,3121,"unset, unset",6100_Brandhaner__Koebenhavn
H3122,55.7237,12.546461,800,True,simulated_from_model_type,3122,"unset, unset",6100_Brandhaner__Koebenhavn
H3123,55.693974,12.549684,800,True,simulated_from_model_type,3123,"unset, unset",6100_Brandhaner__Koebenhavn
H3124,55.72346,12.546808,800,True,simulated_from_model_type,3124,"unset, unset",6100_Brandhaner__Koebenhavn
H3125,55.711054,12.578023,800,True,simulated_from_model_type,3125,"unset, unset",6100_Brandhaner__Koebenhavn
H3126,55.693467,12.550394,800,True,simulated_from_model_type,3126,"unset, unset",6100_Brandhaner__Koebenhavn
H3127,55.715473,12.552524,800,True,simulated_from_model_type,3127,"unset, unset",6100_Brandhaner__Koebenhavn
H3128,55.716348,12.553594,800,True,simulated_from_model_type,3128,"unset, unset",6100_Brandhaner__Koebenhavn
H3129,55.714881,12.551502,800,True,simulated_from_model_type,3129,"unset, unset",6100_Brandhaner__Koebenhavn
H3130,55.715537,12.550413,800,True,simulated_from_model_type,3130,"unset, unset",6100_Brandhaner__Koebenhavn
H3131,55.712007,12.578463,800,True,simulated_from_model_type,3131,"unset, unset",6100_Brandhaner__Koebenhavn
H3132,55.723809,12.549019,800,True,simulated_from_model_type,3132,"unset, unset",6100_Brandhaner__Koebenhavn
H3133,55.711481,12.576719,800,True,simulated_from_model_type,3133,"unset, unset",6100_Brandhaner__Koebenhavn
H3134,55.716188,12.549318,800,True,simulated_from_model_type,3134,"unset, unset",6100_Brandhaner__Koebenhavn
H3135,55.716266,12.548024,800,True,simulated_from_model_type,3135,"unset, unset",6100_Brandhaner__Koebenhavn
H3136,55.72171,12.550579,800,True,simulated_from_model_type,3136,"unset, unset",6100_Brandhaner__Koebenhavn
H3137,55.71311,12.578276,800,True,simulated_from_model_type,3137,"unset, unset",6100_Brandhaner__Koebenhavn
H3138,55.720881,12.550826,800,True,simulated_from_model_type,3138,"unset, unset",6100_Brandhaner__Koebenhavn
H3139,55.694608,12.552103,800,True,simulated_from_model_type,3139,"unset, unset",6100_Brandhaner__Koebenhavn
H3140,55.717152,12.544764,800,True,simulated_from_model_type,3140,"unset, unset",6100_Brandhaner__Koebenhavn
H3141,55.694596,12.553253,800,True,simulated_from_model_type,3141,"unset, unset",6100_Brandhaner__Koebenhavn
H3142,55.716296,12.545412,800,True,simulated_from_model_type,3142,"unset, unset",6100_Brandhaner__Koebenhavn
H3143,55.695511,12.5533,800,True,simulated_from_model_type,3143,"unset, unset",6100_Brandhaner__Koebenhavn
H3144,55.711781,12.574274,800,True,simulated_from_model_type,3144,"unset, unset",6100_Brandhaner__Koebenhavn
H3145,55.695398,12.551766,800,True,simulated_from_model_type,3145,"unset, unset",6100_Brandhaner__Koebenhavn
H3146,55.712348,12.574588,800,True,simulated_from_model_type,3146,"unset, unset",6100_Brandhaner__Koebenhavn
H3147,55.711372,12.57587,800,True,simulated_from_model_type,3147,"unset, unset",6100_Brandhaner__Koebenhavn
H3148,55.715855,12.546618,800,True,simulated_from_model_type,3148,"unset, unset",6100_Brandhaner__Koebenhavn
H3149,55.701779,12.548557,800,True,simulated_from_model_type,3149,"unset, unset",6100_Brandhaner__Koebenhavn
H3150,55.701124,12.547396,800,True,simulated_from_model_type,3150,"unset, unset",6100_Brandhaner__Koebenhavn
H3151,55.710898,12.573961,800,True,simulated_from_model_type,3151,"unset, unset",6100_Brandhaner__Koebenhavn
H3152,55.719563,12.546213,800,True,simulated_from_model_type,3152,"unset, unset",6100_Brandhaner__Koebenhavn
H3153,55.718664,12.544119,800,True,simulated_from_model_type,3153,"unset, unset",6100_Brandhaner__Koebenhavn
H3154,55.718019,12.544091,800,True,simulated_from_model_type,3154,"unset, unset",6100_Brandhaner__Koebenhavn
H3155,55.696493,12.552041,800,True,simulated_from_model_type,3155,"unset, unset",6100_Brandhaner__Koebenhavn
H3156,55.717998,12.555846,800,True,simulated_from_model_type,3156,"unset, unset",6100_Brandhaner__Koebenhavn
H3157,55.696064,12.550606,800,True,simulated_from_model_type,3157,"unset, unset",6100_Brandhaner__Koebenhavn
H3158,55.720781,12.547684,800,True,simulated_from_model_type,3158,"unset, unset",6100_Brandhaner__Koebenhavn
H3159,55.717473,12.555125,800,True,simulated_from_model_type,3159,"unset, unset",6100_Brandhaner__Koebenhavn
H3160,55.715165,12.547021,800,True,simulated_from_model_type,3160,"unset, unset",6100_Brandhaner__Koebenhavn
H3161,55.716996,12.554477,800,True,simulated_from_model_type,3161,"unset, unset",6100_Brandhaner__Koebenhavn
H3162,55.71735,12.557975,800,True,simulated_from_model_type,3162,"unset, unset",6100_Brandhaner__Koebenhavn
H3163,55.716846,12.557203,800,True,simulated_from_model_type,3163,"unset, unset",6100_Brandhaner__Koebenhavn
H3164,55.720378,12.549135,800,True,simulated_from_model_type,3164,"unset, unset",6100_Brandhaner__Koebenhavn
H3165,55.715385,12.557823,800,True,simulated_from_model_type,3165,"unset, unset",6100_Brandhaner__Koebenhavn
H3166,55.719891,12.550115,800,True,simulated_from_model_type,3166,"unset, unset",6100_Brandhaner__Koebenhavn
H3167,55.718885,12.550139,800,True,simulated_from_model_type,3167,"unset, unset",6100_Brandhaner__Koebenhavn
H3168,55.718242,12.549716,800,True,simulated_from_model_type,3168,"unset, unset",6100_Brandhaner__Koebenhavn
H3169,55.718214,12.551184,800,True,simulated_from_model_type,3169,"unset, unset",6100_Brandhaner__Koebenhavn
H3170,55.70213,12.544439,800,True,simulated_from_model_type,3170,"unset, unset",6100_Brandhaner__Koebenhavn
H3171,55.717604,12.550871,800,True,simulated_from_model_type,3171,"unset, unset",6100_Brandhaner__Koebenhavn
H3172,55.697086,12.548019,800,True,simulated_from_model_type,3172,"unset, unset",6100_Brandhaner__Koebenhavn
H3173,55.703393,12.548321,800,True,simulated_from_model_type,3173,"unset, unset",6100_Brandhaner__Koebenhavn
H3174,55.696321,12.547884,800,True,simulated_from_model_type,3174,"unset, unset",6100_Brandhaner__Koebenhavn
H3175,55.715228,12.570293,800,True,simulated_from_model_type,3175,"unset, unset",6100_Brandhaner__Koebenhavn
H3176,55.704191,12.548086,800,True,simulated_from_model_type,3176,"unset, unset",6100_Brandhaner__Koebenhavn
H3177,55.704794,12.548714,1600,True,simulated_from_model_type,3177,"unset, 100 mm",6100_Brandhaner__Koebenhavn
H3178,55.704905,12.547969,1600,True,simulated_from_model_type,3178,"unset, 100 mm",6100_Brandhaner__Koebenhavn
H3179,55.716138,12.569738,800,True,simulated_from_model_type,3179,"unset, unset",6100_Brandhaner__Koebenhavn
H3180,55.706048,12.551284,1600,True,simulated_from_model_type,3180,"unset, 100 mm",6100_Brandhaner__Koebenhavn
H3181,55.707629,12.549042,1600,True,simulated_from_model_type,3181,"unset, 100 mm",6100_Brandhaner__Koebenhavn
H3182,55.702139,12.540968,800,True,simulated_from_model_type,3182,"unset, unset",6100_Brandhaner__Koebenhavn
H3183,55.716276,12.567557,800,True,simulated_from_model_type,3183,"unset, unset",6100_Brandhaner__Koebenhavn
H3184,55.701062,12.540613,800,True,simulated_from_model_type,3184,"unset, unset",6100_Brandhaner__Koebenhavn
H3185,55.706796,12.54788,1600,True,simulated_from_model_type,3185,"unset, 100 mm",6100_Brandhaner__Koebenhavn
H3186,55.71558,12.571511,800,True,simulated_from_model_type,3186,"unset, unset",6100_Brandhaner__Koebenhavn
H3187,55.70635,12.549153,1600,True,simulated_from_model_type,3187,"unset, 100 mm",6100_Brandhaner__Koebenhavn
H3188,55.71892,12.551522,800,True,simulated_from_model_type,3188,"unset, unset",6100_Brandhaner__Koebenhavn
H3189,55.714158,12.544409,800,True,simulated_from_model_type,3189,"unset, unset",6100_Brandhaner__Koebenhavn
H3190,55.704144,12.54897,1600,True,simulated_from_model_type,3190,"unset, 100 mm",6100_Brandhaner__Koebenhavn
H3191,55.693734,12.545989,800,True,simulated_from_model_type,3191,"unset, unset",6100_Brandhaner__Koebenhavn
H3192,55.697169,12.539617,800,True,simulated_from_model_type,3192,"unset, unset",6100_Brandhaner__Koebenhavn
H3193,55.704469,12.550321,800,True,simulated_from_model_type,3193,"unset, unset",6100_Brandhaner__Koebenhavn
H3194,55.702647,12.550556,800,True,simulated_from_model_type,3194,"unset, unset",6100_Brandhaner__Koebenhavn
H3195,55.703436,12.549855,800,True,simulated_from_model_type,3195,"unset, unset",6100_Brandhaner__Koebenhavn
H3196,55.715113,12.576136,800,True,simulated_from_model_type,3196,"unset, unset",6100_Brandhaner__Koebenhavn
H3197,55.703556,12.551313,800,True,simulated_from_model_type,3197,"unset, unset",6100_Brandhaner__Koebenhavn
H3198,55.695973,12.546063,800,True,simulated_from_model_type,3198,"unset, unset",6100_Brandhaner__Koebenhavn
H3199,55.705138,12.551532,800,True,simulated_from_model_type,3199,"unset, unset",6100_Brandhaner__Koebenhavn
H3200,55.716479,12.57433,800,True,simulated_from_model_type,3200,"unset, unset",6100_Brandhaner__Koebenhavn
H3201,55.716223,12.575367,800,True,simulated_from_model_type,3201,"unset, unset",6100_Brandhaner__Koebenhavn
H3202,55.705834,12.552736,1600,True,simulated_from_model_type,3202,"unset, 100 mm",6100_Brandhaner__Koebenhavn
H3203,55.715711,12.574001,800,True,simulated_from_model_type,3203,"unset, unset",6100_Brandhaner__Koebenhavn
H3204,55.71605,12.572541,800,True,simulated_from_model_type,3204,"unset, unset",6100_Brandhaner__Koebenhavn
H3205,55.716461,12.572882,800,True,simulated_from_model_type,3205,"unset, unset",6100_Brandhaner__Koebenhavn
H3206,55.714237,12.577262,800,True,simulated_from_model_type,3206,"unset, unset",6100_Brandhaner__Koebenhavn
H3207,55.704027,12.55365,800,True,simulated_from_model_type,3207,"unset, unset",6100_Brandhaner__Koebenhavn
H3208,55.71483,12.57717,800,True,simulated_from_model_type,3208,"unset, unset",6100_Brandhaner__Koebenhavn
H3209,55.707695,12.568936,800,True,simulated_from_model_type,3209,"unset, unset",6100_Brandhaner__Koebenhavn
H3210,55.70824,12.568392,800,True,simulated_from_model_type,3210,"unset, unset",6100_Brandhaner__Koebenhavn
H3211,55.705253,12.554323,800,True,simulated_from_model_type,3211,"unset, unset",6100_Brandhaner__Koebenhavn
H3212,55.710228,12.567173,800,True,simulated_from_model_type,3212,"unset, unset",6100_Brandhaner__Koebenhavn
H3213,55.711082,12.56753,800,True,simulated_from_model_type,3213,"unset, unset",6100_Brandhaner__Koebenhavn
H3214,55.707426,12.56749,800,True,simulated_from_model_type,3214,"unset, unset",6100_Brandhaner__Koebenhavn
H3215,55.708176,12.567394,800,True,simulated_from_model_type,3215,"unset, unset",6100_Brandhaner__Koebenhavn
H3216,55.708837,12.567513,800,True,simulated_from_model_type,3216,"unset, unset",6100_Brandhaner__Koebenhavn
H3217,55.706645,12.554224,1600,True,simulated_from_model_type,3217,"unset, 100 mm",6100_Brandhaner__Koebenhavn
H3218,55.704442,12.555829,1600,True,simulated_from_model_type,3218,"unset, 100 mm",6100_Brandhaner__Koebenhavn
H3219,55.714384,12.577805,800,True,simulated_from_model_type,3219,"unset, unset",6100_Brandhaner__Koebenhavn
H3220,55.715549,12.577264,800,True,simulated_from_model_type,3220,"unset, unset",6100_Brandhaner__Koebenhavn
H3221,55.714461,12.573322,800,True,simulated_from_model_type,3221,"unset, unset",6100_Brandhaner__Koebenhavn
H3222,55.712176,12.568056,800,True,simulated_from_model_type,3222,"unset, unset",6100_Brandhaner__Koebenhavn
H3223,55.712549,12.569176,800,True,simulated_from_model_type,3223,"unset, unset",6100_Brandhaner__Koebenhavn
H3224,55.712235,12.570169,800,True,simulated_from_model_type,3224,"unset, unset",6100_Brandhaner__Koebenhavn
H3225,55.712841,12.570336,800,True,simulated_from_model_type,3225,"unset, unset",6100_Brandhaner__Koebenhavn
H3226,55.714105,12.571999,800,True,simulated_from_model_type,3226,"unset, unset",6100_Brandhaner__Koebenhavn
H3227,55.714218,12.570359,800,True,simulated_from_model_type,3227,"unset, unset",6100_Brandhaner__Koebenhavn
H3228,55.713414,12.568945,800,True,simulated_from_model_type,3228,"unset, unset",6100_Brandhaner__Koebenhavn
H3229,55.708818,12.555018,1600,True,simulated_from_model_type,3229,"unset, 100 mm",6100_Brandhaner__Koebenhavn
H3230,55.696916,12.545248,800,True,simulated_from_model_type,3230,"unset, unset",6100_Brandhaner__Koebenhavn
H3231,55.721993,12.487298,1600,True,simulated_from_model_type,3231,"unset, 100 mm",6100_Brandhaner__Koebenhavn
H3232,55.722633,12.483122,1600,True,simulated_from_model_type,3232,"unset, 100 mm",6100_Brandhaner__Koebenhavn
H3233,55.723064,12.487715,1600,True,simulated_from_model_type,3233,"unset, 100 mm",6100_Brandhaner__Koebenhavn
H3234,55.717908,12.470382,800,True,simulated_from_model_type,3234,"unset, unset",6100_Brandhaner__Koebenhavn
H3235,55.71861,12.470676,800,True,simulated_from_model_type,3235,"unset, unset",6100_Brandhaner__Koebenhavn
H3236,55.71761,12.468696,800,True,simulated_from_model_type,3236,"unset, unset",6100_Brandhaner__Koebenhavn
H3237,55.722378,12.485437,1600,True,simulated_from_model_type,3237,"unset, 100 mm",6100_Brandhaner__Koebenhavn
H3238,55.718265,12.481838,800,True,simulated_from_model_type,3238,"unset, unset",6100_Brandhaner__Koebenhavn
H3239,55.717835,12.48362,800,True,simulated_from_model_type,3239,"unset, unset",6100_Brandhaner__Koebenhavn
H3240,55.717425,12.485303,800,True,simulated_from_model_type,3240,"unset, unset",6100_Brandhaner__Koebenhavn
H3241,55.71867,12.480082,800,True,simulated_from_model_type,3241,"unset, unset",6100_Brandhaner__Koebenhavn
H3242,55.717942,12.489322,800,True,simulated_from_model_type,3242,"unset, unset",6100_Brandhaner__Koebenhavn
H3243,55.716471,12.472817,800,True,simulated_from_model_type,3243,"unset, unset",6100_Brandhaner__Koebenhavn
H3244,55.721411,12.481291,800,True,simulated_from_model_type,3244,"unset, unset",6100_Brandhaner__Koebenhavn
H3245,55.720217,12.48033,800,True,simulated_from_model_type,3245,"unset, unset",6100_Brandhaner__Koebenhavn
H3246,55.717029,12.474672,800,True,simulated_from_model_type,3246,"unset, unset",6100_Brandhaner__Koebenhavn
H3247,55.717179,12.48718,800,True,simulated_from_model_type,3247,"unset, unset",6100_Brandhaner__Koebenhavn
H3248,55.7169,12.478096,800,True,simulated_from_model_type,3248,"unset, unset",6100_Brandhaner__Koebenhavn
H3249,55.721045,12.482902,800,True,simulated_from_model_type,3249,"unset, unset",6100_Brandhaner__Koebenhavn
H3250,55.72066,12.485505,800,True,simulated_from_model_type,3250,"unset, unset",6100_Brandhaner__Koebenhavn
H3251,55.719561,12.484078,800,True,simulated_from_model_type,3251,"unset, unset",6100_Brandhaner__Koebenhavn
H3252,55.721682,12.488621,800,True,simulated_from_model_type,3252,"unset, unset",6100_Brandhaner__Koebenhavn
H3253,55.72144,12.489636,800,True,simulated_from_model_type,3253,"unset, unset",6100_Brandhaner__Koebenhavn
H3254,55.720663,12.489807,800,True,simulated_from_model_type,3254,"unset, unset",6100_Brandhaner__Koebenhavn
H3255,55.720392,12.488008,800,True,simulated_from_model_type,3255,"unset, unset",6100_Brandhaner__Koebenhavn
H3256,55.71887,12.4897,800,True,simulated_from_model_type,3256,"unset, unset",6100_Brandhaner__Koebenhavn
H3257,55.719071,12.487815,800,True,simulated_from_model_type,3257,"unset, unset",6100_Brandhaner__Koebenhavn
H3258,55.710421,12.496332,800,True,simulated_from_model_type,3258,"unset, unset",6100_Brandhaner__Koebenhavn
H3259,55.711692,12.469688,800,True,simulated_from_model_type,3259,"unset, unset",6100_Brandhaner__Koebenhavn
H3260,55.712468,12.467119,800,True,simulated_from_model_type,3260,"unset, unset",6100_Brandhaner__Koebenhavn
H3261,55.71384,12.461994,800,True,simulated_from_model_type,3261,"unset, unset",6100_Brandhaner__Koebenhavn
H3262,55.712525,12.469503,800,True,simulated_from_model_type,3262,"unset, unset",6100_Brandhaner__Koebenhavn
H3263,55.712348,12.471111,800,True,simulated_from_model_type,3263,"unset, unset",6100_Brandhaner__Koebenhavn
H3264,55.713234,12.467827,800,True,simulated_from_model_type,3264,"unset, unset",6100_Brandhaner__Koebenhavn
H3265,55.711762,12.494639,800,True,simulated_from_model_type,3265,"unset, unset",6100_Brandhaner__Koebenhavn
H3266,55.713237,12.471626,800,True,simulated_from_model_type,3266,"unset, unset",6100_Brandhaner__Koebenhavn
H3267,55.714508,12.468589,800,True,simulated_from_model_type,3267,"unset, unset",6100_Brandhaner__Koebenhavn
H3268,55.709903,12.494792,800,True,simulated_from_model_type,3268,"unset, unset",6100_Brandhaner__Koebenhavn
H3269,55.710832,12.492767,800,True,simulated_from_model_type,3269,"unset, unset",6100_Brandhaner__Koebenhavn
H3270,55.716966,12.461441,800,True,simulated_from_model_type,3270,"unset, unset",6100_Brandhaner__Koebenhavn
H3271,55.711588,12.473138,800,True,simulated_from_model_type,3271,"unset, unset",6100_Brandhaner__Koebenhavn
H3272,55.714313,12.458544,800,True,simulated_from_model_type,3272,"unset, unset",6100_Brandhaner__Koebenhavn
H3273,55.711508,12.474424,800,True,simulated_from_model_type,3273,"unset, unset",6100_Brandhaner__Koebenhavn
H3274,55.712701,12.472918,800,True,simulated_from_model_type,3274,"unset, unset",6100_Brandhaner__Koebenhavn
H3275,55.7131,12.475155,800,True,simulated_from_model_type,3275,"unset, unset",6100_Brandhaner__Koebenhavn
H3276,55.714523,12.46095,800,True,simulated_from_model_type,3276,"unset, unset",6100_Brandhaner__Koebenhavn
H3277,55.713479,12.476499,800,True,simulated_from_model_type,3277,"unset, unset",6100_Brandhaner__Koebenhavn
H3278,55.715189,12.461668,800,True,simulated_from_model_type,3278,"unset, unset",6100_Brandhaner__Koebenhavn
H3279,55.714635,12.463173,800,True,simulated_from_model_type,3279,"unset, unset",6100_Brandhaner__Koebenhavn
H3280,55.7142,12.47219,800,True,simulated_from_model_type,3280,"unset, unset",6100_Brandhaner__Koebenhavn
H3281,55.713551,12.472514,800,True,simulated_from_model_type,3281,"unset, unset",6100_Brandhaner__Koebenhavn
H3282,55.713308,12.473628,800,True,simulated_from_model_type,3282,"unset, unset",6100_Brandhaner__Koebenhavn
H3283,55.715522,12.463565,800,True,simulated_from_model_type,3283,"unset, unset",6100_Brandhaner__Koebenhavn
H3284,55.715766,12.461083,800,True,simulated_from_model_type,3284,"unset, unset",6100_Brandhaner__Koebenhavn
H3285,55.712715,12.477274,800,True,simulated_from_model_type,3285,"unset, unset",6100_Brandhaner__Koebenhavn
H3286,55.716798,12.463333,800,True,simulated_from_model_type,3286,"unset, unset",6100_Brandhaner__Koebenhavn
H3287,55.710856,12.489715,800,True,simulated_from_model_type,3287,"unset, unset",6100_Brandhaner__Koebenhavn
H3288,55.717057,12.464675,800,True,simulated_from_model_type,3288,"unset, unset",6100_Brandhaner__Koebenhavn
H3289,55.711866,12.480093,800,True,simulated_from_model_type,3289,"unset, unset",6100_Brandhaner__Koebenhavn
H3290,55.714351,12.476742,800,True,simulated_from_model_type,3290,"unset, unset",6100_Brandhaner__Koebenhavn
H3291,55.712849,12.480447,800,True,simulated_from_model_type,3291,"unset, unset",6100_Brandhaner__Koebenhavn
H3292,55.713442,12.480661,800,True,simulated_from_model_type,3292,"unset, unset",6100_Brandhaner__Koebenhavn
H3293,55.714031,12.480993,800,True,simulated_from_model_type,3293,"unset, unset",6100_Brandhaner__Koebenhavn
H3294,55.712337,12.478679,800,True,simulated_from_model_type,3294,"unset, unset",6100_Brandhaner__Koebenhavn
H3295,55.714984,12.480503,800,True,simulated_from_model_type,3295,"unset, unset",6100_Brandhaner__Koebenhavn
H3296,55.7152,12.477189,800,True,simulated_from_model_type,3296,"unset, unset",6100_Brandhaner__Koebenhavn
H3297,55.71606,12.47765,800,True,simulated_from_model_type,3297,"unset, unset",6100_Brandhaner__Koebenhavn
H3298,55.71245,12.464678,800,True,simulated_from_model_type,3298,"unset, unset",6100_Brandhaner__Koebenhavn
H3299,55.714414,12.483193,800,True,simulated_from_model_type,3299,"unset, unset",6100_Brandhaner__Koebenhavn
H3300,55.713722,12.483933,800,True,simulated_from_model_type,3300,"unset, unset",6100_Brandhaner__Koebenhavn
H3301,55.712898,12.483354,800,True,simulated_from_model_type,3301,"unset, unset",6100_Brandhaner__Koebenhavn
H3302,55.710946,12.482773,800,True,simulated_from_model_type,3302,"unset, unset",6100_Brandhaner__Koebenhavn
H3303,55.7117,12.464275,800,True,simulated_from_model_type,3303,"unset, unset",6100_Brandhaner__Koebenhavn
H3304,55.710476,12.484158,800,True,simulated_from_model_type,3304,"unset, unset",6100_Brandhaner__Koebenhavn
H3305,55.710329,12.48377,800,True,simulated_from_model_type,3305,"unset, unset",6100_Brandhaner__Koebenhavn
H3306,55.712113,12.48246,800,True,simulated_from_model_type,3306,"unset, unset",6100_Brandhaner__Koebenhavn
H3307,55.710559,12.463329,800,True,simulated_from_model_type,3307,"unset, unset",6100_Brandhaner__Koebenhavn
H3308,55.712802,12.485222,800,True,simulated_from_model_type,3308,"unset, unset",6100_Brandhaner__Koebenhavn
H3309,55.714092,12.486426,800,True,simulated_from_model_type,3309,"unset, unset",6100_Brandhaner__Koebenhavn
H3310,55.709814,12.460504,800,True,simulated_from_model_type,3310,"unset, unset",6100_Brandhaner__Koebenhavn
H3311,55.709767,12.485335,800,True,simulated_from_model_type,3311,"unset, unset",6100_Brandhaner__Koebenhavn
H3312,55.714167,12.459674,800,True,simulated_from_model_type,3312,"unset, unset",6100_Brandhaner__Koebenhavn
H3313,55.707658,12.489709,800,True,simulated_from_model_type,3313,"unset, unset",6100_Brandhaner__Koebenhavn
H3314,55.706694,12.505935,800,True,simulated_from_model_type,3314,"unset, unset",6100_Brandhaner__Koebenhavn
H3315,55.706542,12.493688,800,True,simulated_from_model_type,3315,"unset, unset",6100_Brandhaner__Koebenhavn
H3316,55.705581,12.506837,800,True,simulated_from_model_type,3316,"unset, unset",6100_Brandhaner__Koebenhavn
H3317,55.705565,12.508763,800,True,simulated_from_model_type,3317,"unset, unset",6100_Brandhaner__Koebenhavn
H3318,55.708824,12.490177,800,True,simulated_from_model_type,3318,"unset, unset",6100_Brandhaner__Koebenhavn
H3319,55.704423,12.5061,800,True,simulated_from_model_type,3319,"unset, unset",6100_Brandhaner__Koebenhavn
H3320,55.703977,12.507671,800,True,simulated_from_model_type,3320,"unset, unset",6100_Brandhaner__Koebenhavn
H3321,55.704593,12.507656,800,True,simulated_from_model_type,3321,"unset, unset",6100_Brandhaner__Koebenhavn
H3322,55.709196,12.492835,800,True,simulated_from_model_type,3322,"unset, unset",6100_Brandhaner__Koebenhavn
H3323,55.705198,12.505388,800,True,simulated_from_model_type,3323,"unset, unset",6100_Brandhaner__Koebenhavn
H3324,55.707269,12.491374,800,True,simulated_from_model_type,3324,"unset, unset",6100_Brandhaner__Koebenhavn
H3325,55.70627,12.489911,800,True,simulated_from_model_type,3325,"unset, unset",6100_Brandhaner__Koebenhavn
H3326,55.708195,12.494566,800,True,simulated_from_model_type,3326,"unset, unset",6100_Brandhaner__Koebenhavn
H3327,55.70901,12.496255,800,True,simulated_from_model_type,3327,"unset, unset",6100_Brandhaner__Koebenhavn
H3328,55.707527,12.496021,800,True,simulated_from_model_type,3328,"unset, unset",6100_Brandhaner__Koebenhavn
H3329,55.706657,12.496973,800,True,simulated_from_model_type,3329,"unset, unset",6100_Brandhaner__Koebenhavn
H3330,55.706677,12.492568,800,True,simulated_from_model_type,3330,"unset, unset",6100_Brandhaner__Koebenhavn
H3331,55.700418,12.508618,800,True,simulated_from_model_type,3331,"unset, unset",6100_Brandhaner__Koebenhavn
H3332,55.700566,12.506855,800,True,simulated_from_model_type,3332,"unset, unset",6100_Brandhaner__Koebenhavn
H3333,55.711182,12.467569,800,True,simulated_from_model_type,3333,"unset, unset",6100_Brandhaner__Koebenhavn
H3334,55.703117,12.506296,800,True,simulated_from_model_type,3334,"unset, unset",6100_Brandhaner__Koebenhavn
H3335,55.710678,12.465241,800,True,simulated_from_model_type,3335,"unset, unset",6100_Brandhaner__Koebenhavn
H3336,55.700915,12.504685,800,True,simulated_from_model_type,3336,"unset, unset",6100_Brandhaner__Koebenhavn
H3337,55.701844,12.506014,800,True,simulated_from_model_type,3337,"unset, unset",6100_Brandhaner__Koebenhavn
H3338,55.710345,12.468339,800,True,simulated_from_model_type,3338,"unset, unset",6100_Brandhaner__Koebenhavn
H3339,55.703534,12.505122,800,True,simulated_from_model_type,3339,"unset, unset",6100_Brandhaner__Koebenhavn
H3340,55.709281,12.468096,800,True,simulated_from_model_type,3340,"unset, unset",6100_Brandhaner__Koebenhavn
H3341,55.709349,12.465067,800,True,simulated_from_model_type,3341,"unset, unset",6100_Brandhaner__Koebenhavn
H3342,55.702247,12.504821,800,True,simulated_from_model_type,3342,"unset, unset",6100_Brandhaner__Koebenhavn
H3343,55.710504,12.47104,800,True,simulated_from_model_type,3343,"unset, unset",6100_Brandhaner__Koebenhavn
H3344,55.709919,12.469629,800,True,simulated_from_model_type,3344,"unset, unset",6100_Brandhaner__Koebenhavn
H3345,55.711092,12.472455,800,True,simulated_from_model_type,3345,"unset, unset",6100_Brandhaner__Koebenhavn
H3346,55.702755,12.503672,800,True,simulated_from_model_type,3346,"unset, unset",6100_Brandhaner__Koebenhavn
H3347,55.70409,12.503841,800,True,simulated_from_model_type,3347,"unset, unset",6100_Brandhaner__Koebenhavn
H3348,55.707795,12.482355,800,True,simulated_from_model_type,3348,"unset, unset",6100_Brandhaner__Koebenhavn
H3349,55.706442,12.483992,800,True,simulated_from_model_type,3349,"unset, unset",6100_Brandhaner__Koebenhavn
H3350,55.706249,12.481579,800,True,simulated_from_model_type,3350,"unset, unset",6100_Brandhaner__Koebenhavn
H3351,55.708159,12.480252,800,True,simulated_from_model_type,3351,"unset, unset",6100_Brandhaner__Koebenhavn
H3352,55.719766,12.489828,800,True,simulated_from_model_type,3352,"unset, unset",6100_Brandhaner__Koebenhavn
H3353,55.708287,12.486988,800,True,simulated_from_model_type,3353,"unset, unset",6100_Brandhaner__Koebenhavn
H3354,55.708914,12.485031,800,True,simulated_from_model_type,3354,"unset, unset",6100_Brandhaner__Koebenhavn
H3355,55.70837,12.485629,800,True,simulated_from_model_type,3355,"unset, unset",6100_Brandhaner__Koebenhavn
H3356,55.707493,12.487856,800,True,simulated_from_model_type,3356,"unset, unset",6100_Brandhaner__Koebenhavn
H3357,55.706507,12.48824,800,True,simulated_from_model_type,3357,"unset, unset",6100_Brandhaner__Koebenhavn
H3358,55.713171,12.466715,800,True,simulated_from_model_type,3358,"unset, unset",6100_Brandhaner__Koebenhavn
H3359,55.709489,12.480884,800,True,simulated_from_model_type,3359,"unset, unset",6100_Brandhaner__Koebenhavn
H3360,55.714125,12.465412,800,True,simulated_from_model_type,3360,"unset, unset",6100_Brandhaner__Koebenhavn
H3361,55.708409,12.483903,800,True,simulated_from_model_type,3361,"unset, unset",6100_Brandhaner__Koebenhavn
H3362,55.707321,12.486783,800,True,simulated_from_model_type,3362,"unset, unset",6100_Brandhaner__Koebenhavn
H3363,55.706609,12.486632,800,True,simulated_from_model_type,3363,"unset, unset",6100_Brandhaner__Koebenhavn
H3364,55.701659,12.502363,800,True,simulated_from_model_type,3364,"unset, unset",6100_Brandhaner__Koebenhavn
H3365,55.702827,12.502581,800,True,simulated_from_model_type,3365,"unset, unset",6100_Brandhaner__Koebenhavn
H3366,55.717213,12.467042,800,True,simulated_from_model_type,3366,"unset, unset",6100_Brandhaner__Koebenhavn
H3367,55.709695,12.473832,800,True,simulated_from_model_type,3367,"unset, unset",6100_Brandhaner__Koebenhavn
H3368,55.709338,12.475907,800,True,simulated_from_model_type,3368,"unset, unset",6100_Brandhaner__Koebenhavn
H3369,55.709677,12.477462,800,True,simulated_from_model_type,3369,"unset, unset",6100_Brandhaner__Koebenhavn
H3370,55.710541,12.477779,800,True,simulated_from_model_type,3370,"unset, unset",6100_Brandhaner__Koebenhavn
H3371,55.710777,12.476095,800,True,simulated_from_model_type,3371,"unset, unset",6100_Brandhaner__Koebenhavn
H3372,55.707592,12.48537,800,True,simulated_from_model_type,3372,"unset, unset",6100_Brandhaner__Koebenhavn
H3373,55.704742,12.502316,800,True,simulated_from_model_type,3373,"unset, unset",6100_Brandhaner__Koebenhavn
H3374,55.708272,12.488201,800,True,simulated_from_model_type,3374,"unset, unset",6100_Brandhaner__Koebenhavn
H3375,55.705313,12.501827,800,True,simulated_from_model_type,3375,"unset, unset",6100_Brandhaner__Koebenhavn
H3376,55.70561,12.502824,800,True,simulated_from_model_type,3376,"unset, unset",6100_Brandhaner__Koebenhavn
H3377,55.705124,12.503645,800,True,simulated_from_model_type,3377,"unset, unset",6100_Brandhaner__Koebenhavn
H3378,55.709895,12.478953,800,True,simulated_from_model_type,3378,"unset, unset",6100_Brandhaner__Koebenhavn
H3379,55.711416,12.481411,800,True,simulated_from_model_type,3379,"unset, unset",6100_Brandhaner__Koebenhavn
H3380,55.714716,12.481611,800,True,simulated_from_model_type,3380,"unset, unset",6100_Brandhaner__Koebenhavn
H3381,55.706608,12.47994,800,True,simulated_from_model_type,3381,"unset, unset",6100_Brandhaner__Koebenhavn
H3382,55.704228,12.4816,800,True,simulated_from_model_type,3382,"unset, unset",6100_Brandhaner__Koebenhavn
H3383,55.703331,12.481317,800,True,simulated_from_model_type,3383,"unset, unset",6100_Brandhaner__Koebenhavn
H3384,55.710006,12.45766,800,True,simulated_from_model_type,3384,"unset, unset",6100_Brandhaner__Koebenhavn
H3385,55.708894,12.455521,800,True,simulated_from_model_type,3385,"unset, unset",6100_Brandhaner__Koebenhavn
H3386,55.707739,12.45425,800,True,simulated_from_model_type,3386,"unset, unset",6100_Brandhaner__Koebenhavn
H3387,55.704394,12.482866,800,True,simulated_from_model_type,3387,"unset, unset",6100_Brandhaner__Koebenhavn
H3388,55.704742,12.484194,800,True,simulated_from_model_type,3388,"unset, unset",6100_Brandhaner__Koebenhavn
H3389,55.705746,12.485685,800,True,simulated_from_model_type,3389,"unset, unset",6100_Brandhaner__Koebenhavn
H3390,55.707411,12.45818,800,True,simulated_from_model_type,3390,"unset, unset",6100_Brandhaner__Koebenhavn
H3391,55.70434,12.486368,800,True,simulated_from_model_type,3391,"unset, unset",6100_Brandhaner__Koebenhavn
H3392,55.707411,12.461543,800,True,simulated_from_model_type,3392,"unset, unset",6100_Brandhaner__Koebenhavn
H3393,55.708358,12.460989,800,True,simulated_from_model_type,3393,"unset, unset",6100_Brandhaner__Koebenhavn
H3394,55.708559,12.458534,800,True,simulated_from_model_type,3394,"unset, unset",6100_Brandhaner__Koebenhavn
H3395,55.704274,12.499143,800,True,simulated_from_model_type,3395,"unset, unset",6100_Brandhaner__Koebenhavn
H3396,55.703368,12.499263,800,True,simulated_from_model_type,3396,"unset, unset",6100_Brandhaner__Koebenhavn
H3397,55.702333,12.501113,800,True,simulated_from_model_type,3397,"unset, unset",6100_Brandhaner__Koebenhavn
H3398,55.703525,12.500792,800,True,simulated_from_model_type,3398,"unset, unset",6100_Brandhaner__Koebenhavn
H3399,55.702117,12.496695,800,True,simulated_from_model_type,3399,"unset, unset",6100_Brandhaner__Koebenhavn
H3400,55.701423,12.499049,800,True,simulated_from_model_type,3400,"unset, unset",6100_Brandhaner__Koebenhavn
H3401,55.702986,12.497639,800,True,simulated_from_model_type,3401,"unset, unset",6100_Brandhaner__Koebenhavn
H3402,55.702923,12.496735,800,True,simulated_from_model_type,3402,"unset, unset",6100_Brandhaner__Koebenhavn
H3403,55.704431,12.497613,800,True,simulated_from_model_type,3403,"unset, unset",6100_Brandhaner__Koebenhavn
H3404,55.705369,12.498046,800,True,simulated_from_model_type,3404,"unset, unset",6100_Brandhaner__Koebenhavn
H3405,55.700964,12.464491,800,True,simulated_from_model_type,3405,"unset, unset",6100_Brandhaner__Koebenhavn
H3406,55.703836,12.49654,800,True,simulated_from_model_type,3406,"unset, unset",6100_Brandhaner__Koebenhavn
H3407,55.701618,12.503359,800,True,simulated_from_model_type,3407,"unset, unset",6100_Brandhaner__Koebenhavn
H3408,55.703994,12.464143,800,True,simulated_from_model_type,3408,"unset, unset",6100_Brandhaner__Koebenhavn
H3409,55.703987,12.466543,800,True,simulated_from_model_type,3409,"unset, unset",6100_Brandhaner__Koebenhavn
H3410,55.702247,12.465478,800,True,simulated_from_model_type,3410,"unset, unset",6100_Brandhaner__Koebenhavn
H3411,55.705561,12.487791,800,True,simulated_from_model_type,3411,"unset, unset",6100_Brandhaner__Koebenhavn
H3412,55.704985,12.488693,800,True,simulated_from_model_type,3412,"unset, unset",6100_Brandhaner__Koebenhavn
H3413,55.704109,12.487661,800,True,simulated_from_model_type,3413,"unset, unset",6100_Brandhaner__Koebenhavn
H3414,55.705626,12.490907,800,True,simulated_from_model_type,3414,"unset, unset",6100_Brandhaner__Koebenhavn
H3415,55.704716,12.489969,800,True,simulated_from_model_type,3415,"unset, unset",6100_Brandhaner__Koebenhavn
H3416,55.703501,12.488524,800,True,simulated_from_model_type,3416,"unset, unset",6100_Brandhaner__Koebenhavn
H3417,55.704597,12.491255,800,True,simulated_from_model_type,3417,"unset, unset",6100_Brandhaner__Koebenhavn
H3418,55.703901,12.460683,800,True,simulated_from_model_type,3418,"unset, unset",6100_Brandhaner__Koebenhavn
H3419,55.703757,12.492346,800,True,simulated_from_model_type,3419,"unset, unset",6100_Brandhaner__Koebenhavn
H3420,55.704525,12.492664,800,True,simulated_from_model_type,3420,"unset, unset",6100_Brandhaner__Koebenhavn
H3421,55.704485,12.494072,800,True,simulated_from_model_type,3421,"unset, unset",6100_Brandhaner__Koebenhavn
H3422,55.704411,12.495423,800,True,simulated_from_model_type,3422,"unset, unset",6100_Brandhaner__Koebenhavn
H3423,55.70351,12.493545,800,True,simulated_from_model_type,3423,"unset, unset",6100_Brandhaner__Koebenhavn
H3424,55.705728,12.495185,800,True,simulated_from_model_type,3424,"unset, unset",6100_Brandhaner__Koebenhavn
H3425,55.70517,12.496276,800,True,simulated_from_model_type,3425,"unset, unset",6100_Brandhaner__Koebenhavn
H3426,55.705534,12.492463,800,True,simulated_from_model_type,3426,"unset, unset",6100_Brandhaner__Koebenhavn
H3427,55.692689,12.504482,800,True,simulated_from_model_type,3427,"unset, unset",6100_Brandhaner__Koebenhavn
H3428,55.704988,12.494393,800,True,simulated_from_model_type,3428,"unset, unset",6100_Brandhaner__Koebenhavn
H3429,55.692033,12.506221,800,True,simulated_from_model_type,3429,"unset, unset",6100_Brandhaner__Koebenhavn
H3430,55.691731,12.508377,800,True,simulated_from_model_type,3430,"unset, unset",6100_Brandhaner__Koebenhavn
H3431,55.692859,12.507976,800,True,simulated_from_model_type,3431,"unset, unset",6100_Brandhaner__Koebenhavn
H3432,55.690476,12.507881,800,True,simulated_from_model_type,3432,"unset, unset",6100_Brandhaner__Koebenhavn
H3433,55.689404,12.507347,800,True,simulated_from_model_type,3433,"unset, unset",6100_Brandhaner__Koebenhavn
H3434,55.689977,12.504115,800,True,simulated_from_model_type,3434,"unset, unset",6100_Brandhaner__Koebenhavn
H3435,55.690958,12.505699,800,True,simulated_from_model_type,3435,"unset, unset",6100_Brandhaner__Koebenhavn
H3436,55.682422,12.47642,800,True,simulated_from_model_type,3436,"unset, unset",6100_Brandhaner__Koebenhavn
H3437,55.681524,12.477764,800,True,simulated_from_model_type,3437,"unset, unset",6100_Brandhaner__Koebenhavn
H3438,55.680957,12.476448,800,True,simulated_from_model_type,3438,"unset, unset",6100_Brandhaner__Koebenhavn
H3439,55.681022,12.479608,800,True,simulated_from_model_type,3439,"unset, unset",6100_Brandhaner__Koebenhavn
H3440,55.679864,12.478505,800,True,simulated_from_model_type,3440,"unset, unset",6100_Brandhaner__Koebenhavn
H3441,55.708935,12.46303,800,True,simulated_from_model_type,3441,"unset, unset",6100_Brandhaner__Koebenhavn
H3442,55.678681,12.478459,800,True,simulated_from_model_type,3442,"unset, unset",6100_Brandhaner__Koebenhavn
H3443,55.707489,12.464791,800,True,simulated_from_model_type,3443,"unset, unset",6100_Brandhaner__Koebenhavn
H3444,55.706475,12.463771,800,True,simulated_from_model_type,3444,"unset, unset",6100_Brandhaner__Koebenhavn
H3445,55.705324,12.462806,800,True,simulated_from_model_type,3445,"unset, unset",6100_Brandhaner__Koebenhavn
H3446,55.703476,12.49049,800,True,simulated_from_model_type,3446,"unset, unset",6100_Brandhaner__Koebenhavn
H3447,55.705721,12.465858,800,True,simulated_from_model_type,3447,"unset, unset",6100_Brandhaner__Koebenhavn
H3448,55.678685,12.479976,800,True,simulated_from_model_type,3448,"unset, unset",6100_Brandhaner__Koebenhavn
H3449,55.677131,12.47951,800,True,simulated_from_model_type,3449,"unset, unset",6100_Brandhaner__Koebenhavn
H3450,55.677394,12.481713,800,True,simulated_from_model_type,3450,"unset, unset",6100_Brandhaner__Koebenhavn
H3451,55.677938,12.483398,800,True,simulated_from_model_type,3451,"unset, unset",6100_Brandhaner__Koebenhavn
H3452,55.678705,12.482127,800,True,simulated_from_model_type,3452,"unset, unset",6100_Brandhaner__Koebenhavn
H3453,55.707488,12.466599,800,True,simulated_from_model_type,3453,"unset, unset",6100_Brandhaner__Koebenhavn
H3454,55.708909,12.467198,800,True,simulated_from_model_type,3454,"unset, unset",6100_Brandhaner__Koebenhavn
H3455,55.682065,12.483905,800,True,simulated_from_model_type,3455,"unset, unset",6100_Brandhaner__Koebenhavn
H3456,55.680662,12.481588,800,True,simulated_from_model_type,3456,"unset, unset",6100_Brandhaner__Koebenhavn
H3457,55.68047,12.483126,800,True,simulated_from_model_type,3457,"unset, unset",6100_Brandhaner__Koebenhavn
H3458,55.679423,12.481398,800,True,simulated_from_model_type,3458,"unset, unset",6100_Brandhaner__Koebenhavn
H3459,55.700397,12.496482,800,True,simulated_from_model_type,3459,"unset, unset",6100_Brandhaner__Koebenhavn
H3460,55.701095,12.497771,800,True,simulated_from_model_type,3460,"unset, unset",6100_Brandhaner__Koebenhavn
H3461,55.697332,12.46533,800,True,simulated_from_model_type,3461,"unset, unset",6100_Brandhaner__Koebenhavn
H3462,55.692605,12.513416,800,True,simulated_from_model_type,3462,"unset, unset",6100_Brandhaner__Koebenhavn
H3463,55.692264,12.512369,800,True,simulated_from_model_type,3463,"unset, unset",6100_Brandhaner__Koebenhavn
H3464,55.691625,12.510181,800,True,simulated_from_model_type,3464,"unset, unset",6100_Brandhaner__Koebenhavn
H3465,55.708041,12.479163,800,True,simulated_from_model_type,3465,"unset, unset",6100_Brandhaner__Koebenhavn
H3466,55.708638,12.477888,800,True,simulated_from_model_type,3466,"unset, unset",6100_Brandhaner__Koebenhavn
H3467,55.698056,12.496907,800,True,simulated_from_model_type,3467,"unset, unset",6100_Brandhaner__Koebenhavn
H3468,55.691363,12.512331,800,True,simulated_from_model_type,3468,"unset, unset",6100_Brandhaner__Koebenhavn
H3469,55.707008,12.478189,800,True,simulated_from_model_type,3469,"unset, unset",6100_Brandhaner__Koebenhavn
H3470,55.697686,12.497739,800,True,simulated_from_model_type,3470,"unset, unset",6100_Brandhaner__Koebenhavn
H3471,55.690851,12.513432,800,True,simulated_from_model_type,3471,"unset, unset",6100_Brandhaner__Koebenhavn
H3472,55.69924,12.498054,800,True,simulated_from_model_type,3472,"unset, unset",6100_Brandhaner__Koebenhavn
H3473,55.690389,12.511925,800,True,simulated_from_model_type,3473,"unset, unset",6100_Brandhaner__Koebenhavn
H3474,55.699555,12.465577,800,True,simulated_from_model_type,3474,"unset, unset",6100_Brandhaner__Koebenhavn
H3475,55.68977,12.51063,800,True,simulated_from_model_type,3475,"unset, unset",6100_Brandhaner__Koebenhavn
H3476,55.701105,12.500392,800,True,simulated_from_model_type,3476,"unset, unset",6100_Brandhaner__Koebenhavn
H3477,55.704416,12.477282,800,True,simulated_from_model_type,3477,"unset, unset",6100_Brandhaner__Koebenhavn
H3478,55.700073,12.499475,800,True,simulated_from_model_type,3478,"unset, unset",6100_Brandhaner__Koebenhavn
H3479,55.696909,12.465101,800,True,simulated_from_model_type,3479,"unset, unset",6100_Brandhaner__Koebenhavn
H3480,55.696106,12.465547,800,True,simulated_from_model_type,3480,"unset, unset",6100_Brandhaner__Koebenhavn
H3481,55.705295,12.475862,800,True,simulated_from_model_type,3481,"unset, unset",6100_Brandhaner__Koebenhavn
H3482,55.703981,12.475758,800,True,simulated_from_model_type,3482,"unset, unset",6100_Brandhaner__Koebenhavn
H3483,55.700646,12.501625,800,True,simulated_from_model_type,3483,"unset, unset",6100_Brandhaner__Koebenhavn
H3484,55.708124,12.475697,800,True,simulated_from_model_type,3484,"unset, unset",6100_Brandhaner__Koebenhavn
H3485,55.698971,12.501595,800,True,simulated_from_model_type,3485,"unset, unset",6100_Brandhaner__Koebenhavn
H3486,55.676252,12.48792,800,True,simulated_from_model_type,3486,"unset, unset",6100_Brandhaner__Koebenhavn
H3487,55.698896,12.500158,800,True,simulated_from_model_type,3487,"unset, unset",6100_Brandhaner__Koebenhavn
H3488,55.676586,12.486424,800,True,simulated_from_model_type,3488,"unset, unset",6100_Brandhaner__Koebenhavn
H3489,55.705387,12.478671,800,True,simulated_from_model_type,3489,"unset, unset",6100_Brandhaner__Koebenhavn
H3490,55.704922,12.457301,800,True,simulated_from_model_type,3490,"unset, unset",6100_Brandhaner__Koebenhavn
H3491,55.706638,12.455914,800,True,simulated_from_model_type,3491,"unset, unset",6100_Brandhaner__Koebenhavn
H3492,55.69736,12.501586,800,True,simulated_from_model_type,3492,"unset, unset",6100_Brandhaner__Koebenhavn
H3493,55.697005,12.500036,800,True,simulated_from_model_type,3493,"unset, unset",6100_Brandhaner__Koebenhavn
H3494,55.697271,12.496919,800,True,simulated_from_model_type,3494,"unset, unset",6100_Brandhaner__Koebenhavn
H3495,55.706133,12.459246,800,True,simulated_from_model_type,3495,"unset, unset",6100_Brandhaner__Koebenhavn
H3496,55.69735,12.498693,800,True,simulated_from_model_type,3496,"unset, unset",6100_Brandhaner__Koebenhavn
H3497,55.705012,12.459204,800,True,simulated_from_model_type,3497,"unset, unset",6100_Brandhaner__Koebenhavn
H3498,55.698021,12.500982,800,True,simulated_from_model_type,3498,"unset, unset",6100_Brandhaner__Koebenhavn
H3499,55.705315,12.461169,800,True,simulated_from_model_type,3499,"unset, unset",6100_Brandhaner__Koebenhavn
H3500,55.681871,12.482874,800,True,simulated_from_model_type,3500,"unset, unset",6100_Brandhaner__Koebenhavn
H3501,55.706939,12.475991,800,True,simulated_from_model_type,3501,"unset, unset",6100_Brandhaner__Koebenhavn
H3502,55.704786,12.467908,800,True,simulated_from_model_type,3502,"unset, unset",6100_Brandhaner__Koebenhavn
H3503,55.706569,12.468616,800,True,simulated_from_model_type,3503,"unset, unset",6100_Brandhaner__Koebenhavn
H3504,55.705096,12.470749,800,True,simulated_from_model_type,3504,"unset, unset",6100_Brandhaner__Koebenhavn
H3505,55.705287,12.472379,800,True,simulated_from_model_type,3505,"unset, unset",6100_Brandhaner__Koebenhavn
H3506,55.707747,12.474067,800,True,simulated_from_model_type,3506,"unset, unset",6100_Brandhaner__Koebenhavn
H3507,55.707498,12.47227,800,True,simulated_from_model_type,3507,"unset, unset",6100_Brandhaner__Koebenhavn
H3508,55.708674,12.470923,800,True,simulated_from_model_type,3508,"unset, unset",6100_Brandhaner__Koebenhavn
H3509,55.702142,12.479674,800,True,simulated_from_model_type,3509,"unset, unset",6100_Brandhaner__Koebenhavn
H3510,55.707294,12.468931,800,True,simulated_from_model_type,3510,"unset, unset",6100_Brandhaner__Koebenhavn
H3511,55.700431,12.480146,800,True,simulated_from_model_type,3511,"unset, unset",6100_Brandhaner__Koebenhavn
H3512,55.701333,12.481768,800,True,simulated_from_model_type,3512,"unset, unset",6100_Brandhaner__Koebenhavn
H3513,55.699561,12.478645,800,True,simulated_from_model_type,3513,"unset, unset",6100_Brandhaner__Koebenhavn
H3514,55.700445,12.47715,800,True,simulated_from_model_type,3514,"unset, unset",6100_Brandhaner__Koebenhavn
H3515,55.701008,12.478463,800,True,simulated_from_model_type,3515,"unset, unset",6100_Brandhaner__Koebenhavn
H3516,55.702596,12.477842,800,True,simulated_from_model_type,3516,"unset, unset",6100_Brandhaner__Koebenhavn
H3517,55.672782,12.483713,800,True,simulated_from_model_type,3517,"unset, unset",6100_Brandhaner__Koebenhavn
H3518,55.688409,12.472358,800,True,simulated_from_model_type,3518,"unset, unset",6100_Brandhaner__Koebenhavn
H3519,55.686874,12.472709,800,True,simulated_from_model_type,3519,"unset, unset",6100_Brandhaner__Koebenhavn
H3520,55.685209,12.472824,800,True,simulated_from_model_type,3520,"unset, unset",6100_Brandhaner__Koebenhavn
H3521,55.706406,12.472243,800,True,simulated_from_model_type,3521,"unset, unset",6100_Brandhaner__Koebenhavn
H3522,55.70217,12.467254,800,True,simulated_from_model_type,3522,"unset, unset",6100_Brandhaner__Koebenhavn
H3523,55.702781,12.469106,800,True,simulated_from_model_type,3523,"unset, unset",6100_Brandhaner__Koebenhavn
H3524,55.685445,12.473678,800,True,simulated_from_model_type,3524,"unset, unset",6100_Brandhaner__Koebenhavn
H3525,55.672224,12.477714,800,True,simulated_from_model_type,3525,"unset, unset",6100_Brandhaner__Koebenhavn
H3526,55.702252,12.482915,800,True,simulated_from_model_type,3526,"unset, unset",6100_Brandhaner__Koebenhavn
H3527,55.681944,12.474013,800,True,simulated_from_model_type,3527,"unset, unset",6100_Brandhaner__Koebenhavn
H3528,55.700565,12.484088,800,True,simulated_from_model_type,3528,"unset, unset",6100_Brandhaner__Koebenhavn
H3529,55.684578,12.473601,800,True,simulated_from_model_type,3529,"unset, unset",6100_Brandhaner__Koebenhavn
H3530,55.694198,12.500419,800,True,simulated_from_model_type,3530,"unset, unset",6100_Brandhaner__Koebenhavn
H3531,55.701956,12.487038,800,True,simulated_from_model_type,3531,"unset, unset",6100_Brandhaner__Koebenhavn
H3532,55.688928,12.474773,800,True,simulated_from_model_type,3532,"unset, unset",6100_Brandhaner__Koebenhavn
H3533,55.702277,12.490069,800,True,simulated_from_model_type,3533,"unset, unset",6100_Brandhaner__Koebenhavn
H3534,55.702532,12.485976,800,True,simulated_from_model_type,3534,"unset, unset",6100_Brandhaner__Koebenhavn
H3535,55.700429,12.487885,800,True,simulated_from_model_type,3535,"unset, unset",6100_Brandhaner__Koebenhavn
H3536,55.700964,12.48972,800,True,simulated_from_model_type,3536,"unset, unset",6100_Brandhaner__Koebenhavn
H3537,55.687207,12.47472,800,True,simulated_from_model_type,3537,"unset, unset",6100_Brandhaner__Koebenhavn
H3538,55.694516,12.501751,800,True,simulated_from_model_type,3538,"unset, unset",6100_Brandhaner__Koebenhavn
H3539,55.695134,12.499583,800,True,simulated_from_model_type,3539,"unset, unset",6100_Brandhaner__Koebenhavn
H3540,55.695691,12.500773,800,True,simulated_from_model_type,3540,"unset, unset",6100_Brandhaner__Koebenhavn
H3541,55.696371,12.501147,800,True,simulated_from_model_type,3541,"unset, unset",6100_Brandhaner__Koebenhavn
H3542,55.695781,12.5021,800,True,simulated_from_model_type,3542,"unset, unset",6100_Brandhaner__Koebenhavn
H3543,55.694209,12.503896,800,True,simulated_from_model_type,3543,"unset, unset",6100_Brandhaner__Koebenhavn
H3544,55.700657,12.485649,800,True,simulated_from_model_type,3544,"unset, unset",6100_Brandhaner__Koebenhavn
H3545,55.693703,12.507456,800,True,simulated_from_model_type,3545,"unset, unset",6100_Brandhaner__Koebenhavn
H3546,55.695982,12.505088,800,True,simulated_from_model_type,3546,"unset, unset",6100_Brandhaner__Koebenhavn
H3547,55.696142,12.506822,800,True,simulated_from_model_type,3547,"unset, unset",6100_Brandhaner__Koebenhavn
H3548,55.695007,12.506449,800,True,simulated_from_model_type,3548,"unset, unset",6100_Brandhaner__Koebenhavn
H3549,55.692025,12.485682,800,True,simulated_from_model_type,3549,"unset, unset",6100_Brandhaner__Koebenhavn
H3550,55.690958,12.486387,800,True,simulated_from_model_type,3550,"unset, unset",6100_Brandhaner__Koebenhavn
H3551,55.689834,12.48582,800,True,simulated_from_model_type,3551,"unset, unset",6100_Brandhaner__Koebenhavn
H3552,55.691031,12.485029,800,True,simulated_from_model_type,3552,"unset, unset",6100_Brandhaner__Koebenhavn
H3553,55.690721,12.483878,800,True,simulated_from_model_type,3553,"unset, unset",6100_Brandhaner__Koebenhavn
H3554,55.689674,12.484572,800,True,simulated_from_model_type,3554,"unset, unset",6100_Brandhaner__Koebenhavn
H3555,55.690133,12.482959,800,True,simulated_from_model_type,3555,"unset, unset",6100_Brandhaner__Koebenhavn
H3556,55.690916,12.48244,800,True,simulated_from_model_type,3556,"unset, unset",6100_Brandhaner__Koebenhavn
H3557,55.691727,12.482869,800,True,simulated_from_model_type,3557,"unset, unset",6100_Brandhaner__Koebenhavn
H3558,55.691379,12.48129,800,True,simulated_from_model_type,3558,"unset, unset",6100_Brandhaner__Koebenhavn
H3559,55.690255,12.48119,800,True,simulated_from_model_type,3559,"unset, unset",6100_Brandhaner__Koebenhavn
H3560,55.702654,12.484371,800,True,simulated_from_model_type,3560,"unset, unset",6100_Brandhaner__Koebenhavn
H3561,55.688961,12.48161,800,True,simulated_from_model_type,3561,"unset, unset",6100_Brandhaner__Koebenhavn
H3562,55.688852,12.482038,800,True,simulated_from_model_type,3562,"unset, unset",6100_Brandhaner__Koebenhavn
H3563,55.688901,12.484618,800,True,simulated_from_model_type,3563,"unset, unset",6100_Brandhaner__Koebenhavn
H3564,55.689354,12.483434,800,True,simulated_from_model_type,3564,"unset, unset",6100_Brandhaner__Koebenhavn
H3565,55.688627,12.486185,800,True,simulated_from_model_type,3565,"unset, unset",6100_Brandhaner__Koebenhavn
H3566,55.689675,12.487227,800,True,simulated_from_model_type,3566,"unset, unset",6100_Brandhaner__Koebenhavn
H3567,55.687371,12.486843,800,True,simulated_from_model_type,3567,"unset, unset",6100_Brandhaner__Koebenhavn
H3568,55.680631,12.490387,800,True,simulated_from_model_type,3568,"unset, unset",6100_Brandhaner__Koebenhavn
H3569,55.682845,12.491621,800,True,simulated_from_model_type,3569,"unset, unset",6100_Brandhaner__Koebenhavn
H3570,55.682259,12.490288,800,True,simulated_from_model_type,3570,"unset, unset",6100_Brandhaner__Koebenhavn
H3571,55.681633,12.491118,800,True,simulated_from_model_type,3571,"unset, unset",6100_Brandhaner__Koebenhavn
H3572,55.681398,12.489839,800,True,simulated_from_model_type,3572,"unset, unset",6100_Brandhaner__Koebenhavn
H3573,55.68048,12.48896,800,True,simulated_from_model_type,3573,"unset, unset",6100_Brandhaner__Koebenhavn
H3574,55.690634,12.498471,800,True,simulated_from_model_type,3574,"unset, unset",6100_Brandhaner__Koebenhavn
H3575,55.680325,12.486115,800,True,simulated_from_model_type,3575,"unset, unset",6100_Brandhaner__Koebenhavn
H3576,55.692103,12.49884,800,True,simulated_from_model_type,3576,"unset, unset",6100_Brandhaner__Koebenhavn
H3577,55.692874,12.499148,800,True,simulated_from_model_type,3577,"unset, unset",6100_Brandhaner__Koebenhavn
H3578,55.679285,12.486453,800,True,simulated_from_model_type,3578,"unset, unset",6100_Brandhaner__Koebenhavn
H3579,55.691535,12.501347,800,True,simulated_from_model_type,3579,"unset, unset",6100_Brandhaner__Koebenhavn
H3580,55.690547,12.500521,800,True,simulated_from_model_type,3580,"unset, unset",6100_Brandhaner__Koebenhavn
H3581,55.679944,12.48795,800,True,simulated_from_model_type,3581,"unset, unset",6100_Brandhaner__Koebenhavn
H3582,55.680859,12.487535,800,True,simulated_from_model_type,3582,"unset, unset",6100_Brandhaner__Koebenhavn
H3583,55.690356,12.502613,800,True,simulated_from_model_type,3583,"unset, unset",6100_Brandhaner__Koebenhavn
H3584,55.681264,12.484754,800,True,simulated_from_model_type,3584,"unset, unset",6100_Brandhaner__Koebenhavn
H3585,55.691281,12.503497,800,True,simulated_from_model_type,3585,"unset, unset",6100_Brandhaner__Koebenhavn
H3586,55.680126,12.48452,800,True,simulated_from_model_type,3586,"unset, unset",6100_Brandhaner__Koebenhavn
H3587,55.692098,12.502625,800,True,simulated_from_model_type,3587,"unset, unset",6100_Brandhaner__Koebenhavn
H3588,55.69251,12.50287,800,True,simulated_from_model_type,3588,"unset, unset",6100_Brandhaner__Koebenhavn
H3589,55.692837,12.500838,800,True,simulated_from_model_type,3589,"unset, unset",6100_Brandhaner__Koebenhavn
H3590,55.693231,12.501435,800,True,simulated_from_model_type,3590,"unset, unset",6100_Brandhaner__Koebenhavn
H3591,55.693169,12.503185,800,True,simulated_from_model_type,3591,"unset, unset",6100_Brandhaner__Koebenhavn
H3592,55.682098,12.488504,800,True,simulated_from_model_type,3592,"unset, unset",6100_Brandhaner__Koebenhavn
H3593,55.681246,12.488416,800,True,simulated_from_model_type,3593,"unset, unset",6100_Brandhaner__Koebenhavn
H3594,55.679864,12.489876,800,True,simulated_from_model_type,3594,"unset, unset",6100_Brandhaner__Koebenhavn
H3595,55.68217,12.485709,800,True,simulated_from_model_type,3595,"unset, unset",6100_Brandhaner__Koebenhavn
H3596,55.686049,12.474907,800,True,simulated_from_model_type,3596,"unset, unset",6100_Brandhaner__Koebenhavn
H3597,55.692259,12.500569,800,True,simulated_from_model_type,3597,"unset, unset",6100_Brandhaner__Koebenhavn
H3598,55.688086,12.49729,800,True,simulated_from_model_type,3598,"unset, unset",6100_Brandhaner__Koebenhavn
H3599,55.683671,12.47404,800,True,simulated_from_model_type,3599,"unset, unset",6100_Brandhaner__Koebenhavn
H3600,55.687229,12.495987,800,True,simulated_from_model_type,3600,"unset, unset",6100_Brandhaner__Koebenhavn
H3601,55.687013,12.498585,800,True,simulated_from_model_type,3601,"unset, unset",6100_Brandhaner__Koebenhavn
H3602,55.692954,12.510381,800,True,simulated_from_model_type,3602,"unset, unset",6100_Brandhaner__Koebenhavn
H3603,55.69138,12.487599,800,True,simulated_from_model_type,3603,"unset, unset",6100_Brandhaner__Koebenhavn
H3604,55.690373,12.488295,800,True,simulated_from_model_type,3604,"unset, unset",6100_Brandhaner__Koebenhavn
H3605,55.689222,12.489016,800,True,simulated_from_model_type,3605,"unset, unset",6100_Brandhaner__Koebenhavn
H3606,55.689131,12.476451,800,True,simulated_from_model_type,3606,"unset, unset",6100_Brandhaner__Koebenhavn
H3607,55.687613,12.488322,800,True,simulated_from_model_type,3607,"unset, unset",6100_Brandhaner__Koebenhavn
H3608,55.689677,12.478464,800,True,simulated_from_model_type,3608,"unset, unset",6100_Brandhaner__Koebenhavn
H3609,55.703715,12.471174,800,True,simulated_from_model_type,3609,"unset, unset",6100_Brandhaner__Koebenhavn
H3610,55.687976,12.500631,800,True,simulated_from_model_type,3610,"unset, unset",6100_Brandhaner__Koebenhavn
H3611,55.702057,12.470539,800,True,simulated_from_model_type,3611,"unset, unset",6100_Brandhaner__Koebenhavn
H3612,55.689068,12.500067,800,True,simulated_from_model_type,3612,"unset, unset",6100_Brandhaner__Koebenhavn
H3613,55.703005,12.472194,800,True,simulated_from_model_type,3613,"unset, unset",6100_Brandhaner__Koebenhavn
H3614,55.688936,12.502253,800,True,simulated_from_model_type,3614,"unset, unset",6100_Brandhaner__Koebenhavn
H3615,55.703357,12.474278,800,True,simulated_from_model_type,3615,"unset, unset",6100_Brandhaner__Koebenhavn
H3616,55.701459,12.471588,800,True,simulated_from_model_type,3616,"unset, unset",6100_Brandhaner__Koebenhavn
H3617,55.689087,12.50483,800,True,simulated_from_model_type,3617,"unset, unset",6100_Brandhaner__Koebenhavn
H3618,55.690228,12.47952,800,True,simulated_from_model_type,3618,"unset, unset",6100_Brandhaner__Koebenhavn
H3619,55.687692,12.478883,800,True,simulated_from_model_type,3619,"unset, unset",6100_Brandhaner__Koebenhavn
H3620,55.687441,12.476722,800,True,simulated_from_model_type,3620,"unset, unset",6100_Brandhaner__Koebenhavn
H3621,55.686025,12.476916,800,True,simulated_from_model_type,3621,"unset, unset",6100_Brandhaner__Koebenhavn
H3622,55.686311,12.478711,800,True,simulated_from_model_type,3622,"unset, unset",6100_Brandhaner__Koebenhavn
H3623,55.685865,12.479507,800,True,simulated_from_model_type,3623,"unset, unset",6100_Brandhaner__Koebenhavn
H3624,55.68607,12.481518,800,True,simulated_from_model_type,3624,"unset, unset",6100_Brandhaner__Koebenhavn
H3625,55.686955,12.481696,800,True,simulated_from_model_type,3625,"unset, unset",6100_Brandhaner__Koebenhavn
H3626,55.691907,12.491389,800,True,simulated_from_model_type,3626,"unset, unset",6100_Brandhaner__Koebenhavn
H3627,55.69007,12.492763,800,True,simulated_from_model_type,3627,"unset, unset",6100_Brandhaner__Koebenhavn
H3628,55.688846,12.493153,800,True,simulated_from_model_type,3628,"unset, unset",6100_Brandhaner__Koebenhavn
H3629,55.696585,12.483661,800,True,simulated_from_model_type,3629,"unset, unset",6100_Brandhaner__Koebenhavn
H3630,55.696703,12.484604,800,True,simulated_from_model_type,3630,"unset, unset",6100_Brandhaner__Koebenhavn
H3631,55.699388,12.471586,800,True,simulated_from_model_type,3631,"unset, unset",6100_Brandhaner__Koebenhavn
H3632,55.700086,12.470995,800,True,simulated_from_model_type,3632,"unset, unset",6100_Brandhaner__Koebenhavn
H3633,55.700452,12.472659,800,True,simulated_from_model_type,3633,"unset, unset",6100_Brandhaner__Koebenhavn
H3634,55.699734,12.474626,800,True,simulated_from_model_type,3634,"unset, unset",6100_Brandhaner__Koebenhavn
H3635,55.699951,12.47554,800,True,simulated_from_model_type,3635,"unset, unset",6100_Brandhaner__Koebenhavn
H3636,55.701926,12.475609,800,True,simulated_from_model_type,3636,"unset, unset",6100_Brandhaner__Koebenhavn
H3637,55.701002,12.490943,800,True,simulated_from_model_type,3637,"unset, unset",6100_Brandhaner__Koebenhavn
H3638,55.696831,12.48569,800,True,simulated_from_model_type,3638,"unset, unset",6100_Brandhaner__Koebenhavn
H3639,55.697949,12.483044,800,True,simulated_from_model_type,3639,"unset, unset",6100_Brandhaner__Koebenhavn
H3640,55.700414,12.46971,800,True,simulated_from_model_type,3640,"unset, unset",6100_Brandhaner__Koebenhavn
H3641,55.69722,12.483015,800,True,simulated_from_model_type,3641,"unset, unset",6100_Brandhaner__Koebenhavn
H3642,55.702069,12.493126,800,True,simulated_from_model_type,3642,"unset, unset",6100_Brandhaner__Koebenhavn
H3643,55.688812,12.491337,800,True,simulated_from_model_type,3643,"unset, unset",6100_Brandhaner__Koebenhavn
H3644,55.702274,12.494378,800,True,simulated_from_model_type,3644,"unset, unset",6100_Brandhaner__Koebenhavn
H3645,55.70277,12.495562,800,True,simulated_from_model_type,3645,"unset, unset",6100_Brandhaner__Koebenhavn
H3646,55.698523,12.488639,800,True,simulated_from_model_type,3646,"unset, unset",6100_Brandhaner__Koebenhavn
H3647,55.697429,12.488469,800,True,simulated_from_model_type,3647,"unset, unset",6100_Brandhaner__Koebenhavn
H3648,55.700094,12.492561,800,True,simulated_from_model_type,3648,"unset, unset",6100_Brandhaner__Koebenhavn
H3649,55.700839,12.494526,800,True,simulated_from_model_type,3649,"unset, unset",6100_Brandhaner__Koebenhavn
H3650,55.69893,12.490257,800,True,simulated_from_model_type,3650,"unset, unset",6100_Brandhaner__Koebenhavn
H3651,55.699421,12.494238,800,True,simulated_from_model_type,3651,"unset, unset",6100_Brandhaner__Koebenhavn
H3652,55.702582,12.491858,800,True,simulated_from_model_type,3652,"unset, unset",6100_Brandhaner__Koebenhavn
H3653,55.698797,12.485063,800,True,simulated_from_model_type,3653,"unset, unset",6100_Brandhaner__Koebenhavn
H3654,55.695728,12.495844,800,True,simulated_from_model_type,3654,"unset, unset",6100_Brandhaner__Koebenhavn
H3655,55.696637,12.495559,800,True,simulated_from_model_type,3655,"unset, unset",6100_Brandhaner__Koebenhavn
H3656,55.691936,12.490014,800,True,simulated_from_model_type,3656,"unset, unset",6100_Brandhaner__Koebenhavn
H3657,55.68978,12.490999,800,True,simulated_from_model_type,3657,"unset, unset",6100_Brandhaner__Koebenhavn
H3658,55.690803,12.490416,800,True,simulated_from_model_type,3658,"unset, unset",6100_Brandhaner__Koebenhavn
H3659,55.699912,12.468765,800,True,simulated_from_model_type,3659,"unset, unset",6100_Brandhaner__Koebenhavn
H3660,55.698762,12.468785,800,True,simulated_from_model_type,3660,"unset, unset",6100_Brandhaner__Koebenhavn
H3661,55.696958,12.492864,800,True,simulated_from_model_type,3661,"unset, unset",6100_Brandhaner__Koebenhavn
H3662,55.698878,12.486801,800,True,simulated_from_model_type,3662,"unset, unset",6100_Brandhaner__Koebenhavn
H3663,55.698439,12.467103,800,True,simulated_from_model_type,3663,"unset, unset",6100_Brandhaner__Koebenhavn
H3664,55.683807,12.490301,800,True,simulated_from_model_type,3664,"unset, unset",6100_Brandhaner__Koebenhavn
H3665,55.698578,12.470458,800,True,simulated_from_model_type,3665,"unset, unset",6100_Brandhaner__Koebenhavn
H3666,55.695153,12.49348,800,True,simulated_from_model_type,3666,"unset, unset",6100_Brandhaner__Koebenhavn
H3667,55.70039,12.466951,800,True,simulated_from_model_type,3667,"unset, unset",6100_Brandhaner__Koebenhavn
H3668,55.684009,12.491577,800,True,simulated_from_model_type,3668,"unset, unset",6100_Brandhaner__Koebenhavn
H3669,55.696193,12.494405,800,True,simulated_from_model_type,3669,"unset, unset",6100_Brandhaner__Koebenhavn
H3670,55.684779,12.489351,800,True,simulated_from_model_type,3670,"unset, unset",6100_Brandhaner__Koebenhavn
H3671,55.686483,12.492398,800,True,simulated_from_model_type,3671,"unset, unset",6100_Brandhaner__Koebenhavn
H3672,55.685779,12.489416,800,True,simulated_from_model_type,3672,"unset, unset",6100_Brandhaner__Koebenhavn
H3673,55.698641,12.49258,800,True,simulated_from_model_type,3673,"unset, unset",6100_Brandhaner__Koebenhavn
H3674,55.685343,12.475898,800,True,simulated_from_model_type,3674,"unset, unset",6100_Brandhaner__Koebenhavn
H3675,55.699067,12.473197,800,True,simulated_from_model_type,3675,"unset, unset",6100_Brandhaner__Koebenhavn
H3676,55.703782,12.47915,800,True,simulated_from_model_type,3676,"unset, unset",6100_Brandhaner__Koebenhavn
H3677,55.697966,12.493933,800,True,simulated_from_model_type,3677,"unset, unset",6100_Brandhaner__Koebenhavn
H3678,55.686271,12.487492,800,True,simulated_from_model_type,3678,"unset, unset",6100_Brandhaner__Koebenhavn
H3679,55.698157,12.475227,800,True,simulated_from_model_type,3679,"unset, unset",6100_Brandhaner__Koebenhavn
H3680,55.698286,12.47566,800,True,simulated_from_model_type,3680,"unset, unset",6100_Brandhaner__Koebenhavn
H3681,55.684509,12.47609,800,True,simulated_from_model_type,3681,"unset, unset",6100_Brandhaner__Koebenhavn
H3682,55.697301,12.47754,800,True,simulated_from_model_type,3682,"unset, unset",6100_Brandhaner__Koebenhavn
H3683,55.684697,12.474865,800,True,simulated_from_model_type,3683,"unset, unset",6100_Brandhaner__Koebenhavn
H3684,55.697008,12.474211,800,True,simulated_from_model_type,3684,"unset, unset",6100_Brandhaner__Koebenhavn
H3685,55.696231,12.475678,800,True,simulated_from_model_type,3685,"unset, unset",6100_Brandhaner__Koebenhavn
H3686,55.697954,12.480873,800,True,simulated_from_model_type,3686,"unset, unset",6100_Brandhaner__Koebenhavn
H3687,55.698822,12.481556,800,True,simulated_from_model_type,3687,"unset, unset",6100_Brandhaner__Koebenhavn
H3688,55.698607,12.478463,800,True,simulated_from_model_type,3688,"unset, unset",6100_Brandhaner__Koebenhavn
H3689,55.685091,12.478303,800,True,simulated_from_model_type,3689,"unset, unset",6100_Brandhaner__Koebenhavn
H3690,55.696133,12.479246,800,True,simulated_from_model_type,3690,"unset, unset",6100_Brandhaner__Koebenhavn
H3691,55.697357,12.478801,800,True,simulated_from_model_type,3691,"unset, unset",6100_Brandhaner__Koebenhavn
H3692,55.696738,12.480167,800,True,simulated_from_model_type,3692,"unset, unset",6100_Brandhaner__Koebenhavn
H3693,55.69703,12.481415,800,True,simulated_from_model_type,3693,"unset, unset",6100_Brandhaner__Koebenhavn
H3694,55.683172,12.485103,1600,True,simulated_from_model_type,3694,"unset, 100 mm",6100_Brandhaner__Koebenhavn
H3695,55.683988,12.477087,800,True,simulated_from_model_type,3695,"unset, unset",6100_Brandhaner__Koebenhavn
H3696,55.682739,12.486654,800,True,simulated_from_model_type,3696,"unset, unset",6100_Brandhaner__Koebenhavn
H3697,55.682836,12.488452,800,True,simulated_from_model_type,3697,"unset, unset",6100_Brandhaner__Koebenhavn
H3698,55.697507,12.468244,800,True,simulated_from_model_type,3698,"unset, unset",6100_Brandhaner__Koebenhavn
H3699,55.696629,12.467044,800,True,simulated_from_model_type,3699,"unset, unset",6100_Brandhaner__Koebenhavn
H3700,55.695903,12.467834,800,True,simulated_from_model_type,3700,"unset, unset",6100_Brandhaner__Koebenhavn
H3701,55.68379,12.483847,800,True,simulated_from_model_type,3701,"unset, unset",6100_Brandhaner__Koebenhavn
H3702,55.682705,12.48281,800,True,simulated_from_model_type,3702,"unset, unset",6100_Brandhaner__Koebenhavn
H3703,55.684602,12.481349,800,True,simulated_from_model_type,3703,"unset, unset",6100_Brandhaner__Koebenhavn
H3704,55.685402,12.482799,800,True,simulated_from_model_type,3704,"unset, unset",6100_Brandhaner__Koebenhavn
H3705,55.695188,12.469561,800,True,simulated_from_model_type,3705,"unset, unset",6100_Brandhaner__Koebenhavn
H3706,55.694331,12.467387,800,True,simulated_from_model_type,3706,"unset, unset",6100_Brandhaner__Koebenhavn
H3707,55.694383,12.469203,800,True,simulated_from_model_type,3707,"unset, unset",6100_Brandhaner__Koebenhavn
H3708,55.697079,12.469449,800,True,simulated_from_model_type,3708,"unset, unset",6100_Brandhaner__Koebenhavn
H3709,55.696993,12.471099,800,True,simulated_from_model_type,3709,"unset, unset",6100_Brandhaner__Koebenhavn
H3710,55.68508,12.484821,800,True,simulated_from_model_type,3710,"unset, unset",6100_Brandhaner__Koebenhavn
H3711,55.695343,12.472038,800,True,simulated_from_model_type,3711,"unset, unset",6100_Brandhaner__Koebenhavn
H3712,55.685337,12.48626,800,True,simulated_from_model_type,3712,"unset, unset",6100_Brandhaner__Koebenhavn
H3713,55.686125,12.485342,800,True,simulated_from_model_type,3713,"unset, unset",6100_Brandhaner__Koebenhavn
H3714,55.685078,12.483281,800,True,simulated_from_model_type,3714,"unset, unset",6100_Brandhaner__Koebenhavn
H3715,55.695013,12.467601,800,True,simulated_from_model_type,3715,"unset, unset",6100_Brandhaner__Koebenhavn
H3716,55.686716,12.482846,800,True,simulated_from_model_type,3716,"unset, unset",6100_Brandhaner__Koebenhavn
H3717,55.684184,12.480746,800,True,simulated_from_model_type,3717,"unset, unset",6100_Brandhaner__Koebenhavn
H3718,55.687031,12.484741,800,True,simulated_from_model_type,3718,"unset, unset",6100_Brandhaner__Koebenhavn
H3719,55.683698,12.475223,800,True,simulated_from_model_type,3719,"unset, unset",6100_Brandhaner__Koebenhavn
H3720,55.688348,12.487804,800,True,simulated_from_model_type,3720,"unset, unset",6100_Brandhaner__Koebenhavn
H3721,55.685968,12.484572,800,True,simulated_from_model_type,3721,"unset, unset",6100_Brandhaner__Koebenhavn
H3722,55.695612,12.474335,800,True,simulated_from_model_type,3722,"unset, unset",6100_Brandhaner__Koebenhavn
H3723,55.69491,12.474852,800,True,simulated_from_model_type,3723,"unset, unset",6100_Brandhaner__Koebenhavn
H3724,55.693671,12.473523,800,True,simulated_from_model_type,3724,"unset, unset",6100_Brandhaner__Koebenhavn
H3725,55.695263,12.478424,800,True,simulated_from_model_type,3725,"unset, unset",6100_Brandhaner__Koebenhavn
H3726,55.694185,12.476314,800,True,simulated_from_model_type,3726,"unset, unset",6100_Brandhaner__Koebenhavn
H3727,55.693696,12.470709,800,True,simulated_from_model_type,3727,"unset, unset",6100_Brandhaner__Koebenhavn
H3728,55.692422,12.480906,800,True,simulated_from_model_type,3728,"unset, unset",6100_Brandhaner__Koebenhavn
H3729,55.693211,12.480214,800,True,simulated_from_model_type,3729,"unset, unset",6100_Brandhaner__Koebenhavn
H3730,55.692126,12.469483,800,True,simulated_from_model_type,3730,"unset, unset",6100_Brandhaner__Koebenhavn
H3731,55.691359,12.471676,800,True,simulated_from_model_type,3731,"unset, unset",6100_Brandhaner__Koebenhavn
H3732,55.693093,12.467648,800,True,simulated_from_model_type,3732,"unset, unset",6100_Brandhaner__Koebenhavn
H3733,55.693095,12.482654,800,True,simulated_from_model_type,3733,"unset, unset",6100_Brandhaner__Koebenhavn
H3734,55.693689,12.485793,800,True,simulated_from_model_type,3734,"unset, unset",6100_Brandhaner__Koebenhavn
H3735,55.689743,12.470476,800,True,simulated_from_model_type,3735,"unset, unset",6100_Brandhaner__Koebenhavn
H3736,55.694278,12.49508,800,True,simulated_from_model_type,3736,"unset, unset",6100_Brandhaner__Koebenhavn
H3737,55.691488,12.469767,800,True,simulated_from_model_type,3737,"unset, unset",6100_Brandhaner__Koebenhavn
H3738,55.692979,12.484137,800,True,simulated_from_model_type,3738,"unset, unset",6100_Brandhaner__Koebenhavn
H3739,55.69332,12.48474,800,True,simulated_from_model_type,3739,"unset, unset",6100_Brandhaner__Koebenhavn
H3740,55.694022,12.484284,800,True,simulated_from_model_type,3740,"unset, unset",6100_Brandhaner__Koebenhavn
H3741,55.694412,12.482212,800,True,simulated_from_model_type,3741,"unset, unset",6100_Brandhaner__Koebenhavn
H3742,55.694889,12.484057,1600,True,simulated_from_model_type,3742,"unset, 100 mm",6100_Brandhaner__Koebenhavn
H3743,55.694458,12.480235,800,True,simulated_from_model_type,3743,"unset, unset",6100_Brandhaner__Koebenhavn
H3744,55.694395,12.496523,800,True,simulated_from_model_type,3744,"unset, unset",6100_Brandhaner__Koebenhavn
H3745,55.693506,12.497337,800,True,simulated_from_model_type,3745,"unset, unset",6100_Brandhaner__Koebenhavn
H3746,55.693505,12.499071,800,True,simulated_from_model_type,3746,"unset, unset",6100_Brandhaner__Koebenhavn
H3747,55.694472,12.498034,800,True,simulated_from_model_type,3747,"unset, unset",6100_Brandhaner__Koebenhavn
H3748,55.69537,12.479506,800,True,simulated_from_model_type,3748,"unset, unset",6100_Brandhaner__Koebenhavn
H3749,55.695984,12.497355,800,True,simulated_from_model_type,3749,"unset, unset",6100_Brandhaner__Koebenhavn
H3750,55.696372,12.498748,800,True,simulated_from_model_type,3750,"unset, unset",6100_Brandhaner__Koebenhavn
H3751,55.69305,12.49184,800,True,simulated_from_model_type,3751,"unset, unset",6100_Brandhaner__Koebenhavn
H3752,55.69271,12.472718,800,True,simulated_from_model_type,3752,"unset, unset",6100_Brandhaner__Koebenhavn
H3753,55.691422,12.47458,800,True,simulated_from_model_type,3753,"unset, unset",6100_Brandhaner__Koebenhavn
H3754,55.690098,12.472969,800,True,simulated_from_model_type,3754,"unset, unset",6100_Brandhaner__Koebenhavn
H3755,55.692819,12.474553,800,True,simulated_from_model_type,3755,"unset, unset",6100_Brandhaner__Koebenhavn
H3756,55.69049,12.47605,800,True,simulated_from_model_type,3756,"unset, unset",6100_Brandhaner__Koebenhavn
H3757,55.693096,12.475853,800,True,simulated_from_model_type,3757,"unset, unset",6100_Brandhaner__Koebenhavn
H3758,55.692349,12.47818,800,True,simulated_from_model_type,3758,"unset, unset",6100_Brandhaner__Koebenhavn
H3759,55.693414,12.479036,800,True,simulated_from_model_type,3759,"unset, unset",6100_Brandhaner__Koebenhavn
H3760,55.691996,12.479503,800,True,simulated_from_model_type,3760,"unset, unset",6100_Brandhaner__Koebenhavn
H3761,55.693487,12.492898,800,True,simulated_from_model_type,3761,"unset, unset",6100_Brandhaner__Koebenhavn
H3762,55.690818,12.478982,800,True,simulated_from_model_type,3762,"unset, unset",6100_Brandhaner__Koebenhavn
H3763,55.693041,12.494601,800,True,simulated_from_model_type,3763,"unset, unset",6100_Brandhaner__Koebenhavn
H3764,55.692849,12.493116,800,True,simulated_from_model_type,3764,"unset, unset",6100_Brandhaner__Koebenhavn
H3765,55.690813,12.474663,800,True,simulated_from_model_type,3765,"unset, unset",6100_Brandhaner__Koebenhavn
H3766,55.691153,12.473549,800,True,simulated_from_model_type,3766,"unset, unset",6100_Brandhaner__Koebenhavn
H3767,55.692772,12.487597,800,True,simulated_from_model_type,3767,"unset, unset",6100_Brandhaner__Koebenhavn
H3768,55.694078,12.487458,800,True,simulated_from_model_type,3768,"unset, unset",6100_Brandhaner__Koebenhavn
H3769,55.69496,12.485752,800,True,simulated_from_model_type,3769,"unset, unset",6100_Brandhaner__Koebenhavn
H3770,55.695212,12.487338,800,True,simulated_from_model_type,3770,"unset, unset",6100_Brandhaner__Koebenhavn
H3771,55.696061,12.487977,800,True,simulated_from_model_type,3771,"unset, unset",6100_Brandhaner__Koebenhavn
H3772,55.694471,12.489316,800,True,simulated_from_model_type,3772,"unset, unset",6100_Brandhaner__Koebenhavn
H3773,55.694871,12.490621,800,True,simulated_from_model_type,3773,"unset, unset",6100_Brandhaner__Koebenhavn
H3774,55.696231,12.488992,800,True,simulated_from_model_type,3774,"unset, unset",6100_Brandhaner__Koebenhavn
H3775,55.692917,12.489664,800,True,simulated_from_model_type,3775,"unset, unset",6100_Brandhaner__Koebenhavn
H3776,55.691996,12.493261,800,True,simulated_from_model_type,3776,"unset, unset",6100_Brandhaner__Koebenhavn
H3777,55.690873,12.495387,800,True,simulated_from_model_type,3777,"unset, unset",6100_Brandhaner__Koebenhavn
H3778,55.691447,12.497601,800,True,simulated_from_model_type,3778,"unset, unset",6100_Brandhaner__Koebenhavn
H3779,55.692146,12.495537,800,True,simulated_from_model_type,3779,"unset, unset",6100_Brandhaner__Koebenhavn
H3780,55.694392,12.492507,800,True,simulated_from_model_type,3780,"unset, unset",6100_Brandhaner__Koebenhavn
H3781,55.688258,12.493813,800,True,simulated_from_model_type,3781,"unset, unset",6100_Brandhaner__Koebenhavn
H3782,55.690113,12.494893,800,True,simulated_from_model_type,3782,"unset, unset",6100_Brandhaner__Koebenhavn
H3783,55.689334,12.496187,800,True,simulated_from_model_type,3783,"unset, unset",6100_Brandhaner__Koebenhavn
H3784,55.68906,12.498174,800,True,simulated_from_model_type,3784,"unset, unset",6100_Brandhaner__Koebenhavn
H3785,55.710709,12.50996,800,True,simulated_from_model_type,3785,"unset, unset",6100_Brandhaner__Koebenhavn
H3786,55.724225,12.538858,1600,True,simulated_from_model_type,3786,"unset, 100 mm",6100_Brandhaner__Koebenhavn
H3787,55.724696,12.536305,800,True,simulated_from_model_type,3787,"unset, unset",6100_Brandhaner__Koebenhavn
H3788,55.72328,12.535876,800,True,simulated_from_model_type,3788,"unset, unset",6100_Brandhaner__Koebenhavn
H3789,55.722812,12.537344,800,True,simulated_from_model_type,3789,"unset, unset",6100_Brandhaner__Koebenhavn
H3790,55.722737,12.535279,800,True,simulated_from_model_type,3790,"unset, unset",6100_Brandhaner__Koebenhavn
H3791,55.721755,12.536938,800,True,simulated_from_model_type,3791,"unset, unset",6100_Brandhaner__Koebenhavn
H3792,55.709703,12.514496,800,True,simulated_from_model_type,3792,"unset, unset",6100_Brandhaner__Koebenhavn
H3793,55.721642,12.535054,800,True,simulated_from_model_type,3793,"unset, unset",6100_Brandhaner__Koebenhavn
H3794,55.72379,12.534774,800,True,simulated_from_model_type,3794,"unset, unset",6100_Brandhaner__Koebenhavn
H3795,55.707427,12.513782,800,True,simulated_from_model_type,3795,"unset, unset",6100_Brandhaner__Koebenhavn
H3796,55.707927,12.512236,800,True,simulated_from_model_type,3796,"unset, unset",6100_Brandhaner__Koebenhavn
H3797,55.712242,12.497277,800,True,simulated_from_model_type,3797,"unset, unset",6100_Brandhaner__Koebenhavn
H3798,55.70848,12.51061,800,True,simulated_from_model_type,3798,"unset, unset",6100_Brandhaner__Koebenhavn
H3799,55.711135,12.497873,800,True,simulated_from_model_type,3799,"unset, unset",6100_Brandhaner__Koebenhavn
H3800,55.723411,12.542384,800,True,simulated_from_model_type,3800,"unset, unset",6100_Brandhaner__Koebenhavn
H3801,55.72253,12.543354,800,True,simulated_from_model_type,3801,"unset, unset",6100_Brandhaner__Koebenhavn
H3802,55.707603,12.511073,800,True,simulated_from_model_type,3802,"unset, unset",6100_Brandhaner__Koebenhavn
H3803,55.72258,12.540486,800,True,simulated_from_model_type,3803,"unset, unset",6100_Brandhaner__Koebenhavn
H3804,55.722795,12.539382,800,True,simulated_from_model_type,3804,"unset, unset",6100_Brandhaner__Koebenhavn
H3805,55.709556,12.512418,800,True,simulated_from_model_type,3805,"unset, unset",6100_Brandhaner__Koebenhavn
H3806,55.708828,12.511277,800,True,simulated_from_model_type,3806,"unset, unset",6100_Brandhaner__Koebenhavn
H3807,55.709624,12.511364,800,True,simulated_from_model_type,3807,"unset, unset",6100_Brandhaner__Koebenhavn
H3808,55.706521,12.513564,800,True,simulated_from_model_type,3808,"unset, unset",6100_Brandhaner__Koebenhavn
H3809,55.706304,12.512043,800,True,simulated_from_model_type,3809,"unset, unset",6100_Brandhaner__Koebenhavn
H3810,55.716642,12.532934,800,True,simulated_from_model_type,3810,"unset, unset",6100_Brandhaner__Koebenhavn
H3811,55.716976,12.530465,800,True,simulated_from_model_type,3811,"unset, unset",6100_Brandhaner__Koebenhavn
H3812,55.717121,12.531398,800,True,simulated_from_model_type,3812,"unset, unset",6100_Brandhaner__Koebenhavn
H3813,55.721013,12.536007,800,True,simulated_from_model_type,3813,"unset, unset",6100_Brandhaner__Koebenhavn
H3814,55.720508,12.535595,800,True,simulated_from_model_type,3814,"unset, unset",6100_Brandhaner__Koebenhavn
H3815,55.716133,12.531919,800,True,simulated_from_model_type,3815,"unset, unset",6100_Brandhaner__Koebenhavn
H3816,55.708078,12.512864,800,True,simulated_from_model_type,3816,"unset, unset",6100_Brandhaner__Koebenhavn
H3817,55.706866,12.511397,800,True,simulated_from_model_type,3817,"unset, unset",6100_Brandhaner__Koebenhavn
H3818,55.72041,12.537492,800,True,simulated_from_model_type,3818,"unset, unset",6100_Brandhaner__Koebenhavn
H3819,55.70614,12.510155,800,True,simulated_from_model_type,3819,"unset, unset",6100_Brandhaner__Koebenhavn
H3820,55.707568,12.514214,800,True,simulated_from_model_type,3820,"unset, unset",6100_Brandhaner__Koebenhavn
H3821,55.715589,12.533166,800,True,simulated_from_model_type,3821,"unset, unset",6100_Brandhaner__Koebenhavn
H3822,55.71996,12.535069,800,True,simulated_from_model_type,3822,"unset, unset",6100_Brandhaner__Koebenhavn
H3823,55.715077,12.533688,800,True,simulated_from_model_type,3823,"unset, unset",6100_Brandhaner__Koebenhavn
H3824,55.703759,12.511229,800,True,simulated_from_model_type,3824,"unset, unset",6100_Brandhaner__Koebenhavn
H3825,55.719903,12.537316,800,True,simulated_from_model_type,3825,"unset, unset",6100_Brandhaner__Koebenhavn
H3826,55.704683,12.511405,800,True,simulated_from_model_type,3826,"unset, unset",6100_Brandhaner__Koebenhavn
H3827,55.705413,12.510463,800,True,simulated_from_model_type,3827,"unset, unset",6100_Brandhaner__Koebenhavn
H3828,55.718614,12.535656,800,True,simulated_from_model_type,3828,"unset, unset",6100_Brandhaner__Koebenhavn
H3829,55.715663,12.534887,800,True,simulated_from_model_type,3829,"unset, unset",6100_Brandhaner__Koebenhavn
H3830,55.714739,12.53568,800,True,simulated_from_model_type,3830,"unset, unset",6100_Brandhaner__Koebenhavn
H3831,55.71663,12.535265,800,True,simulated_from_model_type,3831,"unset, unset",6100_Brandhaner__Koebenhavn
H3832,55.720058,12.539345,800,True,simulated_from_model_type,3832,"unset, unset",6100_Brandhaner__Koebenhavn
H3833,55.719617,12.541287,800,True,simulated_from_model_type,3833,"unset, unset",6100_Brandhaner__Koebenhavn
H3834,55.710417,12.517549,800,True,simulated_from_model_type,3834,"unset, unset",6100_Brandhaner__Koebenhavn
H3835,55.72047,12.54378,800,True,simulated_from_model_type,3835,"unset, unset",6100_Brandhaner__Koebenhavn
H3836,55.717161,12.536419,800,True,simulated_from_model_type,3836,"unset, unset",6100_Brandhaner__Koebenhavn
H3837,55.719731,12.543208,800,True,simulated_from_model_type,3837,"unset, unset",6100_Brandhaner__Koebenhavn
H3838,55.717497,12.534513,800,True,simulated_from_model_type,3838,"unset, unset",6100_Brandhaner__Koebenhavn
H3839,55.719293,12.539775,800,True,simulated_from_model_type,3839,"unset, unset",6100_Brandhaner__Koebenhavn
H3840,55.718637,12.539916,800,True,simulated_from_model_type,3840,"unset, unset",6100_Brandhaner__Koebenhavn
H3841,55.718073,12.540976,800,True,simulated_from_model_type,3841,"unset, unset",6100_Brandhaner__Koebenhavn
H3842,55.717802,12.539196,800,True,simulated_from_model_type,3842,"unset, unset",6100_Brandhaner__Koebenhavn
H3843,55.714074,12.534301,800,True,simulated_from_model_type,3843,"unset, unset",6100_Brandhaner__Koebenhavn
H3844,55.716886,12.538148,800,True,simulated_from_model_type,3844,"unset, unset",6100_Brandhaner__Koebenhavn
H3845,55.716191,12.537455,800,True,simulated_from_model_type,3845,"unset, unset",6100_Brandhaner__Koebenhavn
H3846,55.715433,12.536589,800,True,simulated_from_model_type,3846,"unset, unset",6100_Brandhaner__Koebenhavn
H3847,55.714402,12.537044,800,True,simulated_from_model_type,3847,"unset, unset",6100_Brandhaner__Koebenhavn
H3848,55.707668,12.515715,800,True,simulated_from_model_type,3848,"unset, unset",6100_Brandhaner__Koebenhavn
H3849,55.70824,12.514957,800,True,simulated_from_model_type,3849,"unset, unset",6100_Brandhaner__Koebenhavn
H3850,55.709169,12.515421,800,True,simulated_from_model_type,3850,"unset, unset",6100_Brandhaner__Koebenhavn
H3851,55.710123,12.515758,800,True,simulated_from_model_type,3851,"unset, unset",6100_Brandhaner__Koebenhavn
H3852,55.709135,12.518626,800,True,simulated_from_model_type,3852,"unset, unset",6100_Brandhaner__Koebenhavn
H3853,55.709388,12.517168,800,True,simulated_from_model_type,3853,"unset, unset",6100_Brandhaner__Koebenhavn
H3854,55.70843,12.51707,800,True,simulated_from_model_type,3854,"unset, unset",6100_Brandhaner__Koebenhavn
H3855,55.707951,12.518562,800,True,simulated_from_model_type,3855,"unset, unset",6100_Brandhaner__Koebenhavn
H3856,55.709958,12.518687,800,True,simulated_from_model_type,3856,"unset, unset",6100_Brandhaner__Koebenhavn
H3857,55.724807,12.533561,800,True,simulated_from_model_type,3857,"unset, unset",6100_Brandhaner__Koebenhavn
H3858,55.711496,12.526231,800,True,simulated_from_model_type,3858,"unset, unset",6100_Brandhaner__Koebenhavn
H3859,55.711523,12.527614,800,True,simulated_from_model_type,3859,"unset, unset",6100_Brandhaner__Koebenhavn
H3860,55.710535,12.52819,800,True,simulated_from_model_type,3860,"unset, unset",6100_Brandhaner__Koebenhavn
H3861,55.710982,12.528996,800,True,simulated_from_model_type,3861,"unset, unset",6100_Brandhaner__Koebenhavn
H3862,55.711875,12.52916,800,True,simulated_from_model_type,3862,"unset, unset",6100_Brandhaner__Koebenhavn
H3863,55.710289,12.520321,800,True,simulated_from_model_type,3863,"unset, unset",6100_Brandhaner__Koebenhavn
H3864,55.711419,12.524345,800,True,simulated_from_model_type,3864,"unset, unset",6100_Brandhaner__Koebenhavn
H3865,55.711369,12.530195,800,True,simulated_from_model_type,3865,"unset, unset",6100_Brandhaner__Koebenhavn
H3866,55.707571,12.52025,800,True,simulated_from_model_type,3866,"unset, unset",6100_Brandhaner__Koebenhavn
H3867,55.725105,12.529977,800,True,simulated_from_model_type,3867,"unset, unset",6100_Brandhaner__Koebenhavn
H3868,55.71204,12.530874,800,True,simulated_from_model_type,3868,"unset, unset",6100_Brandhaner__Koebenhavn
H3869,55.708795,12.520158,800,True,simulated_from_model_type,3869,"unset, unset",6100_Brandhaner__Koebenhavn
H3870,55.696136,12.517293,800,True,simulated_from_model_type,3870,"unset, unset",6100_Brandhaner__Koebenhavn
H3871,55.711162,12.533141,800,True,simulated_from_model_type,3871,"unset, unset",6100_Brandhaner__Koebenhavn
H3872,55.695845,12.51489,800,True,simulated_from_model_type,3872,"unset, unset",6100_Brandhaner__Koebenhavn
H3873,55.695327,12.518564,800,True,simulated_from_model_type,3873,"unset, unset",6100_Brandhaner__Koebenhavn
H3874,55.694872,12.517736,800,True,simulated_from_model_type,3874,"unset, unset",6100_Brandhaner__Koebenhavn
H3875,55.72591,12.531327,800,True,simulated_from_model_type,3875,"unset, unset",6100_Brandhaner__Koebenhavn
H3876,55.695311,12.515886,800,True,simulated_from_model_type,3876,"unset, unset",6100_Brandhaner__Koebenhavn
H3877,55.72699,12.530105,800,True,simulated_from_model_type,3877,"unset, unset",6100_Brandhaner__Koebenhavn
H3878,55.712566,12.519806,800,True,simulated_from_model_type,3878,"unset, unset",6100_Brandhaner__Koebenhavn
H3879,55.711904,12.518419,800,True,simulated_from_model_type,3879,"unset, unset",6100_Brandhaner__Koebenhavn
H3880,55.711299,12.507203,800,True,simulated_from_model_type,3880,"unset, unset",6100_Brandhaner__Koebenhavn
H3881,55.711135,12.51715,800,True,simulated_from_model_type,3881,"unset, unset",6100_Brandhaner__Koebenhavn
H3882,55.694068,12.516218,800,True,simulated_from_model_type,3882,"unset, unset",6100_Brandhaner__Koebenhavn
H3883,55.710826,12.519087,800,True,simulated_from_model_type,3883,"unset, unset",6100_Brandhaner__Koebenhavn
H3884,55.693422,12.516682,800,True,simulated_from_model_type,3884,"unset, unset",6100_Brandhaner__Koebenhavn
H3885,55.724038,12.532166,800,True,simulated_from_model_type,3885,"unset, unset",6100_Brandhaner__Koebenhavn
H3886,55.693712,12.514264,800,True,simulated_from_model_type,3886,"unset, unset",6100_Brandhaner__Koebenhavn
H3887,55.711865,12.532993,800,True,simulated_from_model_type,3887,"unset, unset",6100_Brandhaner__Koebenhavn
H3888,55.722928,12.531599,800,True,simulated_from_model_type,3888,"unset, unset",6100_Brandhaner__Koebenhavn
H3889,55.722566,12.534179,800,True,simulated_from_model_type,3889,"unset, unset",6100_Brandhaner__Koebenhavn
H3890,55.723452,12.533407,800,True,simulated_from_model_type,3890,"unset, unset",6100_Brandhaner__Koebenhavn
H3891,55.711547,12.51407,800,True,simulated_from_model_type,3891,"unset, unset",6100_Brandhaner__Koebenhavn
H3892,55.711459,12.531888,800,True,simulated_from_model_type,3892,"unset, unset",6100_Brandhaner__Koebenhavn
H3893,55.712795,12.531807,800,True,simulated_from_model_type,3893,"unset, unset",6100_Brandhaner__Koebenhavn
H3894,55.713613,12.531976,800,True,simulated_from_model_type,3894,"unset, unset",6100_Brandhaner__Koebenhavn
H3895,55.712345,12.508688,800,True,simulated_from_model_type,3895,"unset, unset",6100_Brandhaner__Koebenhavn
H3896,55.71374,12.50931,800,True,simulated_from_model_type,3896,"unset, unset",6100_Brandhaner__Koebenhavn
H3897,55.712498,12.517301,800,True,simulated_from_model_type,3897,"unset, unset",6100_Brandhaner__Koebenhavn
H3898,55.711756,12.516291,800,True,simulated_from_model_type,3898,"unset, unset",6100_Brandhaner__Koebenhavn
H3899,55.713045,12.507173,800,True,simulated_from_model_type,3899,"unset, unset",6100_Brandhaner__Koebenhavn
H3900,55.713237,12.515485,800,True,simulated_from_model_type,3900,"unset, unset",6100_Brandhaner__Koebenhavn
H3901,55.69623,12.518969,800,True,simulated_from_model_type,3901,"unset, unset",6100_Brandhaner__Koebenhavn
H3902,55.714148,12.506385,800,True,simulated_from_model_type,3902,"unset, unset",6100_Brandhaner__Koebenhavn
H3903,55.695551,12.520857,800,True,simulated_from_model_type,3903,"unset, unset",6100_Brandhaner__Koebenhavn
H3904,55.694265,12.519657,800,True,simulated_from_model_type,3904,"unset, unset",6100_Brandhaner__Koebenhavn
H3905,55.692928,12.518651,800,True,simulated_from_model_type,3905,"unset, unset",6100_Brandhaner__Koebenhavn
H3906,55.694994,12.521553,800,True,simulated_from_model_type,3906,"unset, unset",6100_Brandhaner__Koebenhavn
H3907,55.712385,12.505284,800,True,simulated_from_model_type,3907,"unset, unset",6100_Brandhaner__Koebenhavn
H3908,55.705909,12.513844,800,True,simulated_from_model_type,3908,"unset, unset",6100_Brandhaner__Koebenhavn
H3909,55.704963,12.513374,800,True,simulated_from_model_type,3909,"unset, unset",6100_Brandhaner__Koebenhavn
H3910,55.712846,12.534868,800,True,simulated_from_model_type,3910,"unset, unset",6100_Brandhaner__Koebenhavn
H3911,55.706961,12.515811,800,True,simulated_from_model_type,3911,"unset, unset",6100_Brandhaner__Koebenhavn
H3912,55.711585,12.534583,800,True,simulated_from_model_type,3912,"unset, unset",6100_Brandhaner__Koebenhavn
H3913,55.710912,12.534708,800,True,simulated_from_model_type,3913,"unset, unset",6100_Brandhaner__Koebenhavn
H3914,55.712357,12.534299,800,True,simulated_from_model_type,3914,"unset, unset",6100_Brandhaner__Koebenhavn
H3915,55.722899,12.52742,800,True,simulated_from_model_type,3915,"unset, unset",6100_Brandhaner__Koebenhavn
H3916,55.711748,12.536386,800,True,simulated_from_model_type,3916,"unset, unset",6100_Brandhaner__Koebenhavn
H3917,55.703174,12.519007,800,True,simulated_from_model_type,3917,"unset, unset",6100_Brandhaner__Koebenhavn
H3918,55.70417,12.518359,800,True,simulated_from_model_type,3918,"unset, unset",6100_Brandhaner__Koebenhavn
H3919,55.710769,12.514571,1600,True,simulated_from_model_type,3919,"unset, 100 mm",6100_Brandhaner__Koebenhavn
H3920,55.722673,12.525303,800,True,simulated_from_model_type,3920,"unset, unset",6100_Brandhaner__Koebenhavn
H3921,55.710871,12.51584,800,True,simulated_from_model_type,3921,"unset, unset",6100_Brandhaner__Koebenhavn
H3922,55.715418,12.531428,800,True,simulated_from_model_type,3922,"unset, unset",6100_Brandhaner__Koebenhavn
H3923,55.705252,12.517648,800,True,simulated_from_model_type,3923,"unset, unset",6100_Brandhaner__Koebenhavn
H3924,55.692541,12.515195,800,True,simulated_from_model_type,3924,"unset, unset",6100_Brandhaner__Koebenhavn
H3925,55.691586,12.516464,800,True,simulated_from_model_type,3925,"unset, unset",6100_Brandhaner__Koebenhavn
H3926,55.692354,12.516702,800,True,simulated_from_model_type,3926,"unset, unset",6100_Brandhaner__Koebenhavn
H3927,55.700211,12.517482,800,True,simulated_from_model_type,3927,"unset, unset",6100_Brandhaner__Koebenhavn
H3928,55.701078,12.518805,800,True,simulated_from_model_type,3928,"unset, unset",6100_Brandhaner__Koebenhavn
H3929,55.691646,12.513701,800,True,simulated_from_model_type,3929,"unset, unset",6100_Brandhaner__Koebenhavn
H3930,55.691114,12.515336,800,True,simulated_from_model_type,3930,"unset, unset",6100_Brandhaner__Koebenhavn
H3931,55.714759,12.509631,800,True,simulated_from_model_type,3931,"unset, unset",6100_Brandhaner__Koebenhavn
H3932,55.711246,12.520828,800,True,simulated_from_model_type,3932,"unset, unset",6100_Brandhaner__Koebenhavn
H3933,55.704019,12.512907,800,True,simulated_from_model_type,3933,"unset, unset",6100_Brandhaner__Koebenhavn
H3934,55.695611,12.525379,800,True,simulated_from_model_type,3934,"unset, unset",6100_Brandhaner__Koebenhavn
H3935,55.700101,12.521845,800,True,simulated_from_model_type,3935,"unset, unset",6100_Brandhaner__Koebenhavn
H3936,55.716236,12.51108,800,True,simulated_from_model_type,3936,"unset, unset",6100_Brandhaner__Koebenhavn
H3937,55.716832,12.512777,800,True,simulated_from_model_type,3937,"unset, unset",6100_Brandhaner__Koebenhavn
H3938,55.700108,12.523016,800,True,simulated_from_model_type,3938,"unset, unset",6100_Brandhaner__Koebenhavn
H3939,55.70097,12.522025,800,True,simulated_from_model_type,3939,"unset, unset",6100_Brandhaner__Koebenhavn
H3940,55.702686,12.523264,800,True,simulated_from_model_type,3940,"unset, unset",6100_Brandhaner__Koebenhavn
H3941,55.726323,12.529382,800,True,simulated_from_model_type,3941,"unset, unset",6100_Brandhaner__Koebenhavn
H3942,55.725638,12.528644,800,True,simulated_from_model_type,3942,"unset, unset",6100_Brandhaner__Koebenhavn
H3943,55.726567,12.527283,800,True,simulated_from_model_type,3943,"unset, unset",6100_Brandhaner__Koebenhavn
H3944,55.713565,12.520101,800,True,simulated_from_model_type,3944,"unset, unset",6100_Brandhaner__Koebenhavn
H3945,55.701191,12.519999,800,True,simulated_from_model_type,3945,"unset, unset",6100_Brandhaner__Koebenhavn
H3946,55.715872,12.513588,800,True,simulated_from_model_type,3946,"unset, unset",6100_Brandhaner__Koebenhavn
H3947,55.725549,12.526704,800,True,simulated_from_model_type,3947,"unset, unset",6100_Brandhaner__Koebenhavn
H3948,55.725284,12.524774,800,True,simulated_from_model_type,3948,"unset, unset",6100_Brandhaner__Koebenhavn
H3949,55.726215,12.525723,800,True,simulated_from_model_type,3949,"unset, unset",6100_Brandhaner__Koebenhavn
H3950,55.706005,12.522778,800,True,simulated_from_model_type,3950,"unset, unset",6100_Brandhaner__Koebenhavn
H3951,55.706572,12.522078,800,True,simulated_from_model_type,3951,"unset, unset",6100_Brandhaner__Koebenhavn
H3952,55.712527,12.515055,800,True,simulated_from_model_type,3952,"unset, unset",6100_Brandhaner__Koebenhavn
H3953,55.705427,12.521104,800,True,simulated_from_model_type,3953,"unset, unset",6100_Brandhaner__Koebenhavn
H3954,55.710186,12.535714,800,True,simulated_from_model_type,3954,"unset, unset",6100_Brandhaner__Koebenhavn
H3955,55.70964,12.537264,800,True,simulated_from_model_type,3955,"unset, unset",6100_Brandhaner__Koebenhavn
H3956,55.722532,12.523292,800,True,simulated_from_model_type,3956,"unset, unset",6100_Brandhaner__Koebenhavn
H3957,55.706058,12.520401,800,True,simulated_from_model_type,3957,"unset, unset",6100_Brandhaner__Koebenhavn
H3958,55.708818,12.53782,800,True,simulated_from_model_type,3958,"unset, unset",6100_Brandhaner__Koebenhavn
H3959,55.705742,12.520946,800,True,simulated_from_model_type,3959,"unset, unset",6100_Brandhaner__Koebenhavn
H3960,55.706453,12.519511,800,True,simulated_from_model_type,3960,"unset, unset",6100_Brandhaner__Koebenhavn
H3961,55.709068,12.536534,800,True,simulated_from_model_type,3961,"unset, unset",6100_Brandhaner__Koebenhavn
H3962,55.714039,12.514101,800,True,simulated_from_model_type,3962,"unset, unset",6100_Brandhaner__Koebenhavn
H3963,55.706686,12.517789,800,True,simulated_from_model_type,3963,"unset, unset",6100_Brandhaner__Koebenhavn
H3964,55.704517,12.522824,800,True,simulated_from_model_type,3964,"unset, unset",6100_Brandhaner__Koebenhavn
H3965,55.71027,12.537501,800,True,simulated_from_model_type,3965,"unset, unset",6100_Brandhaner__Koebenhavn
H3966,55.726031,12.523261,800,True,simulated_from_model_type,3966,"unset, unset",6100_Brandhaner__Koebenhavn
H3967,55.694779,12.509653,800,True,simulated_from_model_type,3967,"unset, unset",6100_Brandhaner__Koebenhavn
H3968,55.725091,12.522844,800,True,simulated_from_model_type,3968,"unset, unset",6100_Brandhaner__Koebenhavn
H3969,55.716694,12.519346,800,True,simulated_from_model_type,3969,"unset, unset",6100_Brandhaner__Koebenhavn
H3970,55.724189,12.522345,800,True,simulated_from_model_type,3970,"unset, unset",6100_Brandhaner__Koebenhavn
H3971,55.723487,12.523796,800,True,simulated_from_model_type,3971,"unset, unset",6100_Brandhaner__Koebenhavn
H3972,55.710633,12.539183,800,True,simulated_from_model_type,3972,"unset, unset",6100_Brandhaner__Koebenhavn
H3973,55.715687,12.518584,800,True,simulated_from_model_type,3973,"unset, unset",6100_Brandhaner__Koebenhavn
H3974,55.693753,12.509306,800,True,simulated_from_model_type,3974,"unset, unset",6100_Brandhaner__Koebenhavn
H3975,55.716141,12.517093,800,True,simulated_from_model_type,3975,"unset, unset",6100_Brandhaner__Koebenhavn
H3976,55.720679,12.52567,800,True,simulated_from_model_type,3976,"unset, unset",6100_Brandhaner__Koebenhavn
H3977,55.69388,12.511511,800,True,simulated_from_model_type,3977,"unset, unset",6100_Brandhaner__Koebenhavn
H3978,55.693435,12.511663,800,True,simulated_from_model_type,3978,"unset, unset",6100_Brandhaner__Koebenhavn
H3979,55.694191,12.51256,800,True,simulated_from_model_type,3979,"unset, unset",6100_Brandhaner__Koebenhavn
H3980,55.713918,12.518435,800,True,simulated_from_model_type,3980,"unset, unset",6100_Brandhaner__Koebenhavn
H3981,55.712837,12.53898,800,True,simulated_from_model_type,3981,"unset, unset",6100_Brandhaner__Koebenhavn
H3982,55.714837,12.512417,800,True,simulated_from_model_type,3982,"unset, unset",6100_Brandhaner__Koebenhavn
H3983,55.715344,12.519924,800,True,simulated_from_model_type,3983,"unset, unset",6100_Brandhaner__Koebenhavn
H3984,55.695578,12.512529,800,True,simulated_from_model_type,3984,"unset, unset",6100_Brandhaner__Koebenhavn
H3985,55.712817,12.51308,800,True,simulated_from_model_type,3985,"unset, unset",6100_Brandhaner__Koebenhavn
H3986,55.706203,12.516996,800,True,simulated_from_model_type,3986,"unset, unset",6100_Brandhaner__Koebenhavn
H3987,55.711869,12.540171,800,True,simulated_from_model_type,3987,"unset, unset",6100_Brandhaner__Koebenhavn
H3988,55.705739,12.516681,800,True,simulated_from_model_type,3988,"unset, unset",6100_Brandhaner__Koebenhavn
H3989,55.706491,12.516002,800,True,simulated_from_model_type,3989,"unset, unset",6100_Brandhaner__Koebenhavn
H3990,55.707076,12.515181,800,True,simulated_from_model_type,3990,"unset, unset",6100_Brandhaner__Koebenhavn
H3991,55.712818,12.540863,800,True,simulated_from_model_type,3991,"unset, unset",6100_Brandhaner__Koebenhavn
H3992,55.704763,12.521394,800,True,simulated_from_model_type,3992,"unset, unset",6100_Brandhaner__Koebenhavn
H3993,55.711646,12.541543,800,True,simulated_from_model_type,3993,"unset, unset",6100_Brandhaner__Koebenhavn
H3994,55.712181,12.542865,800,True,simulated_from_model_type,3994,"unset, unset",6100_Brandhaner__Koebenhavn
H3995,55.702151,12.51193,800,True,simulated_from_model_type,3995,"unset, unset",6100_Brandhaner__Koebenhavn
H3996,55.703083,12.512429,800,True,simulated_from_model_type,3996,"unset, unset",6100_Brandhaner__Koebenhavn
H3997,55.69478,12.510652,800,True,simulated_from_model_type,3997,"unset, unset",6100_Brandhaner__Koebenhavn
H3998,55.701305,12.511038,800,True,simulated_from_model_type,3998,"unset, unset",6100_Brandhaner__Koebenhavn
H3999,55.700484,12.510137,800,True,simulated_from_model_type,3999,"unset, unset",6100_Brandhaner__Koebenhavn
H4000,55.721698,12.524392,800,True,simulated_from_model_type,4000,"unset, unset",6100_Brandhaner__Koebenhavn
H4001,55.709898,12.508104,800,True,simulated_from_model_type,4001,"unset, unset",6100_Brandhaner__Koebenhavn
H4002,55.709821,12.507748,800,True,simulated_from_model_type,4002,"unset, unset",6100_Brandhaner__Koebenhavn
H4003,55.710663,12.506732,800,True,simulated_from_model_type,4003,"unset, unset",6100_Brandhaner__Koebenhavn
H4004,55.708774,12.504645,800,True,simulated_from_model_type,4004,"unset, unset",6100_Brandhaner__Koebenhavn
H4005,55.70979,12.506576,800,True,simulated_from_model_type,4005,"unset, unset",6100_Brandhaner__Koebenhavn
H4006,55.718752,12.531726,800,True,simulated_from_model_type,4006,"unset, unset",6100_Brandhaner__Koebenhavn
H4007,55.719722,12.531764,800,True,simulated_from_model_type,4007,"unset, unset",6100_Brandhaner__Koebenhavn
H4008,55.721102,12.531787,800,True,simulated_from_model_type,4008,"unset, unset",6100_Brandhaner__Koebenhavn
H4009,55.722286,12.530801,800,True,simulated_from_model_type,4009,"unset, unset",6100_Brandhaner__Koebenhavn
H4010,55.696936,12.508973,800,True,simulated_from_model_type,4010,"unset, unset",6100_Brandhaner__Koebenhavn
H4011,55.699658,12.509225,800,True,simulated_from_model_type,4011,"unset, unset",6100_Brandhaner__Koebenhavn
H4012,55.698882,12.508374,800,True,simulated_from_model_type,4012,"unset, unset",6100_Brandhaner__Koebenhavn
H4013,55.699001,12.507296,800,True,simulated_from_model_type,4013,"unset, unset",6100_Brandhaner__Koebenhavn
H4014,55.699706,12.506161,800,True,simulated_from_model_type,4014,"unset, unset",6100_Brandhaner__Koebenhavn
H4015,55.698038,12.507445,800,True,simulated_from_model_type,4015,"unset, unset",6100_Brandhaner__Koebenhavn
H4016,55.697346,12.506605,800,True,simulated_from_model_type,4016,"unset, unset",6100_Brandhaner__Koebenhavn
H4017,55.708792,12.507372,800,True,simulated_from_model_type,4017,"unset, unset",6100_Brandhaner__Koebenhavn
H4018,55.697816,12.505736,800,True,simulated_from_model_type,4018,"unset, unset",6100_Brandhaner__Koebenhavn
H4019,55.721338,12.528035,800,True,simulated_from_model_type,4019,"unset, unset",6100_Brandhaner__Koebenhavn
H4020,55.707842,12.503223,800,True,simulated_from_model_type,4020,"unset, unset",6100_Brandhaner__Koebenhavn
H4021,55.720252,12.529685,800,True,simulated_from_model_type,4021,"unset, unset",6100_Brandhaner__Koebenhavn
H4022,55.71854,12.529936,800,True,simulated_from_model_type,4022,"unset, unset",6100_Brandhaner__Koebenhavn
H4023,55.707754,12.506121,800,True,simulated_from_model_type,4023,"unset, unset",6100_Brandhaner__Koebenhavn
H4024,55.717899,12.531554,800,True,simulated_from_model_type,4024,"unset, unset",6100_Brandhaner__Koebenhavn
H4025,55.719193,12.53141,800,True,simulated_from_model_type,4025,"unset, unset",6100_Brandhaner__Koebenhavn
H4026,55.719378,12.529899,800,True,simulated_from_model_type,4026,"unset, unset",6100_Brandhaner__Koebenhavn
H4027,55.715417,12.539805,800,True,simulated_from_model_type,4027,"unset, unset",6100_Brandhaner__Koebenhavn
H4028,55.722183,12.527202,800,True,simulated_from_model_type,4028,"unset, unset",6100_Brandhaner__Koebenhavn
H4029,55.716685,12.539678,800,True,simulated_from_model_type,4029,"unset, unset",6100_Brandhaner__Koebenhavn
H4030,55.716442,12.541028,800,True,simulated_from_model_type,4030,"unset, unset",6100_Brandhaner__Koebenhavn
H4031,55.716664,12.541522,800,True,simulated_from_model_type,4031,"unset, unset",6100_Brandhaner__Koebenhavn
H4032,55.716136,12.540543,800,True,simulated_from_model_type,4032,"unset, unset",6100_Brandhaner__Koebenhavn
H4033,55.72149,12.530412,800,True,simulated_from_model_type,4033,"unset, unset",6100_Brandhaner__Koebenhavn
H4034,55.707758,12.539166,1600,True,simulated_from_model_type,4034,"unset, 100 mm",6100_Brandhaner__Koebenhavn
H4035,55.706969,12.538686,800,True,simulated_from_model_type,4035,"unset, unset",6100_Brandhaner__Koebenhavn
H4036,55.707041,12.541534,800,True,simulated_from_model_type,4036,"unset, unset",6100_Brandhaner__Koebenhavn
H4037,55.70795,12.521273,800,True,simulated_from_model_type,4037,"unset, unset",6100_Brandhaner__Koebenhavn
H4038,55.707444,12.522403,800,True,simulated_from_model_type,4038,"unset, unset",6100_Brandhaner__Koebenhavn
H4039,55.708052,12.523112,800,True,simulated_from_model_type,4039,"unset, unset",6100_Brandhaner__Koebenhavn
H4040,55.708466,12.521615,800,True,simulated_from_model_type,4040,"unset, unset",6100_Brandhaner__Koebenhavn
H4041,55.706914,12.50278,800,True,simulated_from_model_type,4041,"unset, unset",6100_Brandhaner__Koebenhavn
H4042,55.708327,12.52477,800,True,simulated_from_model_type,4042,"unset, unset",6100_Brandhaner__Koebenhavn
H4043,55.720414,12.533579,800,True,simulated_from_model_type,4043,"unset, unset",6100_Brandhaner__Koebenhavn
H4044,55.71817,12.532847,800,True,simulated_from_model_type,4044,"unset, unset",6100_Brandhaner__Koebenhavn
H4045,55.706474,12.503811,800,True,simulated_from_model_type,4045,"unset, unset",6100_Brandhaner__Koebenhavn
H4046,55.722091,12.533004,800,True,simulated_from_model_type,4046,"unset, unset",6100_Brandhaner__Koebenhavn
H4047,55.721206,12.534029,800,True,simulated_from_model_type,4047,"unset, unset",6100_Brandhaner__Koebenhavn
H4048,55.710132,12.534387,800,True,simulated_from_model_type,4048,"unset, unset",6100_Brandhaner__Koebenhavn
H4049,55.710318,12.533149,800,True,simulated_from_model_type,4049,"unset, unset",6100_Brandhaner__Koebenhavn
H4050,55.708658,12.533183,800,True,simulated_from_model_type,4050,"unset, unset",6100_Brandhaner__Koebenhavn
H4051,55.708433,12.535002,800,True,simulated_from_model_type,4051,"unset, unset",6100_Brandhaner__Koebenhavn
H4052,55.708489,12.531893,800,True,simulated_from_model_type,4052,"unset, unset",6100_Brandhaner__Koebenhavn
H4053,55.719886,12.533253,800,True,simulated_from_model_type,4053,"unset, unset",6100_Brandhaner__Koebenhavn
H4054,55.708815,12.530832,800,True,simulated_from_model_type,4054,"unset, unset",6100_Brandhaner__Koebenhavn
H4055,55.709968,12.531883,800,True,simulated_from_model_type,4055,"unset, unset",6100_Brandhaner__Koebenhavn
H4056,55.710084,12.530281,800,True,simulated_from_model_type,4056,"unset, unset",6100_Brandhaner__Koebenhavn
H4057,55.707827,12.508513,800,True,simulated_from_model_type,4057,"unset, unset",6100_Brandhaner__Koebenhavn
H4058,55.710355,12.528968,800,True,simulated_from_model_type,4058,"unset, unset",6100_Brandhaner__Koebenhavn
H4059,55.708819,12.528012,800,True,simulated_from_model_type,4059,"unset, unset",6100_Brandhaner__Koebenhavn
H4060,55.70934,12.509461,800,True,simulated_from_model_type,4060,"unset, unset",6100_Brandhaner__Koebenhavn
H4061,55.708934,12.509129,800,True,simulated_from_model_type,4061,"unset, unset",6100_Brandhaner__Koebenhavn
H4062,55.70984,12.527152,800,True,simulated_from_model_type,4062,"unset, unset",6100_Brandhaner__Koebenhavn
H4063,55.710571,12.521907,800,True,simulated_from_model_type,4063,"unset, unset",6100_Brandhaner__Koebenhavn
H4064,55.711247,12.52253,800,True,simulated_from_model_type,4064,"unset, unset",6100_Brandhaner__Koebenhavn
H4065,55.710786,12.523595,800,True,simulated_from_model_type,4065,"unset, unset",6100_Brandhaner__Koebenhavn
H4066,55.709856,12.523585,800,True,simulated_from_model_type,4066,"unset, unset",6100_Brandhaner__Koebenhavn
H4067,55.710491,12.524599,800,True,simulated_from_model_type,4067,"unset, unset",6100_Brandhaner__Koebenhavn
H4068,55.709524,12.524775,800,True,simulated_from_model_type,4068,"unset, unset",6100_Brandhaner__Koebenhavn
H4069,55.700476,12.502487,800,True,simulated_from_model_type,4069,"unset, unset",6100_Brandhaner__Koebenhavn
H4070,55.708193,12.526709,800,True,simulated_from_model_type,4070,"unset, unset",6100_Brandhaner__Koebenhavn
H4071,55.702618,12.529995,800,True,simulated_from_model_type,4071,"unset, unset",6100_Brandhaner__Koebenhavn
H4072,55.707515,12.528146,800,True,simulated_from_model_type,4072,"unset, unset",6100_Brandhaner__Koebenhavn
H4073,55.700063,12.503524,800,True,simulated_from_model_type,4073,"unset, unset",6100_Brandhaner__Koebenhavn
H4074,55.709684,12.529361,800,True,simulated_from_model_type,4074,"unset, unset",6100_Brandhaner__Koebenhavn
H4075,55.708822,12.529019,800,True,simulated_from_model_type,4075,"unset, unset",6100_Brandhaner__Koebenhavn
H4076,55.711731,12.510541,800,True,simulated_from_model_type,4076,"unset, unset",6100_Brandhaner__Koebenhavn
H4077,55.708981,12.52606,800,True,simulated_from_model_type,4077,"unset, unset",6100_Brandhaner__Koebenhavn
H4078,55.707471,12.525219,800,True,simulated_from_model_type,4078,"unset, unset",6100_Brandhaner__Koebenhavn
H4079,55.708944,12.523574,800,True,simulated_from_model_type,4079,"unset, unset",6100_Brandhaner__Koebenhavn
H4080,55.710825,12.511689,800,True,simulated_from_model_type,4080,"unset, unset",6100_Brandhaner__Koebenhavn
H4081,55.70938,12.521608,800,True,simulated_from_model_type,4081,"unset, unset",6100_Brandhaner__Koebenhavn
H4082,55.706382,12.526152,800,True,simulated_from_model_type,4082,"unset, unset",6100_Brandhaner__Koebenhavn
H4083,55.705773,12.527861,800,True,simulated_from_model_type,4083,"unset, unset",6100_Brandhaner__Koebenhavn
H4084,55.71075,12.507978,800,True,simulated_from_model_type,4084,"unset, unset",6100_Brandhaner__Koebenhavn
H4085,55.706533,12.528461,800,True,simulated_from_model_type,4085,"unset, unset",6100_Brandhaner__Koebenhavn
H4086,55.706958,12.526931,800,True,simulated_from_model_type,4086,"unset, unset",6100_Brandhaner__Koebenhavn
H4087,55.707962,12.52925,800,True,simulated_from_model_type,4087,"unset, unset",6100_Brandhaner__Koebenhavn
H4088,55.697776,12.503246,800,True,simulated_from_model_type,4088,"unset, unset",6100_Brandhaner__Koebenhavn
H4089,55.707455,12.499957,800,True,simulated_from_model_type,4089,"unset, unset",6100_Brandhaner__Koebenhavn
H4090,55.697085,12.503882,800,True,simulated_from_model_type,4090,"unset, unset",6100_Brandhaner__Koebenhavn
H4091,55.696696,12.502489,800,True,simulated_from_model_type,4091,"unset, unset",6100_Brandhaner__Koebenhavn
H4092,55.701901,12.536845,800,True,simulated_from_model_type,4092,"unset, unset",6100_Brandhaner__Koebenhavn
H4093,55.706748,12.498989,800,True,simulated_from_model_type,4093,"unset, unset",6100_Brandhaner__Koebenhavn
H4094,55.70672,12.524147,800,True,simulated_from_model_type,4094,"unset, unset",6100_Brandhaner__Koebenhavn
H4095,55.702496,12.537633,800,True,simulated_from_model_type,4095,"unset, unset",6100_Brandhaner__Koebenhavn
H4096,55.701875,12.533993,800,True,simulated_from_model_type,4096,"unset, unset",6100_Brandhaner__Koebenhavn
H4097,55.696403,12.512353,800,True,simulated_from_model_type,4097,"unset, unset",6100_Brandhaner__Koebenhavn
H4098,55.707016,12.501767,800,True,simulated_from_model_type,4098,"unset, unset",6100_Brandhaner__Koebenhavn
H4099,55.696902,12.510999,800,True,simulated_from_model_type,4099,"unset, unset",6100_Brandhaner__Koebenhavn
H4100,55.706848,12.53038,800,True,simulated_from_model_type,4100,"unset, unset",6100_Brandhaner__Koebenhavn
H4101,55.70643,12.53187,800,True,simulated_from_model_type,4101,"unset, unset",6100_Brandhaner__Koebenhavn
H4102,55.699561,12.511874,800,True,simulated_from_model_type,4102,"unset, unset",6100_Brandhaner__Koebenhavn
H4103,55.698198,12.510459,800,True,simulated_from_model_type,4103,"unset, unset",6100_Brandhaner__Koebenhavn
H4104,55.703388,12.531082,800,True,simulated_from_model_type,4104,"unset, unset",6100_Brandhaner__Koebenhavn
H4105,55.710458,12.498994,800,True,simulated_from_model_type,4105,"unset, unset",6100_Brandhaner__Koebenhavn
H4106,55.707641,12.498417,800,True,simulated_from_model_type,4106,"unset, unset",6100_Brandhaner__Koebenhavn
H4107,55.709153,12.498704,800,True,simulated_from_model_type,4107,"unset, unset",6100_Brandhaner__Koebenhavn
H4108,55.699006,12.513675,800,True,simulated_from_model_type,4108,"unset, unset",6100_Brandhaner__Koebenhavn
H4109,55.704679,12.535821,800,True,simulated_from_model_type,4109,"unset, unset",6100_Brandhaner__Koebenhavn
H4110,55.698401,12.515389,800,True,simulated_from_model_type,4110,"unset, unset",6100_Brandhaner__Koebenhavn
H4111,55.707626,12.531221,800,True,simulated_from_model_type,4111,"unset, unset",6100_Brandhaner__Koebenhavn
H4112,55.704369,12.538102,800,True,simulated_from_model_type,4112,"unset, unset",6100_Brandhaner__Koebenhavn
H4113,55.703612,12.537939,800,True,simulated_from_model_type,4113,"unset, unset",6100_Brandhaner__Koebenhavn
H4114,55.709435,12.497524,800,True,simulated_from_model_type,4114,"unset, unset",6100_Brandhaner__Koebenhavn
H4115,55.708298,12.497301,800,True,simulated_from_model_type,4115,"unset, unset",6100_Brandhaner__Koebenhavn
H4116,55.699185,12.516784,800,True,simulated_from_model_type,4116,"unset, unset",6100_Brandhaner__Koebenhavn
H4117,55.697167,12.514208,800,True,simulated_from_model_type,4117,"unset, unset",6100_Brandhaner__Koebenhavn
H4118,55.702097,12.528962,800,True,simulated_from_model_type,4118,"unset, unset",6100_Brandhaner__Koebenhavn
H4119,55.702581,12.525208,800,True,simulated_from_model_type,4119,"unset, unset",6100_Brandhaner__Koebenhavn
H4120,55.702703,12.527268,800,True,simulated_from_model_type,4120,"unset, unset",6100_Brandhaner__Koebenhavn
H4121,55.703423,12.52814,800,True,simulated_from_model_type,4121,"unset, unset",6100_Brandhaner__Koebenhavn
H4122,55.702738,12.528703,800,True,simulated_from_model_type,4122,"unset, unset",6100_Brandhaner__Koebenhavn
H4123,55.697768,12.531084,800,True,simulated_from_model_type,4123,"unset, unset",6100_Brandhaner__Koebenhavn
H4124,55.703223,12.526464,800,True,simulated_from_model_type,4124,"unset, unset",6100_Brandhaner__Koebenhavn
H4125,55.705075,12.529569,800,True,simulated_from_model_type,4125,"unset, unset",6100_Brandhaner__Koebenhavn
H4126,55.698495,12.530157,800,True,simulated_from_model_type,4126,"unset, unset",6100_Brandhaner__Koebenhavn
H4127,55.696995,12.530064,800,True,simulated_from_model_type,4127,"unset, unset",6100_Brandhaner__Koebenhavn
H4128,55.696854,12.532116,800,True,simulated_from_model_type,4128,"unset, unset",6100_Brandhaner__Koebenhavn
H4129,55.696756,12.515573,800,True,simulated_from_model_type,4129,"unset, unset",6100_Brandhaner__Koebenhavn
H4130,55.704126,12.526049,800,True,simulated_from_model_type,4130,"unset, unset",6100_Brandhaner__Koebenhavn
H4131,55.70449,12.527003,800,True,simulated_from_model_type,4131,"unset, unset",6100_Brandhaner__Koebenhavn
H4132,55.703594,12.529145,800,True,simulated_from_model_type,4132,"unset, unset",6100_Brandhaner__Koebenhavn
H4133,55.703898,12.52734,800,True,simulated_from_model_type,4133,"unset, unset",6100_Brandhaner__Koebenhavn
H4134,55.697631,12.52074,800,True,simulated_from_model_type,4134,"unset, unset",6100_Brandhaner__Koebenhavn
H4135,55.697837,12.518822,800,True,simulated_from_model_type,4135,"unset, unset",6100_Brandhaner__Koebenhavn
H4136,55.69811,12.517084,800,True,simulated_from_model_type,4136,"unset, unset",6100_Brandhaner__Koebenhavn
H4137,55.697017,12.518231,800,True,simulated_from_model_type,4137,"unset, unset",6100_Brandhaner__Koebenhavn
H4138,55.700793,12.527502,800,True,simulated_from_model_type,4138,"unset, unset",6100_Brandhaner__Koebenhavn
H4139,55.726927,12.525053,800,True,simulated_from_model_type,4139,"unset, unset",6100_Brandhaner__Koebenhavn
H4140,55.701702,12.530034,800,True,simulated_from_model_type,4140,"unset, unset",6100_Brandhaner__Koebenhavn
H4141,55.696324,12.5206,800,True,simulated_from_model_type,4141,"unset, unset",6100_Brandhaner__Koebenhavn
H4142,55.705894,12.530898,800,True,simulated_from_model_type,4142,"unset, unset",6100_Brandhaner__Koebenhavn
H4143,55.724598,12.527162,800,True,simulated_from_model_type,4143,"unset, unset",6100_Brandhaner__Koebenhavn
H4144,55.723898,12.528481,800,True,simulated_from_model_type,4144,"unset, unset",6100_Brandhaner__Koebenhavn
H4145,55.707301,12.534355,800,True,simulated_from_model_type,4145,"unset, unset",6100_Brandhaner__Koebenhavn
H4146,55.701027,12.528875,800,True,simulated_from_model_type,4146,"unset, unset",6100_Brandhaner__Koebenhavn
H4147,55.697802,12.533814,800,True,simulated_from_model_type,4147,"unset, unset",6100_Brandhaner__Koebenhavn
H4148,55.69919,12.522993,800,True,simulated_from_model_type,4148,"unset, unset",6100_Brandhaner__Koebenhavn
H4149,55.708271,12.536856,800,True,simulated_from_model_type,4149,"unset, unset",6100_Brandhaner__Koebenhavn
H4150,55.699366,12.531076,800,True,simulated_from_model_type,4150,"unset, unset",6100_Brandhaner__Koebenhavn
H4151,55.699363,12.522113,800,True,simulated_from_model_type,4151,"unset, unset",6100_Brandhaner__Koebenhavn
H4152,55.699985,12.528519,800,True,simulated_from_model_type,4152,"unset, unset",6100_Brandhaner__Koebenhavn
H4153,55.70174,12.526291,800,True,simulated_from_model_type,4153,"unset, unset",6100_Brandhaner__Koebenhavn
H4154,55.699037,12.524312,800,True,simulated_from_model_type,4154,"unset, unset",6100_Brandhaner__Koebenhavn
H4155,55.69929,12.525686,800,True,simulated_from_model_type,4155,"unset, unset",6100_Brandhaner__Koebenhavn
H4156,55.706926,12.536733,800,True,simulated_from_model_type,4156,"unset, unset",6100_Brandhaner__Koebenhavn
H4157,55.69986,12.526416,800,True,simulated_from_model_type,4157,"unset, unset",6100_Brandhaner__Koebenhavn
H4158,55.700041,12.525544,800,True,simulated_from_model_type,4158,"unset, unset",6100_Brandhaner__Koebenhavn
H4159,55.706479,12.533888,800,True,simulated_from_model_type,4159,"unset, unset",6100_Brandhaner__Koebenhavn
H4160,55.705194,12.536288,800,True,simulated_from_model_type,4160,"unset, unset",6100_Brandhaner__Koebenhavn
H4161,55.705676,12.534909,800,True,simulated_from_model_type,4161,"unset, unset",6100_Brandhaner__Koebenhavn
H4162,55.707302,12.5371,800,True,simulated_from_model_type,4162,"unset, unset",6100_Brandhaner__Koebenhavn
H4163,55.698923,12.536014,800,True,simulated_from_model_type,4163,"unset, unset",6100_Brandhaner__Koebenhavn
H4164,55.699776,12.536482,800,True,simulated_from_model_type,4164,"unset, unset",6100_Brandhaner__Koebenhavn
H4165,55.696498,12.523865,1600,True,simulated_from_model_type,4165,"A-60, 100 mm",6100_Brandhaner__Koebenhavn
H4166,55.707301,12.5356,800,True,simulated_from_model_type,4166,"unset, unset",6100_Brandhaner__Koebenhavn
H4167,55.707298,12.532441,800,True,simulated_from_model_type,4167,"unset, unset",6100_Brandhaner__Koebenhavn
H4168,55.705817,12.533534,800,True,simulated_from_model_type,4168,"unset, unset",6100_Brandhaner__Koebenhavn
H4169,55.696629,12.522425,800,True,simulated_from_model_type,4169,"unset, unset",6100_Brandhaner__Koebenhavn
H4170,55.696749,12.524257,800,True,simulated_from_model_type,4170,"unset, unset",6100_Brandhaner__Koebenhavn
H4171,55.699257,12.529456,800,True,simulated_from_model_type,4171,"unset, unset",6100_Brandhaner__Koebenhavn
H4172,55.696925,12.52789,800,True,simulated_from_model_type,4172,"unset, unset",6100_Brandhaner__Koebenhavn
H4173,55.699082,12.5274,800,True,simulated_from_model_type,4173,"unset, unset",6100_Brandhaner__Koebenhavn
H4174,55.697684,12.529185,800,True,simulated_from_model_type,4174,"unset, unset",6100_Brandhaner__Koebenhavn
H4175,55.698375,12.528295,800,True,simulated_from_model_type,4175,"unset, unset",6100_Brandhaner__Koebenhavn
H4176,55.697573,12.526243,800,True,simulated_from_model_type,4176,"unset, unset",6100_Brandhaner__Koebenhavn
H4177,55.697293,12.525404,800,True,simulated_from_model_type,4177,"unset, unset",6100_Brandhaner__Koebenhavn
H4178,55.698221,12.524222,800,True,simulated_from_model_type,4178,"unset, unset",6100_Brandhaner__Koebenhavn
H4179,55.698443,12.525167,800,True,simulated_from_model_type,4179,"unset, unset",6100_Brandhaner__Koebenhavn
H4180,55.701531,12.537771,800,True,simulated_from_model_type,4180,"unset, unset",6100_Brandhaner__Koebenhavn
H4181,55.701391,12.536425,800,True,simulated_from_model_type,4181,"unset, unset",6100_Brandhaner__Koebenhavn
H4182,55.70143,12.534655,800,True,simulated_from_model_type,4182,"unset, unset",6100_Brandhaner__Koebenhavn
H4183,55.6996,12.533247,800,True,simulated_from_model_type,4183,"unset, unset",6100_Brandhaner__Koebenhavn
H4184,55.700333,12.539186,800,True,simulated_from_model_type,4184,"unset, unset",6100_Brandhaner__Koebenhavn
H4185,55.701054,12.538518,800,True,simulated_from_model_type,4185,"unset, unset",6100_Brandhaner__Koebenhavn
H4186,55.701556,12.533099,800,True,simulated_from_model_type,4186,"unset, unset",6100_Brandhaner__Koebenhavn
H4187,55.701582,12.586729,800,True,simulated_from_model_type,4187,"unset, unset",6100_Brandhaner__Koebenhavn
H4188,55.699926,12.595426,800,True,simulated_from_model_type,4188,"unset, unset",6100_Brandhaner__Koebenhavn
H4189,55.684774,12.554432,800,True,simulated_from_model_type,4189,"unset, unset",6100_Brandhaner__Koebenhavn
H4190,55.683724,12.55585,800,True,simulated_from_model_type,4190,"unset, unset",6100_Brandhaner__Koebenhavn
H4191,55.69953,12.58966,800,True,simulated_from_model_type,4191,"unset, unset",6100_Brandhaner__Koebenhavn
H4192,55.681843,12.555858,2000,True,simulated_from_model_type,4192,"unset, 110 mm",6100_Brandhaner__Koebenhavn
H4193,55.702017,12.588772,800,True,simulated_from_model_type,4193,"unset, unset",6100_Brandhaner__Koebenhavn
H4194,55.701167,12.588707,800,True,simulated_from_model_type,4194,"unset, unset",6100_Brandhaner__Koebenhavn
H4195,55.700728,12.586902,800,True,simulated_from_model_type,4195,"unset, unset",6100_Brandhaner__Koebenhavn
H4196,55.683432,12.555482,800,True,simulated_from_model_type,4196,"unset, unset",6100_Brandhaner__Koebenhavn
H4197,55.682652,12.554693,1500,True,simulated_from_model_type,4197,"unset, 90 mm",6100_Brandhaner__Koebenhavn
H4198,55.700438,12.588482,800,True,simulated_from_model_type,4198,"unset, unset",6100_Brandhaner__Koebenhavn
H4199,55.700374,12.58994,800,True,simulated_from_model_type,4199,"unset, unset",6100_Brandhaner__Koebenhavn
H4200,55.700061,12.588866,800,True,simulated_from_model_type,4200,"unset, unset",6100_Brandhaner__Koebenhavn
H4201,55.699815,12.587393,800,True,simulated_from_model_type,4201,"unset, unset",6100_Brandhaner__Koebenhavn
H4202,55.699409,12.585946,800,True,simulated_from_model_type,4202,"unset, unset",6100_Brandhaner__Koebenhavn
H4203,55.695127,12.569471,800,True,simulated_from_model_type,4203,"unset, unset",6100_Brandhaner__Koebenhavn
H4204,55.698772,12.586785,800,True,simulated_from_model_type,4204,"unset, unset",6100_Brandhaner__Koebenhavn
H4205,55.694522,12.56833,800,True,simulated_from_model_type,4205,"unset, unset",6100_Brandhaner__Koebenhavn
H4206,55.694046,12.567428,800,True,simulated_from_model_type,4206,"unset, unset",6100_Brandhaner__Koebenhavn
H4207,55.694759,12.569655,800,True,simulated_from_model_type,4207,"unset, unset",6100_Brandhaner__Koebenhavn
H4208,55.699132,12.588319,800,True,simulated_from_model_type,4208,"unset, unset",6100_Brandhaner__Koebenhavn
H4209,55.693685,12.569259,800,True,simulated_from_model_type,4209,"unset, unset",6100_Brandhaner__Koebenhavn
H4210,55.692971,12.568169,800,True,simulated_from_model_type,4210,"unset, unset",6100_Brandhaner__Koebenhavn
H4211,55.693375,12.569089,800,True,simulated_from_model_type,4211,"unset, unset",6100_Brandhaner__Koebenhavn
H4212,55.698614,12.590258,800,True,simulated_from_model_type,4212,"unset, unset",6100_Brandhaner__Koebenhavn
H4213,55.69468,12.57108,800,True,simulated_from_model_type,4213,"unset, unset",6100_Brandhaner__Koebenhavn
H4214,55.692656,12.569958,800,True,simulated_from_model_type,4214,"unset, unset",6100_Brandhaner__Koebenhavn
H4215,55.701102,12.590657,800,True,simulated_from_model_type,4215,"unset, unset",6100_Brandhaner__Koebenhavn
H4216,55.693009,12.567084,800,True,simulated_from_model_type,4216,"unset, unset",6100_Brandhaner__Koebenhavn
H4217,55.69221,12.568554,800,True,simulated_from_model_type,4217,"unset, unset",6100_Brandhaner__Koebenhavn
H4218,55.692393,12.567288,800,True,simulated_from_model_type,4218,"unset, unset",6100_Brandhaner__Koebenhavn
H4219,55.695268,12.595928,800,True,simulated_from_model_type,4219,"unset, unset",6100_Brandhaner__Koebenhavn
H4220,55.695098,12.597975,800,True,simulated_from_model_type,4220,"unset, unset",6100_Brandhaner__Koebenhavn
H4221,55.697591,12.597718,800,True,simulated_from_model_type,4221,"unset, unset",6100_Brandhaner__Koebenhavn
H4222,55.701938,12.591093,800,True,simulated_from_model_type,4222,"unset, unset",6100_Brandhaner__Koebenhavn
H4223,55.701784,12.591063,800,True,simulated_from_model_type,4223,"unset, unset",6100_Brandhaner__Koebenhavn
H4224,55.700881,12.592671,800,True,simulated_from_model_type,4224,"unset, unset",6100_Brandhaner__Koebenhavn
H4225,55.700268,12.591325,800,True,simulated_from_model_type,4225,"unset, unset",6100_Brandhaner__Koebenhavn
H4226,55.699174,12.591523,800,True,simulated_from_model_type,4226,"unset, unset",6100_Brandhaner__Koebenhavn
H4227,55.699023,12.592933,800,True,simulated_from_model_type,4227,"unset, unset",6100_Brandhaner__Koebenhavn
H4228,55.699762,12.592827,800,True,simulated_from_model_type,4228,"unset, unset",6100_Brandhaner__Koebenhavn
H4229,55.699054,12.595133,800,True,simulated_from_model_type,4229,"unset, unset",6100_Brandhaner__Koebenhavn
H4230,55.695176,12.589971,800,True,simulated_from_model_type,4230,"unset, unset",6100_Brandhaner__Koebenhavn
H4231,55.698354,12.588251,800,True,simulated_from_model_type,4231,"unset, unset",6100_Brandhaner__Koebenhavn
H4232,55.697602,12.587523,800,True,simulated_from_model_type,4232,"unset, unset",6100_Brandhaner__Koebenhavn
H4233,55.697438,12.586331,800,True,simulated_from_model_type,4233,"unset, unset",6100_Brandhaner__Koebenhavn
H4234,55.696578,12.586525,800,True,simulated_from_model_type,4234,"unset, unset",6100_Brandhaner__Koebenhavn
H4235,55.696493,12.588438,800,True,simulated_from_model_type,4235,"unset, unset",6100_Brandhaner__Koebenhavn
H4236,55.69605,12.589615,800,True,simulated_from_model_type,4236,"unset, unset",6100_Brandhaner__Koebenhavn
H4237,55.691446,12.562583,800,True,simulated_from_model_type,4237,"unset, unset",6100_Brandhaner__Koebenhavn
H4238,55.690878,12.561519,800,True,simulated_from_model_type,4238,"unset, unset",6100_Brandhaner__Koebenhavn
H4239,55.695234,12.588436,800,True,simulated_from_model_type,4239,"unset, unset",6100_Brandhaner__Koebenhavn
H4240,55.68477,12.559135,800,True,simulated_from_model_type,4240,"unset, unset",6100_Brandhaner__Koebenhavn
H4241,55.691153,12.563861,800,True,simulated_from_model_type,4241,"unset, unset",6100_Brandhaner__Koebenhavn
H4242,55.697354,12.589191,800,True,simulated_from_model_type,4242,"unset, unset",6100_Brandhaner__Koebenhavn
H4243,55.690831,12.564907,800,True,simulated_from_model_type,4243,"unset, unset",6100_Brandhaner__Koebenhavn
H4244,55.690155,12.565819,800,True,simulated_from_model_type,4244,"unset, unset",6100_Brandhaner__Koebenhavn
H4245,55.690316,12.564124,800,True,simulated_from_model_type,4245,"unset, unset",6100_Brandhaner__Koebenhavn
H4246,55.689307,12.564516,800,True,simulated_from_model_type,4246,"unset, unset",6100_Brandhaner__Koebenhavn
H4247,55.689513,12.565199,800,True,simulated_from_model_type,4247,"unset, unset",6100_Brandhaner__Koebenhavn
H4248,55.68849,12.563915,800,True,simulated_from_model_type,4248,"unset, unset",6100_Brandhaner__Koebenhavn
H4249,55.688869,12.562186,800,True,simulated_from_model_type,4249,"unset, unset",6100_Brandhaner__Koebenhavn
H4250,55.690314,12.562074,800,True,simulated_from_model_type,4250,"unset, unset",6100_Brandhaner__Koebenhavn
H4251,55.683398,12.556654,800,True,simulated_from_model_type,4251,"unset, unset",6100_Brandhaner__Koebenhavn
H4252,55.696022,12.590527,800,True,simulated_from_model_type,4252,"unset, unset",6100_Brandhaner__Koebenhavn
H4253,55.689785,12.563222,800,True,simulated_from_model_type,4253,"unset, unset",6100_Brandhaner__Koebenhavn
H4254,55.702849,12.591003,800,True,simulated_from_model_type,4254,"unset, unset",6100_Brandhaner__Koebenhavn
H4255,55.698467,12.591575,800,True,simulated_from_model_type,4255,"unset, unset",6100_Brandhaner__Koebenhavn
H4256,55.697784,12.590913,800,True,simulated_from_model_type,4256,"unset, unset",6100_Brandhaner__Koebenhavn
H4257,55.697028,12.590936,800,True,simulated_from_model_type,4257,"unset, unset",6100_Brandhaner__Koebenhavn
H4258,55.696477,12.591365,800,True,simulated_from_model_type,4258,"unset, unset",6100_Brandhaner__Koebenhavn
H4259,55.697996,12.594768,800,True,simulated_from_model_type,4259,"unset, unset",6100_Brandhaner__Koebenhavn
H4260,55.703862,12.590821,2000,True,simulated_from_model_type,4260,"unset, 110 mm",6100_Brandhaner__Koebenhavn
H4261,55.696977,12.594415,800,True,simulated_from_model_type,4261,"unset, unset",6100_Brandhaner__Koebenhavn
H4262,55.697018,12.59339,800,True,simulated_from_model_type,4262,"unset, unset",6100_Brandhaner__Koebenhavn
H4263,55.696324,12.593788,800,True,simulated_from_model_type,4263,"unset, unset",6100_Brandhaner__Koebenhavn
H4264,55.682771,12.556387,800,True,simulated_from_model_type,4264,"unset, unset",6100_Brandhaner__Koebenhavn
H4265,55.69523,12.571611,800,True,simulated_from_model_type,4265,"unset, unset",6100_Brandhaner__Koebenhavn
H4266,55.695158,12.594122,800,True,simulated_from_model_type,4266,"unset, unset",6100_Brandhaner__Koebenhavn
H4267,55.69466,12.572634,800,True,simulated_from_model_type,4267,"unset, unset",6100_Brandhaner__Koebenhavn
H4268,55.694005,12.572087,800,True,simulated_from_model_type,4268,"unset, unset",6100_Brandhaner__Koebenhavn
H4269,55.693313,12.571009,800,True,simulated_from_model_type,4269,"unset, unset",6100_Brandhaner__Koebenhavn
H4270,55.693139,12.575379,800,True,simulated_from_model_type,4270,"unset, unset",6100_Brandhaner__Koebenhavn
H4271,55.692286,12.574255,800,True,simulated_from_model_type,4271,"unset, unset",6100_Brandhaner__Koebenhavn
H4272,55.681945,12.55721,800,True,simulated_from_model_type,4272,"unset, unset",6100_Brandhaner__Koebenhavn
H4273,55.69293,12.586166,800,True,simulated_from_model_type,4273,"unset, unset",6100_Brandhaner__Koebenhavn
H4274,55.69164,12.587398,800,True,simulated_from_model_type,4274,"unset, unset",6100_Brandhaner__Koebenhavn
H4275,55.68481,12.556392,800,True,simulated_from_model_type,4275,"unset, unset",6100_Brandhaner__Koebenhavn
H4276,55.683925,12.558732,800,True,simulated_from_model_type,4276,"unset, unset",6100_Brandhaner__Koebenhavn
H4277,55.684261,12.557667,800,True,simulated_from_model_type,4277,"unset, unset",6100_Brandhaner__Koebenhavn
H4278,55.717258,12.59435,800,True,simulated_from_model_type,4278,"unset, unset",6100_Brandhaner__Koebenhavn
H4279,55.683146,12.557782,800,True,simulated_from_model_type,4279,"unset, unset",6100_Brandhaner__Koebenhavn
H4280,55.702856,12.592361,800,True,simulated_from_model_type,4280,"unset, unset",6100_Brandhaner__Koebenhavn
H4281,55.703969,12.59841,800,True,simulated_from_model_type,4281,"unset, unset",6100_Brandhaner__Koebenhavn
H4282,55.716767,12.596743,800,True,simulated_from_model_type,4282,"unset, unset",6100_Brandhaner__Koebenhavn
H4283,55.718041,12.598683,800,True,simulated_from_model_type,4283,"unset, unset",6100_Brandhaner__Koebenhavn
H4284,55.717672,12.600477,800,True,simulated_from_model_type,4284,"unset, unset",6100_Brandhaner__Koebenhavn
H4285,55.717402,12.597877,800,True,simulated_from_model_type,4285,"unset, unset",6100_Brandhaner__Koebenhavn
H4286,55.7189,12.598819,800,True,simulated_from_model_type,4286,"unset, unset",6100_Brandhaner__Koebenhavn
H4287,55.687328,12.542628,800,True,simulated_from_model_type,4287,"unset, unset",6100_Brandhaner__Koebenhavn
H4288,55.68838,12.5449,800,True,simulated_from_model_type,4288,"unset, unset",6100_Brandhaner__Koebenhavn
H4289,55.687688,12.546132,800,True,simulated_from_model_type,4289,"unset, unset",6100_Brandhaner__Koebenhavn
H4290,55.686168,12.54666,800,True,simulated_from_model_type,4290,"unset, unset",6100_Brandhaner__Koebenhavn
H4291,55.686936,12.546613,800,True,simulated_from_model_type,4291,"unset, unset",6100_Brandhaner__Koebenhavn
H4292,55.694488,12.561823,800,True,simulated_from_model_type,4292,"unset, unset",6100_Brandhaner__Koebenhavn
H4293,55.692907,12.562346,800,True,simulated_from_model_type,4293,"unset, unset",6100_Brandhaner__Koebenhavn
H4294,55.695183,12.563236,800,True,simulated_from_model_type,4294,"unset, unset",6100_Brandhaner__Koebenhavn
H4295,55.68623,12.54574,800,True,simulated_from_model_type,4295,"unset, unset",6100_Brandhaner__Koebenhavn
H4296,55.709682,12.588007,800,True,simulated_from_model_type,4296,"unset, unset",6100_Brandhaner__Koebenhavn
H4297,55.694575,12.564263,800,True,simulated_from_model_type,4297,"unset, unset",6100_Brandhaner__Koebenhavn
H4298,55.693931,12.565364,800,True,simulated_from_model_type,4298,"unset, unset",6100_Brandhaner__Koebenhavn
H4299,55.695142,12.56583,800,True,simulated_from_model_type,4299,"unset, unset",6100_Brandhaner__Koebenhavn
H4300,55.693388,12.58686,800,True,simulated_from_model_type,4300,"unset, unset",6100_Brandhaner__Koebenhavn
H4301,55.693751,12.588182,800,True,simulated_from_model_type,4301,"unset, unset",6100_Brandhaner__Koebenhavn
H4302,55.694399,12.589242,800,True,simulated_from_model_type,4302,"unset, unset",6100_Brandhaner__Koebenhavn
H4303,55.694812,12.588739,800,True,simulated_from_model_type,4303,"unset, unset",6100_Brandhaner__Koebenhavn
H4304,55.694158,12.587682,800,True,simulated_from_model_type,4304,"unset, unset",6100_Brandhaner__Koebenhavn
H4305,55.694512,12.587341,800,True,simulated_from_model_type,4305,"unset, unset",6100_Brandhaner__Koebenhavn
H4306,55.694456,12.565254,800,True,simulated_from_model_type,4306,"unset, unset",6100_Brandhaner__Koebenhavn
H4307,55.694725,12.586332,800,True,simulated_from_model_type,4307,"unset, unset",6100_Brandhaner__Koebenhavn
H4308,55.693672,12.586046,800,True,simulated_from_model_type,4308,"unset, unset",6100_Brandhaner__Koebenhavn
H4309,55.693334,12.56605,800,True,simulated_from_model_type,4309,"unset, unset",6100_Brandhaner__Koebenhavn
H4310,55.692644,12.564834,800,True,simulated_from_model_type,4310,"unset, unset",6100_Brandhaner__Koebenhavn
H4311,55.712051,12.587508,800,True,simulated_from_model_type,4311,"unset, unset",6100_Brandhaner__Koebenhavn
H4312,55.710441,12.58906,800,True,simulated_from_model_type,4312,"unset, unset",6100_Brandhaner__Koebenhavn
H4313,55.710275,12.593735,800,True,simulated_from_model_type,4313,"unset, unset",6100_Brandhaner__Koebenhavn
H4314,55.710074,12.594968,800,True,simulated_from_model_type,4314,"unset, unset",6100_Brandhaner__Koebenhavn
H4315,55.71085,12.594337,800,True,simulated_from_model_type,4315,"unset, unset",6100_Brandhaner__Koebenhavn
H4316,55.711109,12.593779,800,True,simulated_from_model_type,4316,"unset, unset",6100_Brandhaner__Koebenhavn
H4317,55.711682,12.593072,800,True,simulated_from_model_type,4317,"unset, unset",6100_Brandhaner__Koebenhavn
H4318,55.712289,12.592519,800,True,simulated_from_model_type,4318,"unset, unset",6100_Brandhaner__Koebenhavn
H4319,55.711292,12.593101,800,True,simulated_from_model_type,4319,"unset, unset",6100_Brandhaner__Koebenhavn
H4320,55.712666,12.592897,800,True,simulated_from_model_type,4320,"unset, unset",6100_Brandhaner__Koebenhavn
H4321,55.712237,12.595247,800,True,simulated_from_model_type,4321,"unset, unset",6100_Brandhaner__Koebenhavn
H4322,55.712358,12.593929,800,True,simulated_from_model_type,4322,"unset, unset",6100_Brandhaner__Koebenhavn
H4323,55.685695,12.553801,800,True,simulated_from_model_type,4323,"unset, unset",6100_Brandhaner__Koebenhavn
H4324,55.7096,12.591785,800,True,simulated_from_model_type,4324,"unset, unset",6100_Brandhaner__Koebenhavn
H4325,55.685189,12.553503,800,True,simulated_from_model_type,4325,"unset, unset",6100_Brandhaner__Koebenhavn
H4326,55.705991,12.586212,800,True,simulated_from_model_type,4326,"unset, unset",6100_Brandhaner__Koebenhavn
H4327,55.701518,12.577698,800,True,simulated_from_model_type,4327,"unset, unset",6100_Brandhaner__Koebenhavn
H4328,55.70216,12.578784,800,True,simulated_from_model_type,4328,"unset, unset",6100_Brandhaner__Koebenhavn
H4329,55.707145,12.590598,800,True,simulated_from_model_type,4329,"unset, unset",6100_Brandhaner__Koebenhavn
H4330,55.685562,12.552508,800,True,simulated_from_model_type,4330,"unset, unset",6100_Brandhaner__Koebenhavn
H4331,55.699832,12.577792,800,True,simulated_from_model_type,4331,"unset, unset",6100_Brandhaner__Koebenhavn
H4332,55.709333,12.586654,800,True,simulated_from_model_type,4332,"unset, unset",6100_Brandhaner__Koebenhavn
H4333,55.701369,12.580974,800,True,simulated_from_model_type,4333,"unset, unset",6100_Brandhaner__Koebenhavn
H4334,55.715461,12.584106,800,True,simulated_from_model_type,4334,"unset, unset",6100_Brandhaner__Koebenhavn
H4335,55.708576,12.586212,800,True,simulated_from_model_type,4335,"unset, unset",6100_Brandhaner__Koebenhavn
H4336,55.70793,12.586875,800,True,simulated_from_model_type,4336,"unset, unset",6100_Brandhaner__Koebenhavn
H4337,55.700228,12.578911,800,True,simulated_from_model_type,4337,"unset, unset",6100_Brandhaner__Koebenhavn
H4338,55.700028,12.580593,800,True,simulated_from_model_type,4338,"unset, unset",6100_Brandhaner__Koebenhavn
H4339,55.699483,12.5785,800,True,simulated_from_model_type,4339,"unset, unset",6100_Brandhaner__Koebenhavn
H4340,55.708908,12.587454,800,True,simulated_from_model_type,4340,"unset, unset",6100_Brandhaner__Koebenhavn
H4341,55.698834,12.579029,800,True,simulated_from_model_type,4341,"unset, unset",6100_Brandhaner__Koebenhavn
H4342,55.699054,12.577766,800,True,simulated_from_model_type,4342,"unset, unset",6100_Brandhaner__Koebenhavn
H4343,55.707994,12.588216,800,True,simulated_from_model_type,4343,"unset, unset",6100_Brandhaner__Koebenhavn
H4344,55.707166,12.586225,800,True,simulated_from_model_type,4344,"unset, unset",6100_Brandhaner__Koebenhavn
H4345,55.706792,12.587269,800,True,simulated_from_model_type,4345,"unset, unset",6100_Brandhaner__Koebenhavn
H4346,55.706562,12.589859,800,True,simulated_from_model_type,4346,"unset, unset",6100_Brandhaner__Koebenhavn
H4347,55.707567,12.594748,800,True,simulated_from_model_type,4347,"unset, unset",6100_Brandhaner__Koebenhavn
H4348,55.707325,12.593144,800,True,simulated_from_model_type,4348,"unset, unset",6100_Brandhaner__Koebenhavn
H4349,55.685125,12.55226,800,True,simulated_from_model_type,4349,"unset, unset",6100_Brandhaner__Koebenhavn
H4350,55.706856,12.576339,800,True,simulated_from_model_type,4350,"unset, unset",6100_Brandhaner__Koebenhavn
H4351,55.708552,12.59388,800,True,simulated_from_model_type,4351,"unset, unset",6100_Brandhaner__Koebenhavn
H4352,55.707951,12.577243,800,True,simulated_from_model_type,4352,"unset, unset",6100_Brandhaner__Koebenhavn
H4353,55.709141,12.594775,800,True,simulated_from_model_type,4353,"unset, unset",6100_Brandhaner__Koebenhavn
H4354,55.70875,12.577642,800,True,simulated_from_model_type,4354,"unset, unset",6100_Brandhaner__Koebenhavn
H4355,55.695344,12.581267,800,True,simulated_from_model_type,4355,"unset, unset",6100_Brandhaner__Koebenhavn
H4356,55.710335,12.597949,800,True,simulated_from_model_type,4356,"unset, unset",6100_Brandhaner__Koebenhavn
H4357,55.713336,12.595675,800,True,simulated_from_model_type,4357,"unset, unset",6100_Brandhaner__Koebenhavn
H4358,55.709968,12.599783,800,True,simulated_from_model_type,4358,"unset, unset",6100_Brandhaner__Koebenhavn
H4359,55.713109,12.592928,800,True,simulated_from_model_type,4359,"unset, unset",6100_Brandhaner__Koebenhavn
H4360,55.711674,12.604912,800,True,simulated_from_model_type,4360,"unset, unset",6100_Brandhaner__Koebenhavn
H4361,55.707036,12.577582,800,True,simulated_from_model_type,4361,"unset, unset",6100_Brandhaner__Koebenhavn
H4362,55.714195,12.595719,800,True,simulated_from_model_type,4362,"unset, unset",6100_Brandhaner__Koebenhavn
H4363,55.713893,12.593529,800,True,simulated_from_model_type,4363,"unset, unset",6100_Brandhaner__Koebenhavn
H4364,55.715138,12.594416,800,True,simulated_from_model_type,4364,"unset, unset",6100_Brandhaner__Koebenhavn
H4365,55.716393,12.59532,800,True,simulated_from_model_type,4365,"unset, unset",6100_Brandhaner__Koebenhavn
H4366,55.70817,12.596151,800,True,simulated_from_model_type,4366,"unset, unset",6100_Brandhaner__Koebenhavn
H4367,55.707794,12.599656,800,True,simulated_from_model_type,4367,"unset, unset",6100_Brandhaner__Koebenhavn
H4368,55.706907,12.599417,800,True,simulated_from_model_type,4368,"unset, unset",6100_Brandhaner__Koebenhavn
H4369,55.698504,12.585541,800,True,simulated_from_model_type,4369,"unset, unset",6100_Brandhaner__Koebenhavn
H4370,55.707664,12.575942,800,True,simulated_from_model_type,4370,"unset, unset",6100_Brandhaner__Koebenhavn
H4371,55.697947,12.582618,800,True,simulated_from_model_type,4371,"unset, unset",6100_Brandhaner__Koebenhavn
H4372,55.69874,12.581836,800,True,simulated_from_model_type,4372,"unset, unset",6100_Brandhaner__Koebenhavn
H4373,55.712351,12.601549,800,True,simulated_from_model_type,4373,"unset, unset",6100_Brandhaner__Koebenhavn
H4374,55.706263,12.602479,800,True,simulated_from_model_type,4374,"unset, unset",6100_Brandhaner__Koebenhavn
H4375,55.707265,12.60193,800,True,simulated_from_model_type,4375,"unset, unset",6100_Brandhaner__Koebenhavn
H4376,55.707911,12.57837,800,True,simulated_from_model_type,4376,"unset, unset",6100_Brandhaner__Koebenhavn
H4377,55.696607,12.58452,800,True,simulated_from_model_type,4377,"unset, unset",6100_Brandhaner__Koebenhavn
H4378,55.69723,12.584615,800,True,simulated_from_model_type,4378,"unset, unset",6100_Brandhaner__Koebenhavn
H4379,55.696807,12.581747,800,True,simulated_from_model_type,4379,"unset, unset",6100_Brandhaner__Koebenhavn
H4380,55.68527,12.557514,800,True,simulated_from_model_type,4380,"unset, unset",6100_Brandhaner__Koebenhavn
H4381,55.721184,12.602296,800,True,simulated_from_model_type,4381,"unset, unset",6100_Brandhaner__Koebenhavn
H4382,55.685623,12.556635,800,True,simulated_from_model_type,4382,"unset, unset",6100_Brandhaner__Koebenhavn
H4383,55.685972,12.555715,800,True,simulated_from_model_type,4383,"unset, unset",6100_Brandhaner__Koebenhavn
H4384,55.720663,12.604817,800,True,simulated_from_model_type,4384,"unset, unset",6100_Brandhaner__Koebenhavn
H4385,55.720158,12.607299,800,True,simulated_from_model_type,4385,"unset, unset",6100_Brandhaner__Koebenhavn
H4386,55.698125,12.574265,800,True,simulated_from_model_type,4386,"unset, unset",6100_Brandhaner__Koebenhavn
H4387,55.697139,12.572406,800,True,simulated_from_model_type,4387,"unset, unset",6100_Brandhaner__Koebenhavn
H4388,55.717282,12.602223,800,True,simulated_from_model_type,4388,"unset, unset",6100_Brandhaner__Koebenhavn
H4389,55.717045,12.603368,800,True,simulated_from_model_type,4389,"unset, unset",6100_Brandhaner__Koebenhavn
H4390,55.698624,12.576054,800,True,simulated_from_model_type,4390,"unset, unset",6100_Brandhaner__Koebenhavn
H4391,55.715408,12.596238,800,True,simulated_from_model_type,4391,"unset, unset",6100_Brandhaner__Koebenhavn
H4392,55.697386,12.573729,800,True,simulated_from_model_type,4392,"unset, unset",6100_Brandhaner__Koebenhavn
H4393,55.686281,12.552704,800,True,simulated_from_model_type,4393,"unset, unset",6100_Brandhaner__Koebenhavn
H4394,55.704834,12.57619,800,True,simulated_from_model_type,4394,"unset, unset",6100_Brandhaner__Koebenhavn
H4395,55.702091,12.582102,800,True,simulated_from_model_type,4395,"unset, unset",6100_Brandhaner__Koebenhavn
H4396,55.719095,12.606997,800,True,simulated_from_model_type,4396,"unset, unset",6100_Brandhaner__Koebenhavn
H4397,55.716763,12.6055,800,True,simulated_from_model_type,4397,"unset, unset",6100_Brandhaner__Koebenhavn
H4398,55.717951,12.606263,800,True,simulated_from_model_type,4398,"unset, unset",6100_Brandhaner__Koebenhavn
H4399,55.696991,12.575109,800,True,simulated_from_model_type,4399,"unset, unset",6100_Brandhaner__Koebenhavn
H4400,55.69626,12.574995,800,True,simulated_from_model_type,4400,"unset, unset",6100_Brandhaner__Koebenhavn
H4401,55.701634,12.582946,800,True,simulated_from_model_type,4401,"unset, unset",6100_Brandhaner__Koebenhavn
H4402,55.700444,12.582427,800,True,simulated_from_model_type,4402,"unset, unset",6100_Brandhaner__Koebenhavn
H4403,55.699163,12.580976,800,True,simulated_from_model_type,4403,"unset, unset",6100_Brandhaner__Koebenhavn
H4404,55.6995,12.582554,800,True,simulated_from_model_type,4404,"unset, unset",6100_Brandhaner__Koebenhavn
H4405,55.698809,12.583483,800,True,simulated_from_model_type,4405,"unset, unset",6100_Brandhaner__Koebenhavn
H4406,55.699124,12.584896,800,True,simulated_from_model_type,4406,"unset, unset",6100_Brandhaner__Koebenhavn
H4407,55.695835,12.574078,800,True,simulated_from_model_type,4407,"unset, unset",6100_Brandhaner__Koebenhavn
H4408,55.70033,12.585677,800,True,simulated_from_model_type,4408,"unset, unset",6100_Brandhaner__Koebenhavn
H4409,55.699852,12.58419,800,True,simulated_from_model_type,4409,"unset, unset",6100_Brandhaner__Koebenhavn
H4410,55.695519,12.570212,800,True,simulated_from_model_type,4410,"unset, unset",6100_Brandhaner__Koebenhavn
H4411,55.701509,12.58595,800,True,simulated_from_model_type,4411,"unset, unset",6100_Brandhaner__Koebenhavn
H4412,55.697049,12.569339,800,True,simulated_from_model_type,4412,"unset, unset",6100_Brandhaner__Koebenhavn
H4413,55.686872,12.553676,800,True,simulated_from_model_type,4413,"unset, unset",6100_Brandhaner__Koebenhavn
H4414,55.698253,12.567156,800,True,simulated_from_model_type,4414,"unset, unset",6100_Brandhaner__Koebenhavn
H4415,55.70099,12.584396,800,True,simulated_from_model_type,4415,"unset, unset",6100_Brandhaner__Koebenhavn
H4416,55.696237,12.569185,800,True,simulated_from_model_type,4416,"unset, unset",6100_Brandhaner__Koebenhavn
H4417,55.697116,12.567765,800,True,simulated_from_model_type,4417,"unset, unset",6100_Brandhaner__Koebenhavn
H4418,55.695605,12.56661,800,True,simulated_from_model_type,4418,"unset, unset",6100_Brandhaner__Koebenhavn
H4419,55.706553,12.592591,800,True,simulated_from_model_type,4419,"unset, unset",6100_Brandhaner__Koebenhavn
H4420,55.704726,12.590682,2000,True,simulated_from_model_type,4420,"unset, 110 mm",6100_Brandhaner__Koebenhavn
H4421,55.705996,12.57921,800,True,simulated_from_model_type,4421,"unset, unset",6100_Brandhaner__Koebenhavn
H4422,55.715738,12.601718,800,True,simulated_from_model_type,4422,"unset, unset",6100_Brandhaner__Koebenhavn
H4423,55.702341,12.589962,800,True,simulated_from_model_type,4423,"unset, unset",6100_Brandhaner__Koebenhavn
H4424,55.702959,12.58926,800,True,simulated_from_model_type,4424,"unset, unset",6100_Brandhaner__Koebenhavn
H4425,55.704451,12.577777,800,True,simulated_from_model_type,4425,"unset, unset",6100_Brandhaner__Koebenhavn
H4426,55.704615,12.579213,800,True,simulated_from_model_type,4426,"unset, unset",6100_Brandhaner__Koebenhavn
H4427,55.704111,12.589604,800,True,simulated_from_model_type,4427,"unset, unset",6100_Brandhaner__Koebenhavn
H4428,55.698214,12.577431,800,True,simulated_from_model_type,4428,"unset, unset",6100_Brandhaner__Koebenhavn
H4429,55.698122,12.578428,800,True,simulated_from_model_type,4429,"unset, unset",6100_Brandhaner__Koebenhavn
H4430,55.70561,12.590302,800,True,simulated_from_model_type,4430,"unset, unset",6100_Brandhaner__Koebenhavn
H4431,55.698308,12.57937,800,True,simulated_from_model_type,4431,"unset, unset",6100_Brandhaner__Koebenhavn
H4432,55.698369,12.5804,800,True,simulated_from_model_type,4432,"unset, unset",6100_Brandhaner__Koebenhavn
H4433,55.696468,12.580203,800,True,simulated_from_model_type,4433,"unset, unset",6100_Brandhaner__Koebenhavn
H4434,55.723151,12.602022,800,True,simulated_from_model_type,4434,"unset, unset",6100_Brandhaner__Koebenhavn
H4435,55.722813,12.603661,800,True,simulated_from_model_type,4435,"unset, unset",6100_Brandhaner__Koebenhavn
H4436,55.695603,12.579659,800,True,simulated_from_model_type,4436,"unset, unset",6100_Brandhaner__Koebenhavn
H4437,55.705247,12.577568,800,True,simulated_from_model_type,4437,"unset, unset",6100_Brandhaner__Koebenhavn
H4438,55.69725,12.564736,800,True,simulated_from_model_type,4438,"unset, unset",6100_Brandhaner__Koebenhavn
H4439,55.696132,12.565379,800,True,simulated_from_model_type,4439,"unset, unset",6100_Brandhaner__Koebenhavn
H4440,55.697729,12.565731,800,True,simulated_from_model_type,4440,"unset, unset",6100_Brandhaner__Koebenhavn
H4441,55.705567,12.579244,800,True,simulated_from_model_type,4441,"unset, unset",6100_Brandhaner__Koebenhavn
H4442,55.698386,12.564995,800,True,simulated_from_model_type,4442,"unset, unset",6100_Brandhaner__Koebenhavn
H4443,55.697462,12.563603,800,True,simulated_from_model_type,4443,"unset, unset",6100_Brandhaner__Koebenhavn
H4444,55.695988,12.56174,800,True,simulated_from_model_type,4444,"unset, unset",6100_Brandhaner__Koebenhavn
H4445,55.705126,12.579271,800,True,simulated_from_model_type,4445,"unset, unset",6100_Brandhaner__Koebenhavn
H4446,55.696235,12.564007,800,True,simulated_from_model_type,4446,"unset, unset",6100_Brandhaner__Koebenhavn
H4447,55.705477,12.580811,800,True,simulated_from_model_type,4447,"unset, unset",6100_Brandhaner__Koebenhavn
H4448,55.700327,12.575036,800,True,simulated_from_model_type,4448,"unset, unset",6100_Brandhaner__Koebenhavn
H4449,55.712926,12.579568,800,True,simulated_from_model_type,4449,"unset, unset",6100_Brandhaner__Koebenhavn
H4450,55.702425,12.583473,800,True,simulated_from_model_type,4450,"unset, unset",6100_Brandhaner__Koebenhavn
H4451,55.711055,12.579256,800,True,simulated_from_model_type,4451,"unset, unset",6100_Brandhaner__Koebenhavn
H4452,55.71037,12.579386,800,True,simulated_from_model_type,4452,"unset, unset",6100_Brandhaner__Koebenhavn
H4453,55.6909,12.560494,800,True,simulated_from_model_type,4453,"unset, unset",6100_Brandhaner__Koebenhavn
H4454,55.706436,12.58051,800,True,simulated_from_model_type,4454,"unset, unset",6100_Brandhaner__Koebenhavn
H4455,55.691041,12.559634,800,True,simulated_from_model_type,4455,"unset, unset",6100_Brandhaner__Koebenhavn
H4456,55.690303,12.559597,800,True,simulated_from_model_type,4456,"unset, unset",6100_Brandhaner__Koebenhavn
H4457,55.690032,12.560725,800,True,simulated_from_model_type,4457,"unset, unset",6100_Brandhaner__Koebenhavn
H4458,55.691726,12.560877,1600,True,simulated_from_model_type,4458,"unset, 100 mm",6100_Brandhaner__Koebenhavn
H4459,55.700944,12.56183,800,True,simulated_from_model_type,4459,"unset, unset",6100_Brandhaner__Koebenhavn
H4460,55.70374,12.588085,800,True,simulated_from_model_type,4460,"unset, unset",6100_Brandhaner__Koebenhavn
H4461,55.706185,12.577576,800,True,simulated_from_model_type,4461,"unset, unset",6100_Brandhaner__Koebenhavn
H4462,55.690589,12.55823,800,True,simulated_from_model_type,4462,"unset, unset",6100_Brandhaner__Koebenhavn
H4463,55.708635,12.579882,800,True,simulated_from_model_type,4463,"unset, unset",6100_Brandhaner__Koebenhavn
H4464,55.707472,12.580233,800,True,simulated_from_model_type,4464,"unset, unset",6100_Brandhaner__Koebenhavn
H4465,55.70318,12.586206,800,True,simulated_from_model_type,4465,"unset, unset",6100_Brandhaner__Koebenhavn
H4466,55.703459,12.587463,800,True,simulated_from_model_type,4466,"unset, unset",6100_Brandhaner__Koebenhavn
H4467,55.703855,12.586919,800,True,simulated_from_model_type,4467,"unset, unset",6100_Brandhaner__Koebenhavn
H4468,55.689977,12.558871,800,True,simulated_from_model_type,4468,"unset, unset",6100_Brandhaner__Koebenhavn
H4469,55.70362,12.584743,800,True,simulated_from_model_type,4469,"unset, unset",6100_Brandhaner__Koebenhavn
H4470,55.702934,12.584586,800,True,simulated_from_model_type,4470,"unset, unset",6100_Brandhaner__Koebenhavn
H4471,55.689301,12.556684,800,True,simulated_from_model_type,4471,"unset, unset",6100_Brandhaner__Koebenhavn
H4472,55.703344,12.583155,800,True,simulated_from_model_type,4472,"unset, unset",6100_Brandhaner__Koebenhavn
H4473,55.68894,12.558149,800,True,simulated_from_model_type,4473,"unset, unset",6100_Brandhaner__Koebenhavn
H4474,55.689259,12.559989,800,True,simulated_from_model_type,4474,"unset, unset",6100_Brandhaner__Koebenhavn
H4475,55.704393,12.587011,800,True,simulated_from_model_type,4475,"unset, unset",6100_Brandhaner__Koebenhavn
H4476,55.693906,12.560595,800,True,simulated_from_model_type,4476,"unset, unset",6100_Brandhaner__Koebenhavn
H4477,55.705397,12.574545,800,True,simulated_from_model_type,4477,"unset, unset",6100_Brandhaner__Koebenhavn
H4478,55.693411,12.56101,800,True,simulated_from_model_type,4478,"unset, unset",6100_Brandhaner__Koebenhavn
H4479,55.706289,12.572894,800,True,simulated_from_model_type,4479,"unset, unset",6100_Brandhaner__Koebenhavn
H4480,55.706868,12.571821,800,True,simulated_from_model_type,4480,"unset, unset",6100_Brandhaner__Koebenhavn
H4481,55.694199,12.558518,1600,True,simulated_from_model_type,4481,"unset, 100 mm",6100_Brandhaner__Koebenhavn
H4482,55.694998,12.561263,800,True,simulated_from_model_type,4482,"unset, unset",6100_Brandhaner__Koebenhavn
H4483,55.693138,12.559397,800,True,simulated_from_model_type,4483,"unset, unset",6100_Brandhaner__Koebenhavn
H4484,55.688224,12.559526,800,True,simulated_from_model_type,4484,"unset, unset",6100_Brandhaner__Koebenhavn
H4485,55.692539,12.560967,800,True,simulated_from_model_type,4485,"unset, unset",6100_Brandhaner__Koebenhavn
H4486,55.706726,12.581572,800,True,simulated_from_model_type,4486,"unset, unset",6100_Brandhaner__Koebenhavn
H4487,55.695629,12.558725,800,True,simulated_from_model_type,4487,"unset, unset",6100_Brandhaner__Koebenhavn
H4488,55.706219,12.581745,800,True,simulated_from_model_type,4488,"unset, unset",6100_Brandhaner__Koebenhavn
H4489,55.695569,12.556488,800,True,simulated_from_model_type,4489,"unset, unset",6100_Brandhaner__Koebenhavn
H4490,55.696085,12.557803,800,True,simulated_from_model_type,4490,"unset, unset",6100_Brandhaner__Koebenhavn
H4491,55.685214,12.550736,800,True,simulated_from_model_type,4491,"unset, unset",6100_Brandhaner__Koebenhavn
H4492,55.685337,12.548599,800,True,simulated_from_model_type,4492,"unset, unset",6100_Brandhaner__Koebenhavn
H4493,55.686631,12.551746,800,True,simulated_from_model_type,4493,"unset, unset",6100_Brandhaner__Koebenhavn
H4494,55.686131,12.549422,800,True,simulated_from_model_type,4494,"unset, unset",6100_Brandhaner__Koebenhavn
H4495,55.696332,12.556128,800,True,simulated_from_model_type,4495,"unset, unset",6100_Brandhaner__Koebenhavn
H4496,55.686568,12.548877,800,True,simulated_from_model_type,4496,"unset, unset",6100_Brandhaner__Koebenhavn
H4497,55.685489,12.54705,800,True,simulated_from_model_type,4497,"unset, unset",6100_Brandhaner__Koebenhavn
H4498,55.686461,12.54755,800,True,simulated_from_model_type,4498,"unset, unset",6100_Brandhaner__Koebenhavn
H4499,55.688044,12.547313,800,True,simulated_from_model_type,4499,"unset, unset",6100_Brandhaner__Koebenhavn
H4500,55.69267,12.551583,800,True,simulated_from_model_type,4500,"unset, unset",6100_Brandhaner__Koebenhavn
H4501,55.687234,12.547865,800,True,simulated_from_model_type,4501,"unset, unset",6100_Brandhaner__Koebenhavn
H4502,55.686664,12.549444,800,True,simulated_from_model_type,4502,"unset, unset",6100_Brandhaner__Koebenhavn
H4503,55.697242,12.556075,800,True,simulated_from_model_type,4503,"unset, unset",6100_Brandhaner__Koebenhavn
H4504,55.685992,12.550914,800,True,simulated_from_model_type,4504,"unset, unset",6100_Brandhaner__Koebenhavn
H4505,55.68727,12.54941,800,True,simulated_from_model_type,4505,"unset, unset",6100_Brandhaner__Koebenhavn
H4506,55.692912,12.552798,800,True,simulated_from_model_type,4506,"unset, unset",6100_Brandhaner__Koebenhavn
H4507,55.695137,12.55498,800,True,simulated_from_model_type,4507,"unset, unset",6100_Brandhaner__Koebenhavn
H4508,55.688617,12.547596,800,True,simulated_from_model_type,4508,"unset, unset",6100_Brandhaner__Koebenhavn
H4509,55.688076,12.549056,800,True,simulated_from_model_type,4509,"unset, unset",6100_Brandhaner__Koebenhavn
H4510,55.687438,12.550798,800,True,simulated_from_model_type,4510,"unset, unset",6100_Brandhaner__Koebenhavn
H4511,55.693689,12.551628,800,True,simulated_from_model_type,4511,"unset, unset",6100_Brandhaner__Koebenhavn
H4512,55.69395,12.552917,800,True,simulated_from_model_type,4512,"unset, unset",6100_Brandhaner__Koebenhavn
H4513,55.691819,12.553295,800,True,simulated_from_model_type,4513,"unset, unset",6100_Brandhaner__Koebenhavn
H4514,55.691179,12.553807,800,True,simulated_from_model_type,4514,"unset, unset",6100_Brandhaner__Koebenhavn
H4515,55.687777,12.553495,800,True,simulated_from_model_type,4515,"unset, unset",6100_Brandhaner__Koebenhavn
H4516,55.689923,12.555326,800,True,simulated_from_model_type,4516,"unset, unset",6100_Brandhaner__Koebenhavn
H4517,55.703445,12.577616,800,True,simulated_from_model_type,4517,"unset, unset",6100_Brandhaner__Koebenhavn
H4518,55.696958,12.554498,800,True,simulated_from_model_type,4518,"unset, unset",6100_Brandhaner__Koebenhavn
H4519,55.696021,12.554635,800,True,simulated_from_model_type,4519,"unset, unset",6100_Brandhaner__Koebenhavn
H4520,55.690757,12.555755,800,True,simulated_from_model_type,4520,"unset, unset",6100_Brandhaner__Koebenhavn
H4521,55.691394,12.556696,800,True,simulated_from_model_type,4521,"unset, unset",6100_Brandhaner__Koebenhavn
H4522,55.690684,12.554698,800,True,simulated_from_model_type,4522,"unset, unset",6100_Brandhaner__Koebenhavn
H4523,55.689149,12.55519,800,True,simulated_from_model_type,4523,"unset, unset",6100_Brandhaner__Koebenhavn
H4524,55.696848,12.559573,800,True,simulated_from_model_type,4524,"unset, unset",6100_Brandhaner__Koebenhavn
H4525,55.702456,12.577882,800,True,simulated_from_model_type,4525,"unset, unset",6100_Brandhaner__Koebenhavn
H4526,55.703001,12.578448,800,True,simulated_from_model_type,4526,"unset, unset",6100_Brandhaner__Koebenhavn
H4527,55.691443,12.555892,800,True,simulated_from_model_type,4527,"unset, unset",6100_Brandhaner__Koebenhavn
H4528,55.696729,12.557629,800,True,simulated_from_model_type,4528,"unset, unset",6100_Brandhaner__Koebenhavn
H4529,55.688345,12.552877,800,True,simulated_from_model_type,4529,"unset, unset",6100_Brandhaner__Koebenhavn
H4530,55.703866,12.578626,800,True,simulated_from_model_type,4530,"unset, unset",6100_Brandhaner__Koebenhavn
H4531,55.69817,12.561596,800,True,simulated_from_model_type,4531,"unset, unset",6100_Brandhaner__Koebenhavn
H4532,55.704184,12.579759,800,True,simulated_from_model_type,4532,"unset, unset",6100_Brandhaner__Koebenhavn
H4533,55.697184,12.561477,800,True,simulated_from_model_type,4533,"unset, unset",6100_Brandhaner__Koebenhavn
H4534,55.703272,12.580088,800,True,simulated_from_model_type,4534,"unset, unset",6100_Brandhaner__Koebenhavn
H4535,55.702369,12.580586,800,True,simulated_from_model_type,4535,"unset, unset",6100_Brandhaner__Koebenhavn
H4536,55.702581,12.579176,800,True,simulated_from_model_type,4536,"unset, unset",6100_Brandhaner__Koebenhavn
H4537,55.703025,12.581583,800,True,simulated_from_model_type,4537,"unset, unset",6100_Brandhaner__Koebenhavn
H4538,55.694375,12.554404,800,True,simulated_from_model_type,4538,"unset, unset",6100_Brandhaner__Koebenhavn
H4539,55.705438,12.582021,800,True,simulated_from_model_type,4539,"unset, unset",6100_Brandhaner__Koebenhavn
H4540,55.689644,12.554549,800,True,simulated_from_model_type,4540,"unset, unset",6100_Brandhaner__Koebenhavn
H4541,55.705603,12.583525,800,True,simulated_from_model_type,4541,"unset, unset",6100_Brandhaner__Koebenhavn
H4542,55.693868,12.555839,800,True,simulated_from_model_type,4542,"unset, unset",6100_Brandhaner__Koebenhavn
H4543,55.692841,12.555051,800,True,simulated_from_model_type,4543,"unset, unset",6100_Brandhaner__Koebenhavn
H4544,55.692681,12.55605,800,True,simulated_from_model_type,4544,"unset, unset",6100_Brandhaner__Koebenhavn
H4545,55.695946,12.561302,800,True,simulated_from_model_type,4545,"unset, unset",6100_Brandhaner__Koebenhavn
H4546,55.706335,12.583044,800,True,simulated_from_model_type,4546,"unset, unset",6100_Brandhaner__Koebenhavn
H4547,55.691983,12.556707,800,True,simulated_from_model_type,4547,"unset, unset",6100_Brandhaner__Koebenhavn
H4548,55.706531,12.584849,800,True,simulated_from_model_type,4548,"unset, unset",6100_Brandhaner__Koebenhavn
H4549,55.688327,12.554721,800,True,simulated_from_model_type,4549,"unset, unset",6100_Brandhaner__Koebenhavn
H4550,55.691636,12.558269,800,True,simulated_from_model_type,4550,"unset, unset",6100_Brandhaner__Koebenhavn
H4551,55.70576,12.585262,800,True,simulated_from_model_type,4551,"unset, unset",6100_Brandhaner__Koebenhavn
H4552,55.704572,12.58109,800,True,simulated_from_model_type,4552,"unset, unset",6100_Brandhaner__Koebenhavn
H4553,55.704671,12.582598,800,True,simulated_from_model_type,4553,"unset, unset",6100_Brandhaner__Koebenhavn
H4554,55.702625,12.570555,800,True,simulated_from_model_type,4554,"unset, unset",6100_Brandhaner__Koebenhavn
H4555,55.691834,12.559474,800,True,simulated_from_model_type,4555,"unset, unset",6100_Brandhaner__Koebenhavn
H4556,55.690007,12.554038,800,True,simulated_from_model_type,4556,"unset, unset",6100_Brandhaner__Koebenhavn
H4557,55.703918,12.584141,800,True,simulated_from_model_type,4557,"unset, unset",6100_Brandhaner__Koebenhavn
H4558,55.697862,12.556836,800,True,simulated_from_model_type,4558,"unset, unset",6100_Brandhaner__Koebenhavn
H4559,55.705158,12.585472,800,True,simulated_from_model_type,4559,"unset, unset",6100_Brandhaner__Koebenhavn
H4560,55.704646,12.586036,800,True,simulated_from_model_type,4560,"unset, unset",6100_Brandhaner__Koebenhavn
H4561,55.689177,12.553687,800,True,simulated_from_model_type,4561,"unset, unset",6100_Brandhaner__Koebenhavn
H4562,55.698704,12.55867,800,True,simulated_from_model_type,4562,"unset, unset",6100_Brandhaner__Koebenhavn
H4563,55.696874,12.58556,800,True,simulated_from_model_type,4563,"unset, unset",6100_Brandhaner__Koebenhavn
H4564,55.698242,12.593052,800,True,simulated_from_model_type,4564,"unset, unset",6100_Brandhaner__Koebenhavn
H4565,55.68735,12.552413,800,True,simulated_from_model_type,4565,"unset, unset",6100_Brandhaner__Koebenhavn
H4566,55.703859,12.557042,800,True,simulated_from_model_type,4566,"unset, unset",6100_Brandhaner__Koebenhavn
H4567,55.703044,12.556863,800,True,simulated_from_model_type,4567,"unset, unset",6100_Brandhaner__Koebenhavn
H4568,55.702932,12.558281,800,True,simulated_from_model_type,4568,"unset, unset",6100_Brandhaner__Koebenhavn
H4569,55.68599,12.560431,800,True,simulated_from_model_type,4569,"unset, unset",6100_Brandhaner__Koebenhavn
H4570,55.702118,12.557365,800,True,simulated_from_model_type,4570,"unset, unset",6100_Brandhaner__Koebenhavn
H4571,55.685462,12.55959,800,True,simulated_from_model_type,4571,"unset, unset",6100_Brandhaner__Koebenhavn
H4572,55.702333,12.555449,800,True,simulated_from_model_type,4572,"unset, unset",6100_Brandhaner__Koebenhavn
H4573,55.686875,12.55991,800,True,simulated_from_model_type,4573,"unset, unset",6100_Brandhaner__Koebenhavn
H4574,55.687832,12.559967,800,True,simulated_from_model_type,4574,"unset, unset",6100_Brandhaner__Koebenhavn
H4575,55.701439,12.553822,800,True,simulated_from_model_type,4575,"unset, unset",6100_Brandhaner__Koebenhavn
H4576,55.709688,12.582553,800,True,simulated_from_model_type,4576,"unset, unset",6100_Brandhaner__Koebenhavn
H4577,55.68629,12.557916,800,True,simulated_from_model_type,4577,"unset, unset",6100_Brandhaner__Koebenhavn
H4578,55.692422,12.558252,800,True,simulated_from_model_type,4578,"unset, unset",6100_Brandhaner__Koebenhavn
H4579,55.709685,12.581058,800,True,simulated_from_model_type,4579,"unset, unset",6100_Brandhaner__Koebenhavn
H4580,55.69332,12.555093,800,True,simulated_from_model_type,4580,"unset, unset",6100_Brandhaner__Koebenhavn
H4581,55.685988,12.557145,800,True,simulated_from_model_type,4581,"unset, unset",6100_Brandhaner__Koebenhavn
H4582,55.709349,12.581908,800,True,simulated_from_model_type,4582,"unset, unset",6100_Brandhaner__Koebenhavn
H4583,55.686843,12.556617,800,True,simulated_from_model_type,4583,"unset, unset",6100_Brandhaner__Koebenhavn
H4584,55.686943,12.554939,800,True,simulated_from_model_type,4584,"unset, unset",6100_Brandhaner__Koebenhavn
H4585,55.688724,12.556848,800,True,simulated_from_model_type,4585,"unset, unset",6100_Brandhaner__Koebenhavn
H4586,55.687945,12.556013,800,True,simulated_from_model_type,4586,"unset, unset",6100_Brandhaner__Koebenhavn
H4587,55.687576,12.557489,800,True,simulated_from_model_type,4587,"unset, unset",6100_Brandhaner__Koebenhavn
H4588,55.708929,12.585295,800,True,simulated_from_model_type,4588,"unset, unset",6100_Brandhaner__Koebenhavn
H4589,55.687294,12.558649,800,True,simulated_from_model_type,4589,"unset, unset",6100_Brandhaner__Koebenhavn
H4590,55.707854,12.585324,800,True,simulated_from_model_type,4590,"unset, unset",6100_Brandhaner__Koebenhavn
H4591,55.688137,12.5572,800,True,simulated_from_model_type,4591,"unset, unset",6100_Brandhaner__Koebenhavn
H4592,55.708598,12.584451,800,True,simulated_from_model_type,4592,"unset, unset",6100_Brandhaner__Koebenhavn
H4593,55.690247,12.542281,800,True,simulated_from_model_type,4593,"unset, unset",6100_Brandhaner__Koebenhavn
H4594,55.707289,12.584526,800,True,simulated_from_model_type,4594,"unset, unset",6100_Brandhaner__Koebenhavn
H4595,55.70791,12.583955,800,True,simulated_from_model_type,4595,"unset, unset",6100_Brandhaner__Koebenhavn
H4596,55.709047,12.583567,800,True,simulated_from_model_type,4596,"unset, unset",6100_Brandhaner__Koebenhavn
H4597,55.705411,12.561058,800,True,simulated_from_model_type,4597,"unset, unset",6100_Brandhaner__Koebenhavn
H4598,55.707918,12.58209,800,True,simulated_from_model_type,4598,"unset, unset",6100_Brandhaner__Koebenhavn
H4599,55.707915,12.58055,800,True,simulated_from_model_type,4599,"unset, unset",6100_Brandhaner__Koebenhavn
H4600,55.70858,12.582153,800,True,simulated_from_model_type,4600,"unset, unset",6100_Brandhaner__Koebenhavn
H4601,55.689493,12.543513,800,True,simulated_from_model_type,4601,"unset, unset",6100_Brandhaner__Koebenhavn
H4602,55.698337,12.559601,800,True,simulated_from_model_type,4602,"unset, unset",6100_Brandhaner__Koebenhavn
H4603,55.708682,12.581289,800,True,simulated_from_model_type,4603,"unset, unset",6100_Brandhaner__Koebenhavn
H4604,55.709041,12.580439,800,True,simulated_from_model_type,4604,"unset, unset",6100_Brandhaner__Koebenhavn
H4605,55.706714,12.5786,800,True,simulated_from_model_type,4605,"unset, unset",6100_Brandhaner__Koebenhavn
H4606,55.708187,12.574913,800,True,simulated_from_model_type,4606,"unset, unset",6100_Brandhaner__Koebenhavn
H4607,55.707459,12.575216,800,True,simulated_from_model_type,4607,"unset, unset",6100_Brandhaner__Koebenhavn
H4608,55.689347,12.544533,800,True,simulated_from_model_type,4608,"unset, unset",6100_Brandhaner__Koebenhavn
H4609,55.689177,12.546052,800,True,simulated_from_model_type,4609,"unset, unset",6100_Brandhaner__Koebenhavn
H4610,55.702475,12.560817,800,True,simulated_from_model_type,4610,"unset, unset",6100_Brandhaner__Koebenhavn
H4611,55.702811,12.56205,800,True,simulated_from_model_type,4611,"unset, unset",6100_Brandhaner__Koebenhavn
H4612,55.704482,12.562237,800,True,simulated_from_model_type,4612,"unset, unset",6100_Brandhaner__Koebenhavn
H4613,55.696188,12.57146,800,True,simulated_from_model_type,4613,"unset, unset",6100_Brandhaner__Koebenhavn
H4614,55.689022,12.542325,800,True,simulated_from_model_type,4614,"unset, unset",6100_Brandhaner__Koebenhavn
H4615,55.697814,12.557631,800,True,simulated_from_model_type,4615,"unset, unset",6100_Brandhaner__Koebenhavn
H4616,55.688706,12.543801,800,True,simulated_from_model_type,4616,"unset, unset",6100_Brandhaner__Koebenhavn
H4617,55.688026,12.541475,800,True,simulated_from_model_type,4617,"unset, unset",6100_Brandhaner__Koebenhavn
H4618,55.688661,12.540971,800,True,simulated_from_model_type,4618,"unset, unset",6100_Brandhaner__Koebenhavn
H4619,55.690695,12.54295,800,True,simulated_from_model_type,4619,"unset, unset",6100_Brandhaner__Koebenhavn
H4620,55.704242,12.522569,800,True,simulated_from_model_type,4620,,6100_Brandhaner__Koebenhavn
H4621,55.703412,12.524026,800,True,simulated_from_model_type,4621,,6100_Brandhaner__Koebenhavn
H4622,55.658229,12.515437,800,True,simulated_from_model_type,4622,,6100_Brandhaner__Koebenhavn
H4623,55.722516,12.602023,800,True,simulated_from_model_type,4623,,6100_Brandhaner__Koebenhavn
H4624,55.660246,12.543696,800,True,simulated_from_model_type,4624,,6100_Brandhaner__Koebenhavn
H4625,55.663568,12.541659,800,True,simulated_from_model_type,4625,,6100_Brandhaner__Koebenhavn
H4626,55.661917,12.564834,800,True,simulated_from_model_type,4626,,6100_Brandhaner__Koebenhavn
H4627,55.647755,12.53425,800,True,simulated_from_model_type,4627,,6100_Brandhaner__Koebenhavn
H4628,55.688712,12.543138,800,True,simulated_from_model_type,4628,,6100_Brandhaner__Koebenhavn
H4629,55.664592,12.49486,800,True,simulated_from_model_type,4629,,6100_Brandhaner__Koebenhavn
H4630,55.66736,12.531212,800,True,simulated_from_model_type,4630,,6100_Brandhaner__Koebenhavn
H4631,55.666424,12.53413,800,True,simulated_from_model_type,4631,,6100_Brandhaner__Koebenhavn
H4632,55.677062,12.567698,800,True,simulated_from_model_type,4632,,6100_Brandhaner__Koebenhavn
H4633,55.661672,12.540495,800,True,simulated_from_model_type,4633,,6100_Brandhaner__Koebenhavn
H4634,55.661219,12.540097,800,True,simulated_from_model_type,4634,,6100_Brandhaner__Koebenhavn
H4635,55.649756,12.552664,800,True,simulated_from_model_type,4635,,6100_Brandhaner__Koebenhavn
H4636,55.649666,12.551879,800,True,simulated_from_model_type,4636,,6100_Brandhaner__Koebenhavn
H4637,55.668688,12.569846,800,True,simulated_from_model_type,4637,,6100_Brandhaner__Koebenhavn
H4638,55.668,12.568359,800,True,simulated_from_model_type,4638,,6100_Brandhaner__Koebenhavn
H4639,55.667645,12.567569,800,True,simulated_from_model_type,4639,,6100_Brandhaner__Koebenhavn
H4640,55.667125,12.566485,800,True,simulated_from_model_type,4640,,6100_Brandhaner__Koebenhavn
H4641,55.697589,12.576403,800,True,simulated_from_model_type,4641,,6100_Brandhaner__Koebenhavn
H4642,55.652701,12.541464,800,True,simulated_from_model_type,4642,,6100_Brandhaner__Koebenhavn
H4643,55.716471,12.459424,800,True,simulated_from_model_type,4643,,6100_Brandhaner__Koebenhavn
H4644,55.693322,12.506486,800,True,simulated_from_model_type,4644,,6100_Brandhaner__Koebenhavn
H4645,55.697999,12.495402,800,True,simulated_from_model_type,4645,,6100_Brandhaner__Koebenhavn
H4646,55.713753,12.616442,800,True,simulated_from_model_type,4646,,6100_Brandhaner__Koebenhavn
H4647,55.712988,12.615844,800,True,simulated_from_model_type,4647,,6100_Brandhaner__Koebenhavn
H4648,55.714443,12.614203,800,True,simulated_from_model_type,4648,,6100_Brandhaner__Koebenhavn
H4649,55.719494,12.611158,800,True,simulated_from_model_type,4649,,6100_Brandhaner__Koebenhavn
H4650,55.719842,12.609466,800,True,simulated_from_model_type,4650,,6100_Brandhaner__Koebenhavn
H4651,55.717993,12.618276,800,True,simulated_from_model_type,4651,,6100_Brandhaner__Koebenhavn
H4652,55.718731,12.614807,800,True,simulated_from_model_type,4652,,6100_Brandhaner__Koebenhavn
H4653,55.719117,12.612992,800,True,simulated_from_model_type,4653,,6100_Brandhaner__Koebenhavn
H4654,55.718339,12.616648,800,True,simulated_from_model_type,4654,,6100_Brandhaner__Koebenhavn
H4655,55.71785,12.619977,800,True,simulated_from_model_type,4655,,6100_Brandhaner__Koebenhavn
H4656,55.661411,12.536852,800,True,simulated_from_model_type,4656,,6100_Brandhaner__Koebenhavn
H4657,55.695891,12.523608,800,True,simulated_from_model_type,4657,,6100_Brandhaner__Koebenhavn
H4658,55.708568,12.551731,800,True,simulated_from_model_type,4658,,6100_Brandhaner__Koebenhavn
H4659,55.705049,12.59668,800,True,simulated_from_model_type,4659,,6100_Brandhaner__Koebenhavn
H4660,55.705254,12.598619,800,True,simulated_from_model_type,4660,,6100_Brandhaner__Koebenhavn
H4661,55.704702,12.598503,800,True,simulated_from_model_type,4661,,6100_Brandhaner__Koebenhavn
H4662,55.704032,12.597204,800,True,simulated_from_model_type,4662,,6100_Brandhaner__Koebenhavn
H4663,55.704548,12.596656,800,True,simulated_from_model_type,4663,,6100_Brandhaner__Koebenhavn
H4664,55.659253,12.510743,800,True,simulated_from_model_type,4664,,6100_Brandhaner__Koebenhavn
H4665,55.707894,12.597555,800,True,simulated_from_model_type,4665,,6100_Brandhaner__Koebenhavn
H4666,55.649999,12.555262,800,True,simulated_from_model_type,4666,,6100_Brandhaner__Koebenhavn
H4667,55.70768,12.596212,800,True,simulated_from_model_type,4667,,6100_Brandhaner__Koebenhavn
H4668,55.707155,12.596368,800,True,simulated_from_model_type,4668,,6100_Brandhaner__Koebenhavn
H4669,55.706853,12.598726,800,True,simulated_from_model_type,4669,,6100_Brandhaner__Koebenhavn
H4670,55.706751,12.594675,800,True,simulated_from_model_type,4670,,6100_Brandhaner__Koebenhavn
H4671,55.69712,12.583128,800,True,simulated_from_model_type,4671,,6100_Brandhaner__Koebenhavn
H4672,55.70762,12.598746,800,True,simulated_from_model_type,4672,,6100_Brandhaner__Koebenhavn
H4673,55.672201,12.50003,1600,True,simulated_from_model_type,4673,Brandhane 100 mm,6100_Brandhaner__Frederiksberg
H4674,55.672472,12.500647,1600,True,simulated_from_model_type,4674,Brandhane 100 mm,6100_Brandhaner__Frederiksberg
H4675,55.672513,12.498637,1600,True,simulated_from_model_type,4675,Brandhane 100 mm,6100_Brandhaner__Frederiksberg
H4676,55.672079,12.50517,1600,True,simulated_from_model_type,4676,Brandhane 100 mm,6100_Brandhaner__Frederiksberg
H4677,55.672477,12.502623,1600,True,simulated_from_model_type,4677,Brandhane 100 mm,6100_Brandhaner__Frederiksberg
H4678,55.671949,12.499566,1600,True,simulated_from_model_type,4678,Brandhane 100 mm,6100_Brandhaner__Frederiksberg
H4679,55.669914,12.501795,1600,True,simulated_from_model_type,4679,Brandhane 100 mm,6100_Brandhaner__Frederiksberg
H4680,55.670716,12.503,1600,True,simulated_from_model_type,4680,Brandhane 100 mm,6100_Brandhaner__Frederiksberg
H4681,55.669556,12.507798,1600,True,simulated_from_model_type,4681,Brandhane 100 mm,6100_Brandhaner__Frederiksberg
H4682,55.672329,12.507908,1600,True,simulated_from_model_type,4682,Brandhane 100 mm,6100_Brandhaner__Frederiksberg
H4683,55.67059,12.500717,1600,True,simulated_from_model_type,4683,Brandhane 100 mm,6100_Brandhaner__Frederiksberg
H4684,55.67133,12.502349,1600,True,simulated_from_model_type,4684,Brandhane 100 mm,6100_Brandhaner__Frederiksberg
H4685,55.671491,12.500633,1600,True,simulated_from_model_type,4685,Brandhane 100 mm,6100_Brandhaner__Frederiksberg
H4686,55.672392,12.504795,1600,True,simulated_from_model_type,4686,Brandhane 100 mm,6100_Brandhaner__Frederiksberg
H4687,55.669741,12.505248,1600,True,simulated_from_model_type,4687,Brandhane 100 mm,6100_Brandhaner__Frederiksberg
H4688,55.670262,12.505748,1600,True,simulated_from_model_type,4688,Brandhane 100 mm,6100_Brandhaner__Frederiksberg
H4689,55.670759,12.506261,1600,True,simulated_from_model_type,4689,Brandhane 100 mm,6100_Brandhaner__Frederiksberg
H4690,55.671727,12.507046,1600,True,simulated_from_model_type,4690,Brandhane 100 mm,6100_Brandhaner__Frederiksberg
H4691,55.671247,12.506811,1600,True,simulated_from_model_type,4691,Brandhane 100 mm,6100_Brandhaner__Frederiksberg
H4692,55.669646,12.499787,1600,True,simulated_from_model_type,4692,Brandhane 100 mm,6100_Brandhaner__Frederiksberg
H4693,55.66944,12.505368,600,True,simulated_from_model_type,4693,Brandhane 50 mm,6100_Brandhaner__Frederiksberg
H4694,55.672233,12.498438,1600,True,simulated_from_model_type,4694,Brandhane 100 mm,6100_Brandhaner__Frederiksberg
H4695,55.672135,12.503475,1600,True,simulated_from_model_type,4695,Brandhane 100 mm,6100_Brandhaner__Frederiksberg
H4696,55.67099,12.504622,1600,True,simulated_from_model_type,4696,Brandhane 100 mm,6100_Brandhaner__Frederiksberg
H4697,55.670845,12.50403,1600,True,simulated_from_model_type,4697,Brandhane 100 mm,6100_Brandhaner__Frederiksberg
H4698,55.671349,12.498046,1600,True,simulated_from_model_type,4698,Brandhane 100 mm,6100_Brandhaner__Frederiksberg
H4699,55.670613,12.49799,1600,True,simulated_from_model_type,4699,Brandhane 100 mm,6100_Brandhaner__Frederiksberg
H4700,55.66994,12.499449,1600,True,simulated_from_model_type,4700,Brandhane 100 mm,6100_Brandhaner__Frederiksberg
H4701,55.669846,12.496325,1600,True,simulated_from_model_type,4701,Brandhane 100 mm,6100_Brandhaner__Frederiksberg
H4702,55.672273,12.495819,1200,True,simulated_from_model_type,4702,Brandhane 80 mm,6100_Brandhaner__Frederiksberg
H4703,55.672576,12.495193,1200,True,simulated_from_model_type,4703,Brandhane 80 mm,6100_Brandhaner__Frederiksberg
H4704,55.672557,12.496328,1600,True,simulated_from_model_type,4704,Brandhane 100 mm,6100_Brandhaner__Frederiksberg
H4705,55.670634,12.496801,1600,True,simulated_from_model_type,4705,Brandhane 100 mm,6100_Brandhaner__Frederiksberg
H4706,55.671373,12.49667,1600,True,simulated_from_model_type,4706,Brandhane 100 mm,6100_Brandhaner__Frederiksberg
H4707,55.674839,12.548093,1200,True,simulated_from_model_type,4707,Brandhane 80 mm,6100_Brandhaner__Frederiksberg
H4708,55.675164,12.551612,1200,True,simulated_from_model_type,4708,Brandhane 80 mm,6100_Brandhaner__Frederiksberg
H4709,55.675971,12.55256,1600,True,simulated_from_model_type,4709,Brandhane 100 mm,6100_Brandhaner__Frederiksberg
H4710,55.676029,12.552825,1200,True,simulated_from_model_type,4710,Brandhane 80 mm,6100_Brandhaner__Frederiksberg
H4711,55.673357,12.547766,1600,True,simulated_from_model_type,4711,Brandhane 100 mm,6100_Brandhaner__Frederiksberg
H4712,55.676069,12.552036,1200,True,simulated_from_model_type,4712,Brandhane 80 mm,6100_Brandhaner__Frederiksberg
H4713,55.673572,12.545862,1600,True,simulated_from_model_type,4713,Brandhane 100 mm,6100_Brandhaner__Frederiksberg
H4714,55.672877,12.549804,1600,True,simulated_from_model_type,4714,Brandhane 100 mm,6100_Brandhaner__Frederiksberg
H4715,55.675949,12.546374,1600,True,simulated_from_model_type,4715,Brandhane 100 mm,6100_Brandhaner__Frederiksberg
H4716,55.6755,12.554541,1600,True,simulated_from_model_type,4716,Brandhane 100 mm,6100_Brandhaner__Frederiksberg
H4717,55.674239,12.554908,1600,True,simulated_from_model_type,4717,Brandhane 100 mm,6100_Brandhaner__Frederiksberg
H4718,55.674349,12.547388,1600,True,simulated_from_model_type,4718,Brandhane 100 mm,6100_Brandhaner__Frederiksberg
H4719,55.67375,12.554174,1600,True,simulated_from_model_type,4719,Brandhane 100 mm,6100_Brandhaner__Frederiksberg
H4720,55.675312,12.547163,1600,True,simulated_from_model_type,4720,Brandhane 100 mm,6100_Brandhaner__Frederiksberg
H4721,55.675321,12.545888,1200,True,simulated_from_model_type,4721,Brandhane 80 mm,6100_Brandhaner__Frederiksberg
H4722,55.673946,12.552938,1600,True,simulated_from_model_type,4722,Brandhane 100 mm,6100_Brandhaner__Frederiksberg
H4723,55.674445,12.55252,1600,True,simulated_from_model_type,4723,Brandhane 100 mm,6100_Brandhaner__Frederiksberg
H4724,55.674485,12.55054,1600,True,simulated_from_model_type,4724,Brandhane 100 mm,6100_Brandhaner__Frederiksberg
H4725,55.674996,12.548146,1600,True,simulated_from_model_type,4725,Brandhane 100 mm,6100_Brandhaner__Frederiksberg
H4726,55.674638,12.548974,1600,True,simulated_from_model_type,4726,Brandhane 100 mm,6100_Brandhaner__Frederiksberg
H4727,55.67587,12.550055,1200,True,simulated_from_model_type,4727,Brandhane 80 mm,6100_Brandhaner__Frederiksberg
H4728,55.673822,12.549756,1600,True,simulated_from_model_type,4728,Brandhane 100 mm,6100_Brandhaner__Frederiksberg
H4729,55.673407,12.549843,1200,True,simulated_from_model_type,4729,Brandhane 80 mm,6100_Brandhaner__Frederiksberg
H4730,55.674918,12.551607,1600,True,simulated_from_model_type,4730,Brandhane 100 mm,6100_Brandhaner__Frederiksberg
H4731,55.675098,12.552834,1600,True,simulated_from_model_type,4731,Brandhane 100 mm,6100_Brandhaner__Frederiksberg
H4732,55.675821,12.553213,1600,True,simulated_from_model_type,4732,Brandhane 100 mm,6100_Brandhaner__Frederiksberg
H4733,55.675819,12.55092,1200,True,simulated_from_model_type,4733,Brandhane 80 mm,6100_Brandhaner__Frederiksberg
H4734,55.675146,12.550307,600,True,simulated_from_model_type,4734,Brandhane 50 mm,6100_Brandhaner__Frederiksberg
H4735,55.674657,12.551065,1200,True,simulated_from_model_type,4735,Brandhane 80 mm,6100_Brandhaner__Frederiksberg
H4736,55.675553,12.548193,1200,True,simulated_from_model_type,4736,Brandhane 80 mm,6100_Brandhaner__Frederiksberg
H4737,55.675857,12.54723,1600,True,simulated_from_model_type,4737,Brandhane 100 mm,6100_Brandhaner__Frederiksberg
H4738,55.674832,12.545684,600,True,simulated_from_model_type,4738,Brandhane 50 mm,6100_Brandhaner__Frederiksberg
H4739,55.674167,12.545321,600,True,simulated_from_model_type,4739,Brandhane 50 mm,6100_Brandhaner__Frederiksberg
H4740,55.672442,12.545204,1600,True,simulated_from_model_type,4740,Brandhane 100 mm,6100_Brandhaner__Frederiksberg
H4741,55.673697,12.546986,1600,True,simulated_from_model_type,4741,Brandhane 100 mm,6100_Brandhaner__Frederiksberg
H4742,55.673175,12.546251,1600,True,simulated_from_model_type,4742,Brandhane 100 mm,6100_Brandhaner__Frederiksberg
H4743,55.673167,12.54866,1200,True,simulated_from_model_type,4743,Brandhane 80 mm,6100_Brandhaner__Frederiksberg
H4744,55.675213,12.549856,1600,True,simulated_from_model_type,4744,Brandhane 100 mm,6100_Brandhaner__Frederiksberg
H4745,55.674761,12.554906,1600,True,simulated_from_model_type,4745,Brandhane 100 mm,6100_Brandhaner__Frederiksberg
H4746,55.674516,12.54718,600,True,simulated_from_model_type,4746,Brandhane 50 mm,6100_Brandhaner__Frederiksberg
H4747,55.675557,12.554231,1600,True,simulated_from_model_type,4747,Brandhane 100 mm,6100_Brandhaner__Frederiksberg
H4748,55.674295,12.553192,1600,True,simulated_from_model_type,4748,Brandhane 100 mm,6100_Brandhaner__Frederiksberg
H4749,55.678708,12.554983,1600,True,simulated_from_model_type,4749,Brandhane 100 mm,6100_Brandhaner__Frederiksberg
H4750,55.677017,12.549086,1200,True,simulated_from_model_type,4750,Brandhane 80 mm,6100_Brandhaner__Frederiksberg
H4751,55.680539,12.553591,1200,True,simulated_from_model_type,4751,Brandhane 80 mm,6100_Brandhaner__Frederiksberg
H4752,55.676531,12.550781,1200,True,simulated_from_model_type,4752,Brandhane 80 mm,6100_Brandhaner__Frederiksberg
H4753,55.679558,12.550281,1200,True,simulated_from_model_type,4753,Brandhane 80 mm,6100_Brandhaner__Frederiksberg
H4754,55.679704,12.54887,1200,True,simulated_from_model_type,4754,Brandhane 80 mm,6100_Brandhaner__Frederiksberg
H4755,55.678164,12.549999,1200,True,simulated_from_model_type,4755,Brandhane 80 mm,6100_Brandhaner__Frederiksberg
H4756,55.677243,12.547994,1200,True,simulated_from_model_type,4756,Brandhane 80 mm,6100_Brandhaner__Frederiksberg
H4757,55.677809,12.552778,1600,True,simulated_from_model_type,4757,Brandhane 100 mm,6100_Brandhaner__Frederiksberg
H4758,55.678947,12.547752,1200,True,simulated_from_model_type,4758,Brandhane 80 mm,6100_Brandhaner__Frederiksberg
H4759,55.679374,12.54767,1600,True,simulated_from_model_type,4759,Brandhane 100 mm,6100_Brandhaner__Frederiksberg
H4760,55.676721,12.546226,1600,True,simulated_from_model_type,4760,Brandhane 100 mm,6100_Brandhaner__Frederiksberg
H4761,55.67627,12.545588,1600,True,simulated_from_model_type,4761,Brandhane 100 mm,6100_Brandhaner__Frederiksberg
H4762,55.681003,12.545432,1200,True,simulated_from_model_type,4762,Brandhane 80 mm,6100_Brandhaner__Frederiksberg
H4763,55.680469,12.547769,1200,True,simulated_from_model_type,4763,Brandhane 80 mm,6100_Brandhaner__Frederiksberg
H4764,55.679968,12.556009,600,True,simulated_from_model_type,4764,Brandhane 50 mm,6100_Brandhaner__Frederiksberg
H4765,55.677433,12.546404,1600,True,simulated_from_model_type,4765,Brandhane 100 mm,6100_Brandhaner__Frederiksberg
H4766,55.677708,12.545388,600,True,simulated_from_model_type,4766,Brandhane 50 mm,6100_Brandhaner__Frederiksberg
H4767,55.680018,12.546549,600,True,simulated_from_model_type,4767,Brandhane 50 mm,6100_Brandhaner__Frederiksberg
H4768,55.678733,12.55578,600,True,simulated_from_model_type,4768,Brandhane 50 mm,6100_Brandhaner__Frederiksberg
H4769,55.679479,12.551885,1600,True,simulated_from_model_type,4769,Brandhane 100 mm,6100_Brandhaner__Frederiksberg
H4770,55.678683,12.551329,1200,True,simulated_from_model_type,4770,Brandhane 80 mm,6100_Brandhaner__Frederiksberg
H4771,55.678553,12.550983,600,True,simulated_from_model_type,4771,Brandhane 50 mm,6100_Brandhaner__Frederiksberg
H4772,55.679932,12.553811,600,True,simulated_from_model_type,4772,Brandhane 50 mm,6100_Brandhaner__Frederiksberg
H4773,55.679438,12.553298,1200,True,simulated_from_model_type,4773,Brandhane 80 mm,6100_Brandhaner__Frederiksberg
H4774,55.678457,12.552082,1200,True,simulated_from_model_type,4774,Brandhane 80 mm,6100_Brandhaner__Frederiksberg
H4775,55.67628,12.554121,1600,True,simulated_from_model_type,4775,Brandhane 100 mm,6100_Brandhaner__Frederiksberg
H4776,55.679416,12.549484,1600,True,simulated_from_model_type,4776,Brandhane 100 mm,6100_Brandhaner__Frederiksberg
H4777,55.678947,12.550466,1200,True,simulated_from_model_type,4777,Brandhane 80 mm,6100_Brandhaner__Frederiksberg
H4778,55.676352,12.548886,1200,True,simulated_from_model_type,4778,Brandhane 80 mm,6100_Brandhaner__Frederiksberg
H4779,55.677611,12.554172,1600,True,simulated_from_model_type,4779,Brandhane 100 mm,6100_Brandhaner__Frederiksberg
H4780,55.677247,12.551037,1200,True,simulated_from_model_type,4780,Brandhane 80 mm,6100_Brandhaner__Frederiksberg
H4781,55.677638,12.552788,1600,True,simulated_from_model_type,4781,Brandhane 100 mm,6100_Brandhaner__Frederiksberg
H4782,55.678581,12.547505,1600,True,simulated_from_model_type,4782,Brandhane 100 mm,6100_Brandhaner__Frederiksberg
H4783,55.680601,12.546413,1600,True,simulated_from_model_type,4783,Brandhane 100 mm,6100_Brandhaner__Frederiksberg
H4784,55.678802,12.550175,1200,True,simulated_from_model_type,4784,Brandhane 80 mm,6100_Brandhaner__Frederiksberg
H4785,55.678937,12.548991,1600,True,simulated_from_model_type,4785,Brandhane 100 mm,6100_Brandhaner__Frederiksberg
H4786,55.678365,12.549242,600,True,simulated_from_model_type,4786,Brandhane 50 mm,6100_Brandhaner__Frederiksberg
H4787,55.678095,12.548684,1600,True,simulated_from_model_type,4787,Brandhane 100 mm,6100_Brandhaner__Frederiksberg
H4788,55.676535,12.547843,1600,True,simulated_from_model_type,4788,Brandhane 100 mm,6100_Brandhaner__Frederiksberg
H4789,55.680274,12.552333,1200,True,simulated_from_model_type,4789,Brandhane 80 mm,6100_Brandhaner__Frederiksberg
H4790,55.680584,12.55186,1600,True,simulated_from_model_type,4790,Brandhane 100 mm,6100_Brandhaner__Frederiksberg
H4791,55.679395,12.54611,1600,True,simulated_from_model_type,4791,Brandhane 100 mm,6100_Brandhaner__Frederiksberg
H4792,55.679133,12.554589,1200,True,simulated_from_model_type,4792,Brandhane 80 mm,6100_Brandhaner__Frederiksberg
H4793,55.679818,12.55167,1600,True,simulated_from_model_type,4793,Brandhane 100 mm,6100_Brandhaner__Frederiksberg
H4794,55.666783,12.523044,1200,True,simulated_from_model_type,4794,Brandhane 80 mm,6100_Brandhaner__Frederiksberg
H4795,55.671688,12.541085,1600,True,simulated_from_model_type,4795,Brandhane 100 mm,6100_Brandhaner__Frederiksberg
H4796,55.671682,12.538334,1600,True,simulated_from_model_type,4796,Brandhane 100 mm,6100_Brandhaner__Frederiksberg
H4797,55.670634,12.53942,1600,True,simulated_from_model_type,4797,Brandhane 100 mm,6100_Brandhaner__Frederiksberg
H4798,55.67128,12.539442,1600,True,simulated_from_model_type,4798,Brandhane 100 mm,6100_Brandhaner__Frederiksberg
H4799,55.670368,12.536175,1200,True,simulated_from_model_type,4799,Brandhane 80 mm,6100_Brandhaner__Frederiksberg
H4800,55.669132,12.533686,1600,True,simulated_from_model_type,4800,Brandhane 100 mm,6100_Brandhaner__Frederiksberg
H4801,55.669865,12.536261,1600,True,simulated_from_model_type,4801,Brandhane 100 mm,6100_Brandhaner__Frederiksberg
H4802,55.670749,12.533409,1200,True,simulated_from_model_type,4802,Brandhane 80 mm,6100_Brandhaner__Frederiksberg
H4803,55.670636,12.535066,1600,True,simulated_from_model_type,4803,Brandhane 100 mm,6100_Brandhaner__Frederiksberg
H4804,55.670244,12.533489,600,True,simulated_from_model_type,4804,Brandhane 50 mm,6100_Brandhaner__Frederiksberg
H4805,55.670326,12.539184,1600,True,simulated_from_model_type,4805,Brandhane 100 mm,6100_Brandhaner__Frederiksberg
H4806,55.67211,12.534897,600,True,simulated_from_model_type,4806,Brandhane 50 mm,6100_Brandhaner__Frederiksberg
H4807,55.671927,12.537288,1600,True,simulated_from_model_type,4807,Brandhane 100 mm,6100_Brandhaner__Frederiksberg
H4808,55.669656,12.533309,1600,True,simulated_from_model_type,4808,Brandhane 100 mm,6100_Brandhaner__Frederiksberg
H4809,55.670016,12.534552,1600,True,simulated_from_model_type,4809,Brandhane 100 mm,6100_Brandhaner__Frederiksberg
H4810,55.67129,12.535363,1600,True,simulated_from_model_type,4810,Brandhane 100 mm,6100_Brandhaner__Frederiksberg
H4811,55.671611,12.533513,1200,True,simulated_from_model_type,4811,Brandhane 80 mm,6100_Brandhaner__Frederiksberg
H4812,55.671117,12.536969,1200,True,simulated_from_model_type,4812,Brandhane 80 mm,6100_Brandhaner__Frederiksberg
H4813,55.671588,12.537352,1600,True,simulated_from_model_type,4813,Brandhane 100 mm,6100_Brandhaner__Frederiksberg
H4814,55.669522,12.535035,1600,True,simulated_from_model_type,4814,Brandhane 100 mm,6100_Brandhaner__Frederiksberg
H4815,55.67075,12.538241,1200,True,simulated_from_model_type,4815,Brandhane 80 mm,6100_Brandhaner__Frederiksberg
H4816,55.670455,12.537499,1600,True,simulated_from_model_type,4816,Brandhane 100 mm,6100_Brandhaner__Frederiksberg
H4817,55.671736,12.522285,1600,True,simulated_from_model_type,4817,Brandhane 100 mm,6100_Brandhaner__Frederiksberg
H4818,55.672232,12.524808,1600,True,simulated_from_model_type,4818,Brandhane 100 mm,6100_Brandhaner__Frederiksberg
H4819,55.669616,12.530964,1600,True,simulated_from_model_type,4819,Brandhane 100 mm,6100_Brandhaner__Frederiksberg
H4820,55.668683,12.530702,1200,True,simulated_from_model_type,4820,Brandhane 80 mm,6100_Brandhaner__Frederiksberg
H4821,55.671287,12.526552,1600,True,simulated_from_model_type,4821,Brandhane 100 mm,6100_Brandhaner__Frederiksberg
H4822,55.671155,12.528346,1200,True,simulated_from_model_type,4822,Brandhane 80 mm,6100_Brandhaner__Frederiksberg
H4823,55.671621,12.529978,1600,True,simulated_from_model_type,4823,Brandhane 100 mm,6100_Brandhaner__Frederiksberg
H4824,55.671394,12.524731,600,True,simulated_from_model_type,4824,Brandhane 50 mm,6100_Brandhaner__Frederiksberg
H4825,55.671929,12.524713,1600,True,simulated_from_model_type,4825,Brandhane 100 mm,6100_Brandhaner__Frederiksberg
H4826,55.671574,12.524621,1600,True,simulated_from_model_type,4826,Brandhane 100 mm,6100_Brandhaner__Frederiksberg
H4827,55.671925,12.524911,1600,True,simulated_from_model_type,4827,Brandhane 100 mm,6100_Brandhaner__Frederiksberg
H4828,55.671856,12.525607,1600,True,simulated_from_model_type,4828,Brandhane 100 mm,6100_Brandhaner__Frederiksberg
H4829,55.671818,12.52584,1200,True,simulated_from_model_type,4829,Brandhane 80 mm,6100_Brandhaner__Frederiksberg
H4830,55.671,12.531337,1200,True,simulated_from_model_type,4830,Brandhane 80 mm,6100_Brandhaner__Frederiksberg
H4831,55.670602,12.531228,1600,True,simulated_from_model_type,4831,Brandhane 100 mm,6100_Brandhaner__Frederiksberg
H4832,55.668211,12.53057,1600,True,simulated_from_model_type,4832,Brandhane 100 mm,6100_Brandhaner__Frederiksberg
H4833,55.668493,12.531357,1600,True,simulated_from_model_type,4833,Brandhane 100 mm,6100_Brandhaner__Frederiksberg
H4834,55.670844,12.532299,1600,True,simulated_from_model_type,4834,Brandhane 100 mm,6100_Brandhaner__Frederiksberg
H4835,55.668834,12.532364,1600,True,simulated_from_model_type,4835,Brandhane 100 mm,6100_Brandhaner__Frederiksberg
H4836,55.669421,12.532085,1600,True,simulated_from_model_type,4836,Brandhane 100 mm,6100_Brandhaner__Frederiksberg
H4837,55.670136,12.532167,600,True,simulated_from_model_type,4837,Brandhane 50 mm,6100_Brandhaner__Frederiksberg
H4838,55.667656,12.52072,1600,True,simulated_from_model_type,4838,Brandhane 100 mm,6100_Brandhaner__Frederiksberg
H4839,55.667877,12.520043,1600,True,simulated_from_model_type,4839,Brandhane 100 mm,6100_Brandhaner__Frederiksberg
H4840,55.671346,12.512636,600,True,simulated_from_model_type,4840,Brandhane 50 mm,6100_Brandhaner__Frederiksberg
H4841,55.671392,12.520884,1200,True,simulated_from_model_type,4841,Brandhane 80 mm,6100_Brandhaner__Frederiksberg
H4842,55.670792,12.52026,1600,True,simulated_from_model_type,4842,Brandhane 100 mm,6100_Brandhaner__Frederiksberg
H4843,55.668792,12.516916,1200,True,simulated_from_model_type,4843,Brandhane 80 mm,6100_Brandhaner__Frederiksberg
H4844,55.671215,12.516757,1200,True,simulated_from_model_type,4844,Brandhane 80 mm,6100_Brandhaner__Frederiksberg
H4845,55.671683,12.517857,1600,True,simulated_from_model_type,4845,Brandhane 100 mm,6100_Brandhaner__Frederiksberg
H4846,55.670477,12.514825,600,True,simulated_from_model_type,4846,Brandhane 50 mm,6100_Brandhaner__Frederiksberg
H4847,55.671149,12.515889,1200,True,simulated_from_model_type,4847,Brandhane 80 mm,6100_Brandhaner__Frederiksberg
H4848,55.671126,12.514726,1600,True,simulated_from_model_type,4848,Brandhane 100 mm,6100_Brandhaner__Frederiksberg
H4849,55.671913,12.514765,1600,True,simulated_from_model_type,4849,Brandhane 100 mm,6100_Brandhaner__Frederiksberg
H4850,55.671318,12.514097,600,True,simulated_from_model_type,4850,Brandhane 50 mm,6100_Brandhaner__Frederiksberg
H4851,55.669422,12.516672,1600,True,simulated_from_model_type,4851,Brandhane 100 mm,6100_Brandhaner__Frederiksberg
H4852,55.671934,12.516555,1600,True,simulated_from_model_type,4852,Brandhane 100 mm,6100_Brandhaner__Frederiksberg
H4853,55.669656,12.509896,600,True,simulated_from_model_type,4853,Brandhane 50 mm,6100_Brandhaner__Frederiksberg
H4854,55.672099,12.517995,1600,True,simulated_from_model_type,4854,Brandhane 100 mm,6100_Brandhaner__Frederiksberg
H4855,55.66868,12.517887,1600,True,simulated_from_model_type,4855,Brandhane 100 mm,6100_Brandhaner__Frederiksberg
H4856,55.670803,12.517472,1600,True,simulated_from_model_type,4856,Brandhane 100 mm,6100_Brandhaner__Frederiksberg
H4857,55.671457,12.521106,1600,True,simulated_from_model_type,4857,Brandhane 100 mm,6100_Brandhaner__Frederiksberg
H4858,55.671955,12.520007,1600,True,simulated_from_model_type,4858,Brandhane 100 mm,6100_Brandhaner__Frederiksberg
H4859,55.671901,12.517802,1600,True,simulated_from_model_type,4859,Brandhane 100 mm,6100_Brandhaner__Frederiksberg
H4860,55.672018,12.511604,1200,True,simulated_from_model_type,4860,Brandhane 80 mm,6100_Brandhaner__Frederiksberg
H4861,55.67201,12.513205,1600,True,simulated_from_model_type,4861,Brandhane 100 mm,6100_Brandhaner__Frederiksberg
H4862,55.672261,12.51202,1600,True,simulated_from_model_type,4862,Brandhane 100 mm,6100_Brandhaner__Frederiksberg
H4863,55.672049,12.509876,1200,True,simulated_from_model_type,4863,Brandhane 80 mm,6100_Brandhaner__Frederiksberg
H4864,55.670549,12.512171,1600,True,simulated_from_model_type,4864,Brandhane 100 mm,6100_Brandhaner__Frederiksberg
H4865,55.669834,12.512016,600,True,simulated_from_model_type,4865,Brandhane 50 mm,6100_Brandhaner__Frederiksberg
H4866,55.669667,12.514679,600,True,simulated_from_model_type,4866,Brandhane 50 mm,6100_Brandhaner__Frederiksberg
H4867,55.668189,12.519115,1600,True,simulated_from_model_type,4867,Brandhane 100 mm,6100_Brandhaner__Frederiksberg
H4868,55.668853,12.51591,600,True,simulated_from_model_type,4868,Brandhane 50 mm,6100_Brandhaner__Frederiksberg
H4869,55.669757,12.497472,1600,True,simulated_from_model_type,4869,Brandhane 100 mm,6100_Brandhaner__Frederiksberg
H4870,55.672151,12.501973,1600,True,simulated_from_model_type,4870,Brandhane 100 mm,6100_Brandhaner__Frederiksberg
H4871,55.677849,12.531007,1200,True,simulated_from_model_type,4871,Brandhane 80 mm,6100_Brandhaner__Frederiksberg
H4872,55.677722,12.532049,1200,True,simulated_from_model_type,4872,Brandhane 80 mm,6100_Brandhaner__Frederiksberg
H4873,55.679111,12.528509,1200,True,simulated_from_model_type,4873,Brandhane 80 mm,6100_Brandhaner__Frederiksberg
H4874,55.678912,12.527681,1600,True,simulated_from_model_type,4874,Brandhane 100 mm,6100_Brandhaner__Frederiksberg
H4875,55.677525,12.533221,1600,True,simulated_from_model_type,4875,Brandhane 100 mm,6100_Brandhaner__Frederiksberg
H4876,55.678447,12.532097,1600,True,simulated_from_model_type,4876,Brandhane 100 mm,6100_Brandhaner__Frederiksberg
H4877,55.678625,12.530646,1600,True,simulated_from_model_type,4877,Brandhane 100 mm,6100_Brandhaner__Frederiksberg
H4878,55.677377,12.532291,1600,True,simulated_from_model_type,4878,Brandhane 100 mm,6100_Brandhaner__Frederiksberg
H4879,55.676665,12.532974,600,True,simulated_from_model_type,4879,Brandhane 50 mm,6100_Brandhaner__Frederiksberg
H4880,55.680199,12.527349,1200,True,simulated_from_model_type,4880,Brandhane 80 mm,6100_Brandhaner__Frederiksberg
H4881,55.67949,12.523626,1600,True,simulated_from_model_type,4881,Brandhane 100 mm,6100_Brandhaner__Frederiksberg
H4882,55.678541,12.522673,1600,True,simulated_from_model_type,4882,Brandhane 100 mm,6100_Brandhaner__Frederiksberg
H4883,55.679369,12.524774,1200,True,simulated_from_model_type,4883,Brandhane 80 mm,6100_Brandhaner__Frederiksberg
H4884,55.679586,12.521595,1200,True,simulated_from_model_type,4884,Brandhane 80 mm,6100_Brandhaner__Frederiksberg
H4885,55.679847,12.528005,1600,True,simulated_from_model_type,4885,Brandhane 100 mm,6100_Brandhaner__Frederiksberg
H4886,55.680259,12.526069,1600,True,simulated_from_model_type,4886,Brandhane 100 mm,6100_Brandhaner__Frederiksberg
H4887,55.680051,12.530031,1600,True,simulated_from_model_type,4887,Brandhane 100 mm,6100_Brandhaner__Frederiksberg
H4888,55.680216,12.532345,1600,True,simulated_from_model_type,4888,Brandhane 100 mm,6100_Brandhaner__Frederiksberg
H4889,55.679366,12.532582,1600,True,simulated_from_model_type,4889,Brandhane 100 mm,6100_Brandhaner__Frederiksberg
H4890,55.677063,12.521927,1200,True,simulated_from_model_type,4890,Brandhane 80 mm,6100_Brandhaner__Frederiksberg
H4891,55.67974,12.524595,1200,True,simulated_from_model_type,4891,Brandhane 80 mm,6100_Brandhaner__Frederiksberg
H4892,55.678328,12.524565,1600,True,simulated_from_model_type,4892,Brandhane 100 mm,6100_Brandhaner__Frederiksberg
H4893,55.677755,12.524949,1200,True,simulated_from_model_type,4893,Brandhane 80 mm,6100_Brandhaner__Frederiksberg
H4894,55.67864,12.532381,1600,True,simulated_from_model_type,4894,Brandhane 100 mm,6100_Brandhaner__Frederiksberg
H4895,55.680339,12.526687,1600,True,simulated_from_model_type,4895,Brandhane 100 mm,6100_Brandhaner__Frederiksberg
H4896,55.679321,12.53155,1600,True,simulated_from_model_type,4896,Brandhane 100 mm,6100_Brandhaner__Frederiksberg
H4897,55.679065,12.529503,600,True,simulated_from_model_type,4897,Brandhane 50 mm,6100_Brandhaner__Frederiksberg
H4898,55.67694,12.531414,1200,True,simulated_from_model_type,4898,Brandhane 80 mm,6100_Brandhaner__Frederiksberg
H4899,55.684201,12.552218,1600,True,simulated_from_model_type,4899,Brandhane 100 mm,6100_Brandhaner__Frederiksberg
H4900,55.684262,12.546706,1200,True,simulated_from_model_type,4900,Brandhane 80 mm,6100_Brandhaner__Frederiksberg
H4901,55.684702,12.54681,1600,True,simulated_from_model_type,4901,Brandhane 100 mm,6100_Brandhaner__Frederiksberg
H4902,55.683635,12.54613,600,True,simulated_from_model_type,4902,Brandhane 50 mm,6100_Brandhaner__Frederiksberg
H4903,55.682968,12.545607,1200,True,simulated_from_model_type,4903,Brandhane 80 mm,6100_Brandhaner__Frederiksberg
H4904,55.683129,12.547931,1600,True,simulated_from_model_type,4904,Brandhane 100 mm,6100_Brandhaner__Frederiksberg
H4905,55.682582,12.546582,1200,True,simulated_from_model_type,4905,Brandhane 80 mm,6100_Brandhaner__Frederiksberg
H4906,55.684507,12.548415,1600,True,simulated_from_model_type,4906,Brandhane 100 mm,6100_Brandhaner__Frederiksberg
H4907,55.681161,12.549871,1600,True,simulated_from_model_type,4907,Brandhane 100 mm,6100_Brandhaner__Frederiksberg
H4908,55.681526,12.551901,1600,True,simulated_from_model_type,4908,Brandhane 100 mm,6100_Brandhaner__Frederiksberg
H4909,55.682405,12.551946,1600,True,simulated_from_model_type,4909,Brandhane 100 mm,6100_Brandhaner__Frederiksberg
H4910,55.683571,12.549058,600,True,simulated_from_model_type,4910,Brandhane 50 mm,6100_Brandhaner__Frederiksberg
H4911,55.683024,12.553096,1600,True,simulated_from_model_type,4911,Brandhane 100 mm,6100_Brandhaner__Frederiksberg
H4912,55.683571,12.554127,1600,True,simulated_from_model_type,4912,Brandhane 100 mm,6100_Brandhaner__Frederiksberg
H4913,55.684454,12.554183,1200,True,simulated_from_model_type,4913,Brandhane 80 mm,6100_Brandhaner__Frederiksberg
H4914,55.684793,12.552899,1200,True,simulated_from_model_type,4914,Brandhane 80 mm,6100_Brandhaner__Frederiksberg
H4915,55.684894,12.550724,1200,True,simulated_from_model_type,4915,Brandhane 80 mm,6100_Brandhaner__Frederiksberg
H4916,55.684955,12.549565,1200,True,simulated_from_model_type,4916,Brandhane 80 mm,6100_Brandhaner__Frederiksberg
H4917,55.685044,12.548349,1200,True,simulated_from_model_type,4917,Brandhane 80 mm,6100_Brandhaner__Frederiksberg
H4918,55.684994,12.547375,1200,True,simulated_from_model_type,4918,Brandhane 80 mm,6100_Brandhaner__Frederiksberg
H4919,55.681424,12.547735,1200,True,simulated_from_model_type,4919,Brandhane 80 mm,6100_Brandhaner__Frederiksberg
H4920,55.68142,12.547232,1600,True,simulated_from_model_type,4920,Brandhane 100 mm,6100_Brandhaner__Frederiksberg
H4921,55.681073,12.548844,1600,True,simulated_from_model_type,4921,Brandhane 100 mm,6100_Brandhaner__Frederiksberg
H4922,55.681129,12.54857,1200,True,simulated_from_model_type,4922,Brandhane 80 mm,6100_Brandhaner__Frederiksberg
H4923,55.681171,12.55057,1600,True,simulated_from_model_type,4923,Brandhane 100 mm,6100_Brandhaner__Frederiksberg
H4924,55.680849,12.551095,600,True,simulated_from_model_type,4924,Brandhane 50 mm,6100_Brandhaner__Frederiksberg
H4925,55.681057,12.551234,1600,True,simulated_from_model_type,4925,Brandhane 100 mm,6100_Brandhaner__Frederiksberg
H4926,55.680815,12.552807,1600,True,simulated_from_model_type,4926,Brandhane 100 mm,6100_Brandhaner__Frederiksberg
H4927,55.681447,12.553497,1600,True,simulated_from_model_type,4927,Brandhane 100 mm,6100_Brandhaner__Frederiksberg
H4928,55.682381,12.551281,1200,True,simulated_from_model_type,4928,Brandhane 80 mm,6100_Brandhaner__Frederiksberg
H4929,55.682367,12.550508,1600,True,simulated_from_model_type,4929,Brandhane 100 mm,6100_Brandhaner__Frederiksberg
H4930,55.682784,12.548748,1200,True,simulated_from_model_type,4930,Brandhane 80 mm,6100_Brandhaner__Frederiksberg
H4931,55.682709,12.549901,1600,True,simulated_from_model_type,4931,Brandhane 100 mm,6100_Brandhaner__Frederiksberg
H4932,55.682791,12.550425,600,True,simulated_from_model_type,4932,Brandhane 50 mm,6100_Brandhaner__Frederiksberg
H4933,55.68248,12.54985,1600,True,simulated_from_model_type,4933,Brandhane 100 mm,6100_Brandhaner__Frederiksberg
H4934,55.683441,12.550896,600,True,simulated_from_model_type,4934,Brandhane 50 mm,6100_Brandhaner__Frederiksberg
H4935,55.682732,12.551825,1200,True,simulated_from_model_type,4935,Brandhane 80 mm,6100_Brandhaner__Frederiksberg
H4936,55.684407,12.550039,1600,True,simulated_from_model_type,4936,Brandhane 100 mm,6100_Brandhaner__Frederiksberg
H4937,55.680968,12.55578,1600,True,simulated_from_model_type,4937,Brandhane 100 mm,6100_Brandhaner__Frederiksberg
H4938,55.683172,12.551958,1600,True,simulated_from_model_type,4938,Brandhane 100 mm,6100_Brandhaner__Frederiksberg
H4939,55.683842,12.554616,1600,True,simulated_from_model_type,4939,Brandhane 100 mm,6100_Brandhaner__Frederiksberg
H4940,55.683411,12.550062,1200,True,simulated_from_model_type,4940,Brandhane 80 mm,6100_Brandhaner__Frederiksberg
H4941,55.684123,12.551387,1600,True,simulated_from_model_type,4941,Brandhane 100 mm,6100_Brandhaner__Frederiksberg
H4942,55.681799,12.549705,1600,True,simulated_from_model_type,4942,Brandhane 100 mm,6100_Brandhaner__Frederiksberg
H4943,55.683496,12.550585,1600,True,simulated_from_model_type,4943,Brandhane 100 mm,6100_Brandhaner__Frederiksberg
H4944,55.683376,12.554856,1600,True,simulated_from_model_type,4944,Brandhane 100 mm,6100_Brandhaner__Frederiksberg
H4945,55.683952,12.546905,1200,True,simulated_from_model_type,4945,Brandhane 80 mm,6100_Brandhaner__Frederiksberg
H4946,55.683736,12.547234,1200,True,simulated_from_model_type,4946,Brandhane 80 mm,6100_Brandhaner__Frederiksberg
H4947,55.684013,12.548342,1200,True,simulated_from_model_type,4947,Brandhane 80 mm,6100_Brandhaner__Frederiksberg
H4948,55.682504,12.547477,1200,True,simulated_from_model_type,4948,Brandhane 80 mm,6100_Brandhaner__Frederiksberg
H4949,55.681932,12.553265,1600,True,simulated_from_model_type,4949,Brandhane 100 mm,6100_Brandhaner__Frederiksberg
H4950,55.681494,12.554331,1600,True,simulated_from_model_type,4950,Brandhane 100 mm,6100_Brandhaner__Frederiksberg
H4951,55.683339,12.546412,1200,True,simulated_from_model_type,4951,Brandhane 80 mm,6100_Brandhaner__Frederiksberg
H4952,55.684074,12.552962,1600,True,simulated_from_model_type,4952,Brandhane 100 mm,6100_Brandhaner__Frederiksberg
H4953,55.6821,12.548686,1200,True,simulated_from_model_type,4953,Brandhane 80 mm,6100_Brandhaner__Frederiksberg
H4954,55.684787,12.551872,1600,True,simulated_from_model_type,4954,Brandhane 100 mm,6100_Brandhaner__Frederiksberg
H4955,55.683687,12.54964,600,True,simulated_from_model_type,4955,Brandhane 50 mm,6100_Brandhaner__Frederiksberg
H4956,55.682035,12.551941,1600,True,simulated_from_model_type,4956,Brandhane 100 mm,6100_Brandhaner__Frederiksberg
H4957,55.681523,12.539043,1600,True,simulated_from_model_type,4957,Brandhane 100 mm,6100_Brandhaner__Frederiksberg
H4958,55.68317,12.534906,1200,True,simulated_from_model_type,4958,Brandhane 80 mm,6100_Brandhaner__Frederiksberg
H4959,55.683892,12.534944,1200,True,simulated_from_model_type,4959,Brandhane 80 mm,6100_Brandhaner__Frederiksberg
H4960,55.683747,12.536199,1200,True,simulated_from_model_type,4960,Brandhane 80 mm,6100_Brandhaner__Frederiksberg
H4961,55.682409,12.542989,1600,True,simulated_from_model_type,4961,Brandhane 100 mm,6100_Brandhaner__Frederiksberg
H4962,55.684593,12.535052,1200,True,simulated_from_model_type,4962,Brandhane 80 mm,6100_Brandhaner__Frederiksberg
H4963,55.684386,12.536561,1200,True,simulated_from_model_type,4963,Brandhane 80 mm,6100_Brandhaner__Frederiksberg
H4964,55.683371,12.536228,1600,True,simulated_from_model_type,4964,Brandhane 100 mm,6100_Brandhaner__Frederiksberg
H4965,55.685188,12.539569,1600,True,simulated_from_model_type,4965,Brandhane 100 mm,6100_Brandhaner__Frederiksberg
H4966,55.685365,12.535563,1600,True,simulated_from_model_type,4966,Brandhane 100 mm,6100_Brandhaner__Frederiksberg
H4967,55.682172,12.535242,1600,True,simulated_from_model_type,4967,Brandhane 100 mm,6100_Brandhaner__Frederiksberg
H4968,55.685229,12.538243,1600,True,simulated_from_model_type,4968,Brandhane 100 mm,6100_Brandhaner__Frederiksberg
H4969,55.685133,12.539016,1600,True,simulated_from_model_type,4969,Brandhane 100 mm,6100_Brandhaner__Frederiksberg
H4970,55.684646,12.538061,1600,True,simulated_from_model_type,4970,Brandhane 100 mm,6100_Brandhaner__Frederiksberg
H4971,55.684147,12.537474,600,True,simulated_from_model_type,4971,Brandhane 50 mm,6100_Brandhaner__Frederiksberg
H4972,55.683718,12.536974,1200,True,simulated_from_model_type,4972,Brandhane 80 mm,6100_Brandhaner__Frederiksberg
H4973,55.684425,12.537422,1600,True,simulated_from_model_type,4973,Brandhane 100 mm,6100_Brandhaner__Frederiksberg
H4974,55.682131,12.535181,600,True,simulated_from_model_type,4974,Brandhane 50 mm,6100_Brandhaner__Frederiksberg
H4975,55.683194,12.536501,1600,True,simulated_from_model_type,4975,Brandhane 100 mm,6100_Brandhaner__Frederiksberg
H4976,55.682479,12.534969,1600,True,simulated_from_model_type,4976,Brandhane 100 mm,6100_Brandhaner__Frederiksberg
H4977,55.68217,12.534878,1600,True,simulated_from_model_type,4977,Brandhane 100 mm,6100_Brandhaner__Frederiksberg
H4978,55.682506,12.536296,1200,True,simulated_from_model_type,4978,Brandhane 80 mm,6100_Brandhaner__Frederiksberg
H4979,55.682671,12.535822,1200,True,simulated_from_model_type,4979,Brandhane 80 mm,6100_Brandhaner__Frederiksberg
H4980,55.681759,12.542388,1600,True,simulated_from_model_type,4980,Brandhane 100 mm,6100_Brandhaner__Frederiksberg
H4981,55.684994,12.537087,600,True,simulated_from_model_type,4981,Brandhane 50 mm,6100_Brandhaner__Frederiksberg
H4982,55.682706,12.537434,1600,True,simulated_from_model_type,4982,Brandhane 100 mm,6100_Brandhaner__Frederiksberg
H4983,55.684252,12.543677,1200,True,simulated_from_model_type,4983,Brandhane 80 mm,6100_Brandhaner__Frederiksberg
H4984,55.683967,12.544867,1200,True,simulated_from_model_type,4984,Brandhane 80 mm,6100_Brandhaner__Frederiksberg
H4985,55.683804,12.54465,1600,True,simulated_from_model_type,4985,Brandhane 100 mm,6100_Brandhaner__Frederiksberg
H4986,55.684682,12.541814,1600,True,simulated_from_model_type,4986,Brandhane 100 mm,6100_Brandhaner__Frederiksberg
H4987,55.685102,12.53378,1200,True,simulated_from_model_type,4987,Brandhane 80 mm,6100_Brandhaner__Frederiksberg
H4988,55.68234,12.533622,1200,True,simulated_from_model_type,4988,Brandhane 80 mm,6100_Brandhaner__Frederiksberg
H4989,55.681711,12.537505,1200,True,simulated_from_model_type,4989,Brandhane 80 mm,6100_Brandhaner__Frederiksberg
H4990,55.681728,12.536143,1200,True,simulated_from_model_type,4990,Brandhane 80 mm,6100_Brandhaner__Frederiksberg
H4991,55.684459,12.540371,1200,True,simulated_from_model_type,4991,Brandhane 80 mm,6100_Brandhaner__Frederiksberg
H4992,55.683506,12.539289,1600,True,simulated_from_model_type,4992,Brandhane 100 mm,6100_Brandhaner__Frederiksberg
H4993,55.684635,12.539321,1200,True,simulated_from_model_type,4993,Brandhane 80 mm,6100_Brandhaner__Frederiksberg
H4994,55.683918,12.538499,1200,True,simulated_from_model_type,4994,Brandhane 80 mm,6100_Brandhaner__Frederiksberg
H4995,55.682602,12.538397,1200,True,simulated_from_model_type,4995,Brandhane 80 mm,6100_Brandhaner__Frederiksberg
H4996,55.683078,12.538434,1200,True,simulated_from_model_type,4996,Brandhane 80 mm,6100_Brandhaner__Frederiksberg
H4997,55.682292,12.54035,1200,True,simulated_from_model_type,4997,Brandhane 80 mm,6100_Brandhaner__Frederiksberg
H4998,55.684058,12.54369,1600,True,simulated_from_model_type,4998,Brandhane 100 mm,6100_Brandhaner__Frederiksberg
H4999,55.682628,12.54135,600,True,simulated_from_model_type,4999,Brandhane 50 mm,6100_Brandhaner__Frederiksberg
H5000,55.683255,12.542078,600,True,simulated_from_model_type,5000,Brandhane 50 mm,6100_Brandhaner__Frederiksberg
H5001,55.683886,12.542792,600,True,simulated_from_model_type,5001,Brandhane 50 mm,6100_Brandhaner__Frederiksberg
H5002,55.682635,12.539103,1200,True,simulated_from_model_type,5002,Brandhane 80 mm,6100_Brandhaner__Frederiksberg
H5003,55.684674,12.541038,1600,True,simulated_from_model_type,5003,Brandhane 100 mm,6100_Brandhaner__Frederiksberg
H5004,55.683356,12.53994,600,True,simulated_from_model_type,5004,Brandhane 50 mm,6100_Brandhaner__Frederiksberg
H5005,55.684113,12.540795,600,True,simulated_from_model_type,5005,Brandhane 50 mm,6100_Brandhaner__Frederiksberg
H5006,55.682242,12.536253,1600,True,simulated_from_model_type,5006,Brandhane 100 mm,6100_Brandhaner__Frederiksberg
H5007,55.681393,12.543788,1600,True,simulated_from_model_type,5007,Brandhane 100 mm,6100_Brandhaner__Frederiksberg
H5008,55.682758,12.545063,1600,True,simulated_from_model_type,5008,Brandhane 100 mm,6100_Brandhaner__Frederiksberg
H5009,55.683571,12.545482,1600,True,simulated_from_model_type,5009,Brandhane 100 mm,6100_Brandhaner__Frederiksberg
H5010,55.681997,12.544792,1600,True,simulated_from_model_type,5010,Brandhane 100 mm,6100_Brandhaner__Frederiksberg
H5011,55.681025,12.54399,1200,True,simulated_from_model_type,5011,Brandhane 80 mm,6100_Brandhaner__Frederiksberg
H5012,55.682834,12.540471,600,True,simulated_from_model_type,5012,Brandhane 50 mm,6100_Brandhaner__Frederiksberg
H5013,55.683391,12.541106,1200,True,simulated_from_model_type,5013,Brandhane 80 mm,6100_Brandhaner__Frederiksberg
H5014,55.683945,12.541737,1600,True,simulated_from_model_type,5014,Brandhane 100 mm,6100_Brandhaner__Frederiksberg
H5015,55.685426,12.535224,600,True,simulated_from_model_type,5015,Brandhane 50 mm,6100_Brandhaner__Frederiksberg
H5016,55.681516,12.523412,1600,True,simulated_from_model_type,5016,Brandhane 100 mm,6100_Brandhaner__Frederiksberg
H5017,55.683652,12.533713,1200,True,simulated_from_model_type,5017,Brandhane 80 mm,6100_Brandhaner__Frederiksberg
H5018,55.68229,12.531688,1600,True,simulated_from_model_type,5018,Brandhane 100 mm,6100_Brandhaner__Frederiksberg
H5019,55.684848,12.522342,1200,True,simulated_from_model_type,5019,Brandhane 80 mm,6100_Brandhaner__Frederiksberg
H5020,55.681877,12.523227,1600,True,simulated_from_model_type,5020,Brandhane 100 mm,6100_Brandhaner__Frederiksberg
H5021,55.685418,12.525736,1600,True,simulated_from_model_type,5021,Brandhane 100 mm,6100_Brandhaner__Frederiksberg
H5022,55.683346,12.524189,1600,True,simulated_from_model_type,5022,Brandhane 100 mm,6100_Brandhaner__Frederiksberg
H5023,55.683474,12.523878,1600,True,simulated_from_model_type,5023,Brandhane 100 mm,6100_Brandhaner__Frederiksberg
H5024,55.682574,12.523194,1600,True,simulated_from_model_type,5024,Brandhane 100 mm,6100_Brandhaner__Frederiksberg
H5025,55.683463,12.531766,1600,True,simulated_from_model_type,5025,Brandhane 100 mm,6100_Brandhaner__Frederiksberg
H5026,55.684556,12.523718,1200,True,simulated_from_model_type,5026,Brandhane 80 mm,6100_Brandhaner__Frederiksberg
H5027,55.685807,12.522977,1600,True,simulated_from_model_type,5027,Brandhane 100 mm,6100_Brandhaner__Frederiksberg
H5028,55.684643,12.523301,1200,True,simulated_from_model_type,5028,Brandhane 80 mm,6100_Brandhaner__Frederiksberg
H5029,55.680301,12.549644,600,True,simulated_from_model_type,5029,Brandhane 50 mm,6100_Brandhaner__Frederiksberg
H5030,55.680809,12.549019,1600,True,simulated_from_model_type,5030,Brandhane 100 mm,6100_Brandhaner__Frederiksberg
H5031,55.680069,12.550631,1200,True,simulated_from_model_type,5031,Brandhane 80 mm,6100_Brandhaner__Frederiksberg
H5032,55.680239,12.548631,1600,True,simulated_from_model_type,5032,Brandhane 100 mm,6100_Brandhaner__Frederiksberg
H5033,55.679837,12.549079,1600,True,simulated_from_model_type,5033,Brandhane 100 mm,6100_Brandhaner__Frederiksberg
H5034,55.678308,12.554264,1600,True,simulated_from_model_type,5034,Brandhane 100 mm,6100_Brandhaner__Frederiksberg
H5035,55.678739,12.546464,1600,True,simulated_from_model_type,5035,Brandhane 100 mm,6100_Brandhaner__Frederiksberg
H5036,55.676488,12.551564,1600,True,simulated_from_model_type,5036,Brandhane 100 mm,6100_Brandhaner__Frederiksberg
H5037,55.677349,12.554333,1600,True,simulated_from_model_type,5037,Brandhane 100 mm,6100_Brandhaner__Frederiksberg
H5038,55.677806,12.551741,1200,True,simulated_from_model_type,5038,Brandhane 80 mm,6100_Brandhaner__Frederiksberg
H5039,55.678991,12.552789,600,True,simulated_from_model_type,5039,Brandhane 50 mm,6100_Brandhaner__Frederiksberg
H5040,55.676613,12.553704,1600,True,simulated_from_model_type,5040,Brandhane 100 mm,6100_Brandhaner__Frederiksberg
H5041,55.680147,12.554979,1600,True,simulated_from_model_type,5041,Brandhane 100 mm,6100_Brandhaner__Frederiksberg
H5042,55.677491,12.555432,1200,True,simulated_from_model_type,5042,Brandhane 80 mm,6100_Brandhaner__Frederiksberg
H5043,55.676927,12.555639,1600,True,simulated_from_model_type,5043,Brandhane 100 mm,6100_Brandhaner__Frederiksberg
H5044,55.672909,12.543381,1200,True,simulated_from_model_type,5044,Brandhane 80 mm,6100_Brandhaner__Frederiksberg
H5045,55.674679,12.534887,1600,True,simulated_from_model_type,5045,Brandhane 100 mm,6100_Brandhaner__Frederiksberg
H5046,55.673751,12.544247,1600,True,simulated_from_model_type,5046,Brandhane 100 mm,6100_Brandhaner__Frederiksberg
H5047,55.67507,12.539221,1600,True,simulated_from_model_type,5047,Brandhane 100 mm,6100_Brandhaner__Frederiksberg
H5048,55.673675,12.544835,1200,True,simulated_from_model_type,5048,Brandhane 80 mm,6100_Brandhaner__Frederiksberg
H5049,55.673826,12.543283,600,True,simulated_from_model_type,5049,Brandhane 50 mm,6100_Brandhaner__Frederiksberg
H5050,55.673967,12.542106,1600,True,simulated_from_model_type,5050,Brandhane 100 mm,6100_Brandhaner__Frederiksberg
H5051,55.672241,12.542153,1600,True,simulated_from_model_type,5051,Brandhane 100 mm,6100_Brandhaner__Frederiksberg
H5052,55.672488,12.543486,600,True,simulated_from_model_type,5052,Brandhane 50 mm,6100_Brandhaner__Frederiksberg
H5053,55.672989,12.538715,1600,True,simulated_from_model_type,5053,Brandhane 100 mm,6100_Brandhaner__Frederiksberg
H5054,55.676321,12.535421,1600,True,simulated_from_model_type,5054,Brandhane 100 mm,6100_Brandhaner__Frederiksberg
H5055,55.672951,12.542243,600,True,simulated_from_model_type,5055,Brandhane 50 mm,6100_Brandhaner__Frederiksberg
H5056,55.673572,12.542217,1600,True,simulated_from_model_type,5056,Brandhane 100 mm,6100_Brandhaner__Frederiksberg
H5057,55.67363,12.541608,1200,True,simulated_from_model_type,5057,Brandhane 80 mm,6100_Brandhaner__Frederiksberg
H5058,55.672827,12.541416,1600,True,simulated_from_model_type,5058,Brandhane 100 mm,6100_Brandhaner__Frederiksberg
H5059,55.672889,12.539892,1600,True,simulated_from_model_type,5059,Brandhane 100 mm,6100_Brandhaner__Frederiksberg
H5060,55.673857,12.53941,1200,True,simulated_from_model_type,5060,Brandhane 80 mm,6100_Brandhaner__Frederiksberg
H5061,55.672444,12.538839,1600,True,simulated_from_model_type,5061,Brandhane 100 mm,6100_Brandhaner__Frederiksberg
H5062,55.673752,12.537886,1600,True,simulated_from_model_type,5062,Brandhane 100 mm,6100_Brandhaner__Frederiksberg
H5063,55.674074,12.53732,1200,True,simulated_from_model_type,5063,Brandhane 80 mm,6100_Brandhaner__Frederiksberg
H5064,55.67232,12.536684,600,True,simulated_from_model_type,5064,Brandhane 50 mm,6100_Brandhaner__Frederiksberg
H5065,55.672372,12.535707,600,True,simulated_from_model_type,5065,Brandhane 50 mm,6100_Brandhaner__Frederiksberg
H5066,55.673517,12.536071,600,True,simulated_from_model_type,5066,Brandhane 50 mm,6100_Brandhaner__Frederiksberg
H5067,55.675163,12.534398,1600,True,simulated_from_model_type,5067,Brandhane 100 mm,6100_Brandhaner__Frederiksberg
H5068,55.675363,12.536684,1600,True,simulated_from_model_type,5068,Brandhane 100 mm,6100_Brandhaner__Frederiksberg
H5069,55.676158,12.537053,1600,True,simulated_from_model_type,5069,Brandhane 100 mm,6100_Brandhaner__Frederiksberg
H5070,55.674439,12.537383,1600,True,simulated_from_model_type,5070,Brandhane 100 mm,6100_Brandhaner__Frederiksberg
H5071,55.675873,12.541243,1200,True,simulated_from_model_type,5071,Brandhane 80 mm,6100_Brandhaner__Frederiksberg
H5072,55.675327,12.541247,1600,True,simulated_from_model_type,5072,Brandhane 100 mm,6100_Brandhaner__Frederiksberg
H5073,55.674098,12.540711,600,True,simulated_from_model_type,5073,Brandhane 50 mm,6100_Brandhaner__Frederiksberg
H5074,55.675749,12.544108,1200,True,simulated_from_model_type,5074,Brandhane 80 mm,6100_Brandhaner__Frederiksberg
H5075,55.675887,12.544283,1600,True,simulated_from_model_type,5075,Brandhane 100 mm,6100_Brandhaner__Frederiksberg
H5076,55.676303,12.542608,1600,True,simulated_from_model_type,5076,Brandhane 100 mm,6100_Brandhaner__Frederiksberg
H5077,55.675272,12.543478,1600,True,simulated_from_model_type,5077,Brandhane 100 mm,6100_Brandhaner__Frederiksberg
H5078,55.674966,12.541858,600,True,simulated_from_model_type,5078,Brandhane 50 mm,6100_Brandhaner__Frederiksberg
H5079,55.672783,12.537629,1600,True,simulated_from_model_type,5079,Brandhane 100 mm,6100_Brandhaner__Frederiksberg
H5080,55.67295,12.537872,600,True,simulated_from_model_type,5080,Brandhane 50 mm,6100_Brandhaner__Frederiksberg
H5081,55.675477,12.53545,1600,True,simulated_from_model_type,5081,Brandhane 100 mm,6100_Brandhaner__Frederiksberg
H5082,55.675968,12.534695,1600,True,simulated_from_model_type,5082,Brandhane 100 mm,6100_Brandhaner__Frederiksberg
H5083,55.675058,12.544841,1200,True,simulated_from_model_type,5083,Brandhane 80 mm,6100_Brandhaner__Frederiksberg
H5084,55.675596,12.545533,1600,True,simulated_from_model_type,5084,Brandhane 100 mm,6100_Brandhaner__Frederiksberg
H5085,55.673416,12.543786,1200,True,simulated_from_model_type,5085,Brandhane 80 mm,6100_Brandhaner__Frederiksberg
H5086,55.674162,12.544049,1200,True,simulated_from_model_type,5086,Brandhane 80 mm,6100_Brandhaner__Frederiksberg
H5087,55.672444,12.544753,1600,True,simulated_from_model_type,5087,Brandhane 100 mm,6100_Brandhaner__Frederiksberg
H5088,55.672268,12.539744,1600,True,simulated_from_model_type,5088,Brandhane 100 mm,6100_Brandhaner__Frederiksberg
H5089,55.673074,12.540282,1600,True,simulated_from_model_type,5089,Brandhane 100 mm,6100_Brandhaner__Frederiksberg
H5090,55.67589,12.539632,600,True,simulated_from_model_type,5090,Brandhane 50 mm,6100_Brandhaner__Frederiksberg
H5091,55.674377,12.542997,1200,True,simulated_from_model_type,5091,Brandhane 80 mm,6100_Brandhaner__Frederiksberg
H5092,55.67465,12.540585,1600,True,simulated_from_model_type,5092,Brandhane 100 mm,6100_Brandhaner__Frederiksberg
H5093,55.672183,12.533285,1200,True,simulated_from_model_type,5093,Brandhane 80 mm,6100_Brandhaner__Frederiksberg
H5094,55.676443,12.534145,600,True,simulated_from_model_type,5094,Brandhane 50 mm,6100_Brandhaner__Frederiksberg
H5095,55.674596,12.532936,1600,True,simulated_from_model_type,5095,Brandhane 100 mm,6100_Brandhaner__Frederiksberg
H5096,55.673669,12.541218,1600,True,simulated_from_model_type,5096,Brandhane 100 mm,6100_Brandhaner__Frederiksberg
H5097,55.67225,12.54127,1200,True,simulated_from_model_type,5097,Brandhane 80 mm,6100_Brandhaner__Frederiksberg
H5098,55.673321,12.537004,600,True,simulated_from_model_type,5098,Brandhane 50 mm,6100_Brandhaner__Frederiksberg
H5099,55.676045,12.538172,600,True,simulated_from_model_type,5099,Brandhane 50 mm,6100_Brandhaner__Frederiksberg
H5100,55.674901,12.532974,1600,True,simulated_from_model_type,5100,Brandhane 100 mm,6100_Brandhaner__Frederiksberg
H5101,55.673181,12.531989,1600,True,simulated_from_model_type,5101,Brandhane 100 mm,6100_Brandhaner__Frederiksberg
H5102,55.674527,12.531975,1200,True,simulated_from_model_type,5102,Brandhane 80 mm,6100_Brandhaner__Frederiksberg
H5103,55.676556,12.533031,1600,True,simulated_from_model_type,5103,Brandhane 100 mm,6100_Brandhaner__Frederiksberg
H5104,55.676293,12.531947,600,True,simulated_from_model_type,5104,Brandhane 50 mm,6100_Brandhaner__Frederiksberg
H5105,55.67581,12.532455,1600,True,simulated_from_model_type,5105,Brandhane 100 mm,6100_Brandhaner__Frederiksberg
H5106,55.67586,12.532747,600,True,simulated_from_model_type,5106,Brandhane 50 mm,6100_Brandhaner__Frederiksberg
H5107,55.673858,12.53215,600,True,simulated_from_model_type,5107,Brandhane 50 mm,6100_Brandhaner__Frederiksberg
H5108,55.672416,12.531468,1600,True,simulated_from_model_type,5108,Brandhane 100 mm,6100_Brandhaner__Frederiksberg
H5109,55.679054,12.534929,1600,True,simulated_from_model_type,5109,Brandhane 100 mm,6100_Brandhaner__Frederiksberg
H5110,55.67968,12.537286,600,True,simulated_from_model_type,5110,Brandhane 50 mm,6100_Brandhaner__Frederiksberg
H5111,55.68094,12.53663,1600,True,simulated_from_model_type,5111,Brandhane 100 mm,6100_Brandhaner__Frederiksberg
H5112,55.678581,12.538813,1600,True,simulated_from_model_type,5112,Brandhane 100 mm,6100_Brandhaner__Frederiksberg
H5113,55.676995,12.541899,1200,True,simulated_from_model_type,5113,Brandhane 80 mm,6100_Brandhaner__Frederiksberg
H5114,55.680282,12.54334,1600,True,simulated_from_model_type,5114,Brandhane 100 mm,6100_Brandhaner__Frederiksberg
H5115,55.679269,12.542627,1600,True,simulated_from_model_type,5115,Brandhane 100 mm,6100_Brandhaner__Frederiksberg
H5116,55.679403,12.540751,1600,True,simulated_from_model_type,5116,Brandhane 100 mm,6100_Brandhaner__Frederiksberg
H5117,55.680317,12.539639,1600,True,simulated_from_model_type,5117,Brandhane 100 mm,6100_Brandhaner__Frederiksberg
H5118,55.680766,12.539828,1200,True,simulated_from_model_type,5118,Brandhane 80 mm,6100_Brandhaner__Frederiksberg
H5119,55.676962,12.536855,1600,True,simulated_from_model_type,5119,Brandhane 100 mm,6100_Brandhaner__Frederiksberg
H5120,55.679125,12.544138,1600,True,simulated_from_model_type,5120,Brandhane 100 mm,6100_Brandhaner__Frederiksberg
H5121,55.680129,12.533549,1600,True,simulated_from_model_type,5121,Brandhane 100 mm,6100_Brandhaner__Frederiksberg
H5122,55.678775,12.538451,1600,True,simulated_from_model_type,5122,Brandhane 100 mm,6100_Brandhaner__Frederiksberg
H5123,55.677905,12.538319,1200,True,simulated_from_model_type,5123,Brandhane 80 mm,6100_Brandhaner__Frederiksberg
H5124,55.677299,12.540287,600,True,simulated_from_model_type,5124,Brandhane 50 mm,6100_Brandhaner__Frederiksberg
H5125,55.677981,12.540529,1200,True,simulated_from_model_type,5125,Brandhane 80 mm,6100_Brandhaner__Frederiksberg
H5126,55.678348,12.533591,1600,True,simulated_from_model_type,5126,Brandhane 100 mm,6100_Brandhaner__Frederiksberg
H5127,55.680201,12.545188,1600,True,simulated_from_model_type,5127,Brandhane 100 mm,6100_Brandhaner__Frederiksberg
H5128,55.676996,12.53578,600,True,simulated_from_model_type,5128,Brandhane 50 mm,6100_Brandhaner__Frederiksberg
H5129,55.677217,12.534962,1600,True,simulated_from_model_type,5129,Brandhane 100 mm,6100_Brandhaner__Frederiksberg
H5130,55.677194,12.534348,600,True,simulated_from_model_type,5130,Brandhane 50 mm,6100_Brandhaner__Frederiksberg
H5131,55.678044,12.543849,600,True,simulated_from_model_type,5131,Brandhane 50 mm,6100_Brandhaner__Frederiksberg
H5132,55.676437,12.544469,600,True,simulated_from_model_type,5132,Brandhane 50 mm,6100_Brandhaner__Frederiksberg
H5133,55.677082,12.544911,600,True,simulated_from_model_type,5133,Brandhane 50 mm,6100_Brandhaner__Frederiksberg
H5134,55.67803,12.534286,1200,True,simulated_from_model_type,5134,Brandhane 80 mm,6100_Brandhaner__Frederiksberg
H5135,55.677519,12.536452,1200,True,simulated_from_model_type,5135,Brandhane 80 mm,6100_Brandhaner__Frederiksberg
H5136,55.677161,12.537958,1600,True,simulated_from_model_type,5136,Brandhane 100 mm,6100_Brandhaner__Frederiksberg
H5137,55.677074,12.539125,1200,True,simulated_from_model_type,5137,Brandhane 80 mm,6100_Brandhaner__Frederiksberg
H5138,55.676915,12.540333,1200,True,simulated_from_model_type,5138,Brandhane 80 mm,6100_Brandhaner__Frederiksberg
H5139,55.679756,12.533868,1600,True,simulated_from_model_type,5139,Brandhane 100 mm,6100_Brandhaner__Frederiksberg
H5140,55.68043,12.534071,1200,True,simulated_from_model_type,5140,Brandhane 80 mm,6100_Brandhaner__Frederiksberg
H5141,55.679045,12.533782,1600,True,simulated_from_model_type,5141,Brandhane 100 mm,6100_Brandhaner__Frederiksberg
H5142,55.681155,12.534308,1600,True,simulated_from_model_type,5142,Brandhane 100 mm,6100_Brandhaner__Frederiksberg
H5143,55.679175,12.532688,600,True,simulated_from_model_type,5143,Brandhane 50 mm,6100_Brandhaner__Frederiksberg
H5144,55.680929,12.533894,1600,True,simulated_from_model_type,5144,Brandhane 100 mm,6100_Brandhaner__Frederiksberg
H5145,55.678293,12.538262,600,True,simulated_from_model_type,5145,Brandhane 50 mm,6100_Brandhaner__Frederiksberg
H5146,55.676648,12.541479,1200,True,simulated_from_model_type,5146,Brandhane 80 mm,6100_Brandhaner__Frederiksberg
H5147,55.676209,12.54206,1600,True,simulated_from_model_type,5147,Brandhane 100 mm,6100_Brandhaner__Frederiksberg
H5148,55.677988,12.535156,1600,True,simulated_from_model_type,5148,Brandhane 100 mm,6100_Brandhaner__Frederiksberg
H5149,55.676915,12.539079,1600,True,simulated_from_model_type,5149,Brandhane 100 mm,6100_Brandhaner__Frederiksberg
H5150,55.676631,12.540315,1600,True,simulated_from_model_type,5150,Brandhane 100 mm,6100_Brandhaner__Frederiksberg
H5151,55.676905,12.537196,600,True,simulated_from_model_type,5151,Brandhane 50 mm,6100_Brandhaner__Frederiksberg
H5152,55.67883,12.535585,600,True,simulated_from_model_type,5152,Brandhane 50 mm,6100_Brandhaner__Frederiksberg
H5153,55.679877,12.536041,600,True,simulated_from_model_type,5153,Brandhane 50 mm,6100_Brandhaner__Frederiksberg
H5154,55.680637,12.53771,600,True,simulated_from_model_type,5154,Brandhane 50 mm,6100_Brandhaner__Frederiksberg
H5155,55.680821,12.535054,600,True,simulated_from_model_type,5155,Brandhane 50 mm,6100_Brandhaner__Frederiksberg
H5156,55.679705,12.54511,600,True,simulated_from_model_type,5156,Brandhane 50 mm,6100_Brandhaner__Frederiksberg
H5157,55.679716,12.543083,1200,True,simulated_from_model_type,5157,Brandhane 80 mm,6100_Brandhaner__Frederiksberg
H5158,55.678576,12.542319,1200,True,simulated_from_model_type,5158,Brandhane 80 mm,6100_Brandhaner__Frederiksberg
H5159,55.679581,12.5393,1600,True,simulated_from_model_type,5159,Brandhane 100 mm,6100_Brandhaner__Frederiksberg
H5160,55.677973,12.541624,1600,True,simulated_from_model_type,5160,Brandhane 100 mm,6100_Brandhaner__Frederiksberg
H5161,55.679269,12.544125,600,True,simulated_from_model_type,5161,Brandhane 50 mm,6100_Brandhaner__Frederiksberg
H5162,55.678196,12.542418,1200,True,simulated_from_model_type,5162,Brandhane 80 mm,6100_Brandhaner__Frederiksberg
H5163,55.679225,12.542874,1600,True,simulated_from_model_type,5163,Brandhane 100 mm,6100_Brandhaner__Frederiksberg
H5164,55.680911,12.530363,1600,True,simulated_from_model_type,5164,Brandhane 100 mm,6100_Brandhaner__Frederiksberg
H5165,55.680092,12.530267,1200,True,simulated_from_model_type,5165,Brandhane 80 mm,6100_Brandhaner__Frederiksberg
H5166,55.680386,12.523976,1600,True,simulated_from_model_type,5166,Brandhane 100 mm,6100_Brandhaner__Frederiksberg
H5167,55.680175,12.524703,1200,True,simulated_from_model_type,5167,Brandhane 80 mm,6100_Brandhaner__Frederiksberg
H5168,55.678333,12.525791,1200,True,simulated_from_model_type,5168,Brandhane 80 mm,6100_Brandhaner__Frederiksberg
H5169,55.677102,12.529811,600,True,simulated_from_model_type,5169,Brandhane 50 mm,6100_Brandhaner__Frederiksberg
H5170,55.677694,12.522436,1600,True,simulated_from_model_type,5170,Brandhane 100 mm,6100_Brandhaner__Frederiksberg
H5171,55.679239,12.52156,1200,True,simulated_from_model_type,5171,Brandhane 80 mm,6100_Brandhaner__Frederiksberg
H5172,55.678515,12.52121,1200,True,simulated_from_model_type,5172,Brandhane 80 mm,6100_Brandhaner__Frederiksberg
H5173,55.67781,12.520904,1600,True,simulated_from_model_type,5173,Brandhane 100 mm,6100_Brandhaner__Frederiksberg
H5174,55.678978,12.523457,600,True,simulated_from_model_type,5174,Brandhane 50 mm,6100_Brandhaner__Frederiksberg
H5175,55.67967,12.523461,1200,True,simulated_from_model_type,5175,Brandhane 80 mm,6100_Brandhaner__Frederiksberg
H5176,55.679126,12.526408,1600,True,simulated_from_model_type,5176,Brandhane 100 mm,6100_Brandhaner__Frederiksberg
H5177,55.679423,12.525564,600,True,simulated_from_model_type,5177,Brandhane 50 mm,6100_Brandhaner__Frederiksberg
H5178,55.678818,12.53103,1200,True,simulated_from_model_type,5178,Brandhane 80 mm,6100_Brandhaner__Frederiksberg
H5179,55.680499,12.522707,1600,True,simulated_from_model_type,5179,Brandhane 100 mm,6100_Brandhaner__Frederiksberg
H5180,55.681097,12.522429,1600,True,simulated_from_model_type,5180,Brandhane 100 mm,6100_Brandhaner__Frederiksberg
H5181,55.680127,12.526553,1200,True,simulated_from_model_type,5181,Brandhane 80 mm,6100_Brandhaner__Frederiksberg
H5182,55.679527,12.531113,1600,True,simulated_from_model_type,5182,Brandhane 100 mm,6100_Brandhaner__Frederiksberg
H5183,55.679608,12.529346,1200,True,simulated_from_model_type,5183,Brandhane 80 mm,6100_Brandhaner__Frederiksberg
H5184,55.67824,12.529544,1200,True,simulated_from_model_type,5184,Brandhane 80 mm,6100_Brandhaner__Frederiksberg
H5185,55.683199,12.530285,1200,True,simulated_from_model_type,5185,Brandhane 80 mm,6100_Brandhaner__Frederiksberg
H5186,55.68315,12.529488,1600,True,simulated_from_model_type,5186,Brandhane 100 mm,6100_Brandhaner__Frederiksberg
H5187,55.684095,12.5259,1200,True,simulated_from_model_type,5187,Brandhane 80 mm,6100_Brandhaner__Frederiksberg
H5188,55.683396,12.529242,600,True,simulated_from_model_type,5188,Brandhane 50 mm,6100_Brandhaner__Frederiksberg
H5189,55.684565,12.52966,1200,True,simulated_from_model_type,5189,Brandhane 80 mm,6100_Brandhaner__Frederiksberg
H5190,55.683928,12.529153,1600,True,simulated_from_model_type,5190,Brandhane 100 mm,6100_Brandhaner__Frederiksberg
H5191,55.683083,12.533141,1600,True,simulated_from_model_type,5191,Brandhane 100 mm,6100_Brandhaner__Frederiksberg
H5192,55.684788,12.528517,1200,True,simulated_from_model_type,5192,Brandhane 80 mm,6100_Brandhaner__Frederiksberg
H5193,55.68405,12.527942,1200,True,simulated_from_model_type,5193,Brandhane 80 mm,6100_Brandhaner__Frederiksberg
H5194,55.683812,12.527259,1200,True,simulated_from_model_type,5194,Brandhane 80 mm,6100_Brandhaner__Frederiksberg
H5195,55.684357,12.52497,1200,True,simulated_from_model_type,5195,Brandhane 80 mm,6100_Brandhaner__Frederiksberg
H5196,55.681665,12.534213,1600,True,simulated_from_model_type,5196,Brandhane 100 mm,6100_Brandhaner__Frederiksberg
H5197,55.681965,12.532911,1600,True,simulated_from_model_type,5197,Brandhane 100 mm,6100_Brandhaner__Frederiksberg
H5198,55.681609,12.53103,1600,True,simulated_from_model_type,5198,Brandhane 100 mm,6100_Brandhaner__Frederiksberg
H5199,55.682001,12.524239,600,True,simulated_from_model_type,5199,Brandhane 50 mm,6100_Brandhaner__Frederiksberg
H5200,55.681796,12.527745,1600,True,simulated_from_model_type,5200,Brandhane 100 mm,6100_Brandhaner__Frederiksberg
H5201,55.684077,12.531353,1200,True,simulated_from_model_type,5201,Brandhane 80 mm,6100_Brandhaner__Frederiksberg
H5202,55.683695,12.532263,1200,True,simulated_from_model_type,5202,Brandhane 80 mm,6100_Brandhaner__Frederiksberg
H5203,55.682606,12.527133,1600,True,simulated_from_model_type,5203,Brandhane 100 mm,6100_Brandhaner__Frederiksberg
H5204,55.683047,12.527112,1200,True,simulated_from_model_type,5204,Brandhane 80 mm,6100_Brandhaner__Frederiksberg
H5205,55.683404,12.525658,600,True,simulated_from_model_type,5205,Brandhane 50 mm,6100_Brandhaner__Frederiksberg
H5206,55.685451,12.524394,1600,True,simulated_from_model_type,5206,Brandhane 100 mm,6100_Brandhaner__Frederiksberg
H5207,55.686102,12.521705,1600,True,simulated_from_model_type,5207,Brandhane 100 mm,6100_Brandhaner__Frederiksberg
H5208,55.682445,12.532506,1600,True,simulated_from_model_type,5208,Brandhane 100 mm,6100_Brandhaner__Frederiksberg
H5209,55.682845,12.531635,1200,True,simulated_from_model_type,5209,Brandhane 80 mm,6100_Brandhaner__Frederiksberg
H5210,55.682849,12.523822,1600,True,simulated_from_model_type,5210,Brandhane 100 mm,6100_Brandhaner__Frederiksberg
H5211,55.682481,12.526449,1200,True,simulated_from_model_type,5211,Brandhane 80 mm,6100_Brandhaner__Frederiksberg
H5212,55.681215,12.522948,1600,True,simulated_from_model_type,5212,Brandhane 100 mm,6100_Brandhaner__Frederiksberg
H5213,55.685248,12.52632,1600,True,simulated_from_model_type,5213,Brandhane 100 mm,6100_Brandhaner__Frederiksberg
H5214,55.684562,12.525798,1600,True,simulated_from_model_type,5214,Brandhane 100 mm,6100_Brandhaner__Frederiksberg
H5215,55.685496,12.528027,1600,True,simulated_from_model_type,5215,Brandhane 100 mm,6100_Brandhaner__Frederiksberg
H5216,55.68484,12.529721,1600,True,simulated_from_model_type,5216,Brandhane 100 mm,6100_Brandhaner__Frederiksberg
H5217,55.684709,12.530862,1200,True,simulated_from_model_type,5217,Brandhane 80 mm,6100_Brandhaner__Frederiksberg
H5218,55.685394,12.53206,1600,True,simulated_from_model_type,5218,Brandhane 100 mm,6100_Brandhaner__Frederiksberg
H5219,55.684564,12.533016,1200,True,simulated_from_model_type,5219,Brandhane 80 mm,6100_Brandhaner__Frederiksberg
H5220,55.682687,12.521086,1600,True,simulated_from_model_type,5220,Brandhane 100 mm,6100_Brandhaner__Frederiksberg
H5221,55.683494,12.521897,1600,True,simulated_from_model_type,5221,Brandhane 100 mm,6100_Brandhaner__Frederiksberg
H5222,55.683011,12.522926,1600,True,simulated_from_model_type,5222,Brandhane 100 mm,6100_Brandhaner__Frederiksberg
H5223,55.689417,12.525321,1200,True,simulated_from_model_type,5223,Brandhane 80 mm,6100_Brandhaner__Frederiksberg
H5224,55.685825,12.526594,1600,True,simulated_from_model_type,5224,Brandhane 100 mm,6100_Brandhaner__Frederiksberg
H5225,55.688329,12.526051,1600,True,simulated_from_model_type,5225,Brandhane 100 mm,6100_Brandhaner__Frederiksberg
H5226,55.689193,12.533908,1600,True,simulated_from_model_type,5226,Brandhane 100 mm,6100_Brandhaner__Frederiksberg
H5227,55.689534,12.533256,1600,True,simulated_from_model_type,5227,Brandhane 100 mm,6100_Brandhaner__Frederiksberg
H5228,55.687323,12.531001,1600,True,simulated_from_model_type,5228,Brandhane 100 mm,6100_Brandhaner__Frederiksberg
H5229,55.676621,12.509877,600,True,simulated_from_model_type,5229,Brandhane 50 mm,6100_Brandhaner__Frederiksberg
H5230,55.673278,12.520328,600,True,simulated_from_model_type,5230,Brandhane 50 mm,6100_Brandhaner__Frederiksberg
H5231,55.673305,12.5211,1200,True,simulated_from_model_type,5231,Brandhane 80 mm,6100_Brandhaner__Frederiksberg
H5232,55.671907,12.522862,1600,True,simulated_from_model_type,5232,Brandhane 100 mm,6100_Brandhaner__Frederiksberg
H5233,55.675167,12.515914,1600,True,simulated_from_model_type,5233,Brandhane 100 mm,6100_Brandhaner__Frederiksberg
H5234,55.675738,12.518311,600,True,simulated_from_model_type,5234,Brandhane 50 mm,6100_Brandhaner__Frederiksberg
H5235,55.675681,12.516677,600,True,simulated_from_model_type,5235,Brandhane 50 mm,6100_Brandhaner__Frederiksberg
H5236,55.676168,12.516414,600,True,simulated_from_model_type,5236,Brandhane 50 mm,6100_Brandhaner__Frederiksberg
H5237,55.676763,12.510855,600,True,simulated_from_model_type,5237,Brandhane 50 mm,6100_Brandhaner__Frederiksberg
H5238,55.676292,12.519143,1200,True,simulated_from_model_type,5238,Brandhane 80 mm,6100_Brandhaner__Frederiksberg
H5239,55.676933,12.518057,1600,True,simulated_from_model_type,5239,Brandhane 100 mm,6100_Brandhaner__Frederiksberg
H5240,55.675886,12.510776,600,True,simulated_from_model_type,5240,Brandhane 50 mm,6100_Brandhaner__Frederiksberg
H5241,55.675177,12.512288,1200,True,simulated_from_model_type,5241,Brandhane 80 mm,6100_Brandhaner__Frederiksberg
H5242,55.675322,12.513698,600,True,simulated_from_model_type,5242,Brandhane 50 mm,6100_Brandhaner__Frederiksberg
H5243,55.675309,12.51485,600,True,simulated_from_model_type,5243,Brandhane 50 mm,6100_Brandhaner__Frederiksberg
H5244,55.675297,12.515998,600,True,simulated_from_model_type,5244,Brandhane 50 mm,6100_Brandhaner__Frederiksberg
H5245,55.675281,12.517461,1600,True,simulated_from_model_type,5245,Brandhane 100 mm,6100_Brandhaner__Frederiksberg
H5246,55.675266,12.518655,600,True,simulated_from_model_type,5246,Brandhane 50 mm,6100_Brandhaner__Frederiksberg
H5247,55.676723,12.515093,600,True,simulated_from_model_type,5247,Brandhane 50 mm,6100_Brandhaner__Frederiksberg
H5248,55.676042,12.513564,1200,True,simulated_from_model_type,5248,Brandhane 80 mm,6100_Brandhaner__Frederiksberg
H5249,55.676232,12.517896,1200,True,simulated_from_model_type,5249,Brandhane 80 mm,6100_Brandhaner__Frederiksberg
H5250,55.672876,12.518765,1200,True,simulated_from_model_type,5250,Brandhane 80 mm,6100_Brandhaner__Frederiksberg
H5251,55.673825,12.518865,1200,True,simulated_from_model_type,5251,Brandhane 80 mm,6100_Brandhaner__Frederiksberg
H5252,55.676638,12.52008,1200,True,simulated_from_model_type,5252,Brandhane 80 mm,6100_Brandhaner__Frederiksberg
H5253,55.674605,12.519509,1200,True,simulated_from_model_type,5253,Brandhane 80 mm,6100_Brandhaner__Frederiksberg
H5254,55.67685,12.516233,600,True,simulated_from_model_type,5254,Brandhane 50 mm,6100_Brandhaner__Frederiksberg
H5255,55.676613,12.513499,600,True,simulated_from_model_type,5255,Brandhane 50 mm,6100_Brandhaner__Frederiksberg
H5256,55.676464,12.520322,1600,True,simulated_from_model_type,5256,Brandhane 100 mm,6100_Brandhaner__Frederiksberg
H5257,55.676755,12.511919,600,True,simulated_from_model_type,5257,Brandhane 50 mm,6100_Brandhaner__Frederiksberg
H5258,55.675979,12.512209,1200,True,simulated_from_model_type,5258,Brandhane 80 mm,6100_Brandhaner__Frederiksberg
H5259,55.676102,12.514992,600,True,simulated_from_model_type,5259,Brandhane 50 mm,6100_Brandhaner__Frederiksberg
H5260,55.673124,12.498326,1600,True,simulated_from_model_type,5260,Brandhane 100 mm,6100_Brandhaner__Frederiksberg
H5261,55.676892,12.505721,600,True,simulated_from_model_type,5261,Brandhane 50 mm,6100_Brandhaner__Frederiksberg
H5262,55.674885,12.508424,1200,True,simulated_from_model_type,5262,Brandhane 80 mm,6100_Brandhaner__Frederiksberg
H5263,55.676503,12.498311,1600,True,simulated_from_model_type,5263,Brandhane 100 mm,6100_Brandhaner__Frederiksberg
H5264,55.673254,12.500105,1600,True,simulated_from_model_type,5264,Brandhane 100 mm,6100_Brandhaner__Frederiksberg
H5265,55.67273,12.506602,1600,True,simulated_from_model_type,5265,Brandhane 100 mm,6100_Brandhaner__Frederiksberg
H5266,55.675839,12.506061,1200,True,simulated_from_model_type,5266,Brandhane 80 mm,6100_Brandhaner__Frederiksberg
H5267,55.673966,12.508668,1600,True,simulated_from_model_type,5267,Brandhane 100 mm,6100_Brandhaner__Frederiksberg
H5268,55.676858,12.499992,600,True,simulated_from_model_type,5268,Brandhane 50 mm,6100_Brandhaner__Frederiksberg
H5269,55.676981,12.502797,1200,True,simulated_from_model_type,5269,Brandhane 80 mm,6100_Brandhaner__Frederiksberg
H5270,55.675181,12.503293,1600,True,simulated_from_model_type,5270,Brandhane 100 mm,6100_Brandhaner__Frederiksberg
H5271,55.675327,12.50703,1200,True,simulated_from_model_type,5271,Brandhane 80 mm,6100_Brandhaner__Frederiksberg
H5272,55.673401,12.50634,1200,True,simulated_from_model_type,5272,Brandhane 80 mm,6100_Brandhaner__Frederiksberg
H5273,55.676312,12.508058,1200,True,simulated_from_model_type,5273,Brandhane 80 mm,6100_Brandhaner__Frederiksberg
H5274,55.675331,12.501218,600,True,simulated_from_model_type,5274,Brandhane 50 mm,6100_Brandhaner__Frederiksberg
H5275,55.67642,12.501644,600,True,simulated_from_model_type,5275,Brandhane 50 mm,6100_Brandhaner__Frederiksberg
H5276,55.672834,12.504104,1200,True,simulated_from_model_type,5276,Brandhane 80 mm,6100_Brandhaner__Frederiksberg
H5277,55.672952,12.501127,1600,True,simulated_from_model_type,5277,Brandhane 100 mm,6100_Brandhaner__Frederiksberg
H5278,55.675223,12.499551,1200,True,simulated_from_model_type,5278,Brandhane 80 mm,6100_Brandhaner__Frederiksberg
H5279,55.673927,12.500724,1600,True,simulated_from_model_type,5279,Brandhane 100 mm,6100_Brandhaner__Frederiksberg
H5280,55.673954,12.505588,1200,True,simulated_from_model_type,5280,Brandhane 80 mm,6100_Brandhaner__Frederiksberg
H5281,55.673071,12.503004,1200,True,simulated_from_model_type,5281,Brandhane 80 mm,6100_Brandhaner__Frederiksberg
H5282,55.67583,12.50486,1200,True,simulated_from_model_type,5282,Brandhane 80 mm,6100_Brandhaner__Frederiksberg
H5283,55.674815,12.505222,1200,True,simulated_from_model_type,5283,Brandhane 80 mm,6100_Brandhaner__Frederiksberg
H5284,55.675083,12.501366,1600,True,simulated_from_model_type,5284,Brandhane 100 mm,6100_Brandhaner__Frederiksberg
H5285,55.677649,12.498757,1600,True,simulated_from_model_type,5285,Brandhane 100 mm,6100_Brandhaner__Frederiksberg
H5286,55.673815,12.507726,1200,True,simulated_from_model_type,5286,Brandhane 80 mm,6100_Brandhaner__Frederiksberg
H5287,55.676011,12.507524,1600,True,simulated_from_model_type,5287,Brandhane 100 mm,6100_Brandhaner__Frederiksberg
H5288,55.673304,12.502294,1600,True,simulated_from_model_type,5288,Brandhane 100 mm,6100_Brandhaner__Frederiksberg
H5289,55.67418,12.502015,1600,True,simulated_from_model_type,5289,Brandhane 100 mm,6100_Brandhaner__Frederiksberg
H5290,55.674542,12.503873,1200,True,simulated_from_model_type,5290,Brandhane 80 mm,6100_Brandhaner__Frederiksberg
H5291,55.67691,12.501037,600,True,simulated_from_model_type,5291,Brandhane 50 mm,6100_Brandhaner__Frederiksberg
H5292,55.67404,12.499835,1600,True,simulated_from_model_type,5292,Brandhane 100 mm,6100_Brandhaner__Frederiksberg
H5293,55.675025,12.499918,1600,True,simulated_from_model_type,5293,Brandhane 100 mm,6100_Brandhaner__Frederiksberg
H5294,55.676035,12.499816,1200,True,simulated_from_model_type,5294,Brandhane 80 mm,6100_Brandhaner__Frederiksberg
H5295,55.678029,12.510388,600,True,simulated_from_model_type,5295,Brandhane 50 mm,6100_Brandhaner__Frederiksberg
H5296,55.679017,12.521101,1600,True,simulated_from_model_type,5296,Brandhane 100 mm,6100_Brandhaner__Frederiksberg
H5297,55.677511,12.514426,600,True,simulated_from_model_type,5297,Brandhane 50 mm,6100_Brandhaner__Frederiksberg
H5298,55.680643,12.515688,1600,True,simulated_from_model_type,5298,Brandhane 100 mm,6100_Brandhaner__Frederiksberg
H5299,55.679921,12.515033,600,True,simulated_from_model_type,5299,Brandhane 50 mm,6100_Brandhaner__Frederiksberg
H5300,55.678521,12.511535,1200,True,simulated_from_model_type,5300,Brandhane 80 mm,6100_Brandhaner__Frederiksberg
H5301,55.679366,12.511075,600,True,simulated_from_model_type,5301,Brandhane 50 mm,6100_Brandhaner__Frederiksberg
H5302,55.677675,12.511157,1200,True,simulated_from_model_type,5302,Brandhane 80 mm,6100_Brandhaner__Frederiksberg
H5303,55.681505,12.51409,1200,True,simulated_from_model_type,5303,Brandhane 80 mm,6100_Brandhaner__Frederiksberg
H5304,55.680974,12.521096,1600,True,simulated_from_model_type,5304,Brandhane 100 mm,6100_Brandhaner__Frederiksberg
H5305,55.681204,12.518466,1600,True,simulated_from_model_type,5305,Brandhane 100 mm,6100_Brandhaner__Frederiksberg
H5306,55.680837,12.520631,1600,True,simulated_from_model_type,5306,Brandhane 100 mm,6100_Brandhaner__Frederiksberg
H5307,55.680545,12.520189,1600,True,simulated_from_model_type,5307,Brandhane 100 mm,6100_Brandhaner__Frederiksberg
H5308,55.678169,12.513677,600,True,simulated_from_model_type,5308,Brandhane 50 mm,6100_Brandhaner__Frederiksberg
H5309,55.678519,12.514331,600,True,simulated_from_model_type,5309,Brandhane 50 mm,6100_Brandhaner__Frederiksberg
H5310,55.681047,12.513023,1200,True,simulated_from_model_type,5310,Brandhane 80 mm,6100_Brandhaner__Frederiksberg
H5311,55.679886,12.512367,1200,True,simulated_from_model_type,5311,Brandhane 80 mm,6100_Brandhaner__Frederiksberg
H5312,55.677656,12.518613,600,True,simulated_from_model_type,5312,Brandhane 50 mm,6100_Brandhaner__Frederiksberg
H5313,55.678969,12.51674,1600,True,simulated_from_model_type,5313,Brandhane 100 mm,6100_Brandhaner__Frederiksberg
H5314,55.678993,12.517616,1600,True,simulated_from_model_type,5314,Brandhane 100 mm,6100_Brandhaner__Frederiksberg
H5315,55.679127,12.519844,1600,True,simulated_from_model_type,5315,Brandhane 100 mm,6100_Brandhaner__Frederiksberg
H5316,55.679287,12.519008,1600,True,simulated_from_model_type,5316,Brandhane 100 mm,6100_Brandhaner__Frederiksberg
H5317,55.678809,12.51233,1200,True,simulated_from_model_type,5317,Brandhane 80 mm,6100_Brandhaner__Frederiksberg
H5318,55.679984,12.520391,1200,True,simulated_from_model_type,5318,Brandhane 80 mm,6100_Brandhaner__Frederiksberg
H5319,55.679066,12.513502,1600,True,simulated_from_model_type,5319,Brandhane 100 mm,6100_Brandhaner__Frederiksberg
H5320,55.680022,12.513732,1200,True,simulated_from_model_type,5320,Brandhane 80 mm,6100_Brandhaner__Frederiksberg
H5321,55.677578,12.513276,600,True,simulated_from_model_type,5321,Brandhane 50 mm,6100_Brandhaner__Frederiksberg
H5322,55.676995,12.519406,1600,True,simulated_from_model_type,5322,Brandhane 100 mm,6100_Brandhaner__Frederiksberg
H5323,55.681103,12.519261,1600,True,simulated_from_model_type,5323,Brandhane 100 mm,6100_Brandhaner__Frederiksberg
H5324,55.680385,12.519025,1600,True,simulated_from_model_type,5324,Brandhane 100 mm,6100_Brandhaner__Frederiksberg
H5325,55.677576,12.516817,600,True,simulated_from_model_type,5325,Brandhane 50 mm,6100_Brandhaner__Frederiksberg
H5326,55.680144,12.521583,1200,True,simulated_from_model_type,5326,Brandhane 80 mm,6100_Brandhaner__Frederiksberg
H5327,55.679121,12.515268,1600,True,simulated_from_model_type,5327,Brandhane 100 mm,6100_Brandhaner__Frederiksberg
H5328,55.678885,12.514997,1200,True,simulated_from_model_type,5328,Brandhane 80 mm,6100_Brandhaner__Frederiksberg
H5329,55.678848,12.513715,1600,True,simulated_from_model_type,5329,Brandhane 100 mm,6100_Brandhaner__Frederiksberg
H5330,55.678748,12.510259,1200,True,simulated_from_model_type,5330,Brandhane 80 mm,6100_Brandhaner__Frederiksberg
H5331,55.679403,12.520704,600,True,simulated_from_model_type,5331,Brandhane 50 mm,6100_Brandhaner__Frederiksberg
H5332,55.680027,12.521054,600,True,simulated_from_model_type,5332,Brandhane 50 mm,6100_Brandhaner__Frederiksberg
H5333,55.680065,12.520935,600,True,simulated_from_model_type,5333,Brandhane 50 mm,6100_Brandhaner__Frederiksberg
H5334,55.680058,12.517834,1600,True,simulated_from_model_type,5334,Brandhane 100 mm,6100_Brandhaner__Frederiksberg
H5335,55.679165,12.51689,1200,True,simulated_from_model_type,5335,Brandhane 80 mm,6100_Brandhaner__Frederiksberg
H5336,55.677564,12.512232,1200,True,simulated_from_model_type,5336,Brandhane 80 mm,6100_Brandhaner__Frederiksberg
H5337,55.678335,12.512522,600,True,simulated_from_model_type,5337,Brandhane 50 mm,6100_Brandhaner__Frederiksberg
H5338,55.677454,12.515375,1600,True,simulated_from_model_type,5338,Brandhane 100 mm,6100_Brandhaner__Frederiksberg
H5339,55.677845,12.520435,1600,True,simulated_from_model_type,5339,Brandhane 100 mm,6100_Brandhaner__Frederiksberg
H5340,55.68123,12.510342,1600,True,simulated_from_model_type,5340,Brandhane 100 mm,6100_Brandhaner__Frederiksberg
H5341,55.677708,12.517393,1600,True,simulated_from_model_type,5341,Brandhane 100 mm,6100_Brandhaner__Frederiksberg
H5342,55.681334,12.516385,1600,True,simulated_from_model_type,5342,Brandhane 100 mm,6100_Brandhaner__Frederiksberg
H5343,55.677065,12.50784,600,True,simulated_from_model_type,5343,Brandhane 50 mm,6100_Brandhaner__Frederiksberg
H5344,55.680853,12.506133,1200,True,simulated_from_model_type,5344,Brandhane 80 mm,6100_Brandhaner__Frederiksberg
H5345,55.678431,12.508746,1600,True,simulated_from_model_type,5345,Brandhane 100 mm,6100_Brandhaner__Frederiksberg
H5346,55.677633,12.504228,600,True,simulated_from_model_type,5346,Brandhane 50 mm,6100_Brandhaner__Frederiksberg
H5347,55.678762,12.503748,1600,True,simulated_from_model_type,5347,Brandhane 100 mm,6100_Brandhaner__Frederiksberg
H5348,55.678825,12.502131,1200,True,simulated_from_model_type,5348,Brandhane 80 mm,6100_Brandhaner__Frederiksberg
H5349,55.68086,12.501167,1200,True,simulated_from_model_type,5349,Brandhane 80 mm,6100_Brandhaner__Frederiksberg
H5350,55.680074,12.501528,1600,True,simulated_from_model_type,5350,Brandhane 100 mm,6100_Brandhaner__Frederiksberg
H5351,55.67866,12.50729,1600,True,simulated_from_model_type,5351,Brandhane 100 mm,6100_Brandhaner__Frederiksberg
H5352,55.678528,12.505493,1200,True,simulated_from_model_type,5352,Brandhane 80 mm,6100_Brandhaner__Frederiksberg
H5353,55.679072,12.506883,1200,True,simulated_from_model_type,5353,Brandhane 80 mm,6100_Brandhaner__Frederiksberg
H5354,55.678823,12.505857,1600,True,simulated_from_model_type,5354,Brandhane 100 mm,6100_Brandhaner__Frederiksberg
H5355,55.678656,12.500267,1600,True,simulated_from_model_type,5355,Brandhane 100 mm,6100_Brandhaner__Frederiksberg
H5356,55.67992,12.499372,1600,True,simulated_from_model_type,5356,Brandhane 100 mm,6100_Brandhaner__Frederiksberg
H5357,55.680918,12.509442,1600,True,simulated_from_model_type,5357,Brandhane 100 mm,6100_Brandhaner__Frederiksberg
H5358,55.681097,12.508426,1200,True,simulated_from_model_type,5358,Brandhane 80 mm,6100_Brandhaner__Frederiksberg
H5359,55.679812,12.508619,1200,True,simulated_from_model_type,5359,Brandhane 80 mm,6100_Brandhaner__Frederiksberg
H5360,55.679515,12.508364,1200,True,simulated_from_model_type,5360,Brandhane 80 mm,6100_Brandhaner__Frederiksberg
H5361,55.680986,12.507567,1200,True,simulated_from_model_type,5361,Brandhane 80 mm,6100_Brandhaner__Frederiksberg
H5362,55.680116,12.507036,1200,True,simulated_from_model_type,5362,Brandhane 80 mm,6100_Brandhaner__Frederiksberg
H5363,55.678464,12.500942,1200,True,simulated_from_model_type,5363,Brandhane 80 mm,6100_Brandhaner__Frederiksberg
H5364,55.679204,12.500328,600,True,simulated_from_model_type,5364,Brandhane 50 mm,6100_Brandhaner__Frederiksberg
H5365,55.678569,12.498224,1600,True,simulated_from_model_type,5365,Brandhane 100 mm,6100_Brandhaner__Frederiksberg
H5366,55.678343,12.498475,1200,True,simulated_from_model_type,5366,Brandhane 80 mm,6100_Brandhaner__Frederiksberg
H5367,55.678042,12.50698,600,True,simulated_from_model_type,5367,Brandhane 50 mm,6100_Brandhaner__Frederiksberg
H5368,55.680819,12.505142,1200,True,simulated_from_model_type,5368,Brandhane 80 mm,6100_Brandhaner__Frederiksberg
H5369,55.681647,12.504014,1600,True,simulated_from_model_type,5369,Brandhane 100 mm,6100_Brandhaner__Frederiksberg
H5370,55.680022,12.504482,600,True,simulated_from_model_type,5370,Brandhane 50 mm,6100_Brandhaner__Frederiksberg
H5371,55.679785,12.50457,1600,True,simulated_from_model_type,5371,Brandhane 100 mm,6100_Brandhaner__Frederiksberg
H5372,55.679093,12.509382,1600,True,simulated_from_model_type,5372,Brandhane 100 mm,6100_Brandhaner__Frederiksberg
H5373,55.679606,12.509309,1200,True,simulated_from_model_type,5373,Brandhane 80 mm,6100_Brandhaner__Frederiksberg
H5374,55.680841,12.503073,1200,True,simulated_from_model_type,5374,Brandhane 80 mm,6100_Brandhaner__Frederiksberg
H5375,55.681392,12.506766,1600,True,simulated_from_model_type,5375,Brandhane 100 mm,6100_Brandhaner__Frederiksberg
H5376,55.679629,12.505461,1200,True,simulated_from_model_type,5376,Brandhane 80 mm,6100_Brandhaner__Frederiksberg
H5377,55.678076,12.502718,1200,True,simulated_from_model_type,5377,Brandhane 80 mm,6100_Brandhaner__Frederiksberg
H5378,55.681602,12.498267,1600,True,simulated_from_model_type,5378,Brandhane 100 mm,6100_Brandhaner__Frederiksberg
H5379,55.677869,12.501571,1200,True,simulated_from_model_type,5379,Brandhane 80 mm,6100_Brandhaner__Frederiksberg
H5380,55.672872,12.496505,1600,True,simulated_from_model_type,5380,Brandhane 100 mm,6100_Brandhaner__Frederiksberg
H5381,55.683831,12.522981,1600,True,simulated_from_model_type,5381,Brandhane 100 mm,6100_Brandhaner__Frederiksberg
H5382,55.686088,12.541403,1600,True,simulated_from_model_type,5382,Brandhane 100 mm,6100_Brandhaner__Frederiksberg
H5383,55.687222,12.53856,1200,True,simulated_from_model_type,5383,Brandhane 80 mm,6100_Brandhaner__Frederiksberg
H5384,55.688225,12.534742,1200,True,simulated_from_model_type,5384,Brandhane 80 mm,6100_Brandhaner__Frederiksberg
H5385,55.68704,12.539476,1600,True,simulated_from_model_type,5385,Brandhane 100 mm,6100_Brandhaner__Frederiksberg
H5386,55.685871,12.535888,1200,True,simulated_from_model_type,5386,Brandhane 80 mm,6100_Brandhaner__Frederiksberg
H5387,55.6856,12.537773,1200,True,simulated_from_model_type,5387,Brandhane 80 mm,6100_Brandhaner__Frederiksberg
H5388,55.68581,12.536858,600,True,simulated_from_model_type,5388,Brandhane 50 mm,6100_Brandhaner__Frederiksberg
H5389,55.686057,12.535781,1600,True,simulated_from_model_type,5389,Brandhane 100 mm,6100_Brandhaner__Frederiksberg
H5390,55.686439,12.534101,1200,True,simulated_from_model_type,5390,Brandhane 80 mm,6100_Brandhaner__Frederiksberg
H5391,55.686078,12.539316,1600,True,simulated_from_model_type,5391,Brandhane 100 mm,6100_Brandhaner__Frederiksberg
H5392,55.686611,12.53748,1200,True,simulated_from_model_type,5392,Brandhane 80 mm,6100_Brandhaner__Frederiksberg
H5393,55.687491,12.534362,1200,True,simulated_from_model_type,5393,Brandhane 80 mm,6100_Brandhaner__Frederiksberg
H5394,55.687378,12.540734,1600,True,simulated_from_model_type,5394,Brandhane 100 mm,6100_Brandhaner__Frederiksberg
H5395,55.687904,12.538893,600,True,simulated_from_model_type,5395,Brandhane 50 mm,6100_Brandhaner__Frederiksberg
H5396,55.688224,12.537797,600,True,simulated_from_model_type,5396,Brandhane 50 mm,6100_Brandhaner__Frederiksberg
H5397,55.688598,12.536487,1600,True,simulated_from_model_type,5397,Brandhane 100 mm,6100_Brandhaner__Frederiksberg
H5398,55.688951,12.535254,600,True,simulated_from_model_type,5398,Brandhane 50 mm,6100_Brandhaner__Frederiksberg
H5399,55.690032,12.534402,1600,True,simulated_from_model_type,5399,Brandhane 100 mm,6100_Brandhaner__Frederiksberg
H5400,55.688105,12.540028,1200,True,simulated_from_model_type,5400,Brandhane 80 mm,6100_Brandhaner__Frederiksberg
H5401,55.688996,12.537938,1600,True,simulated_from_model_type,5401,Brandhane 100 mm,6100_Brandhaner__Frederiksberg
H5402,55.68632,12.539931,1600,True,simulated_from_model_type,5402,Brandhane 100 mm,6100_Brandhaner__Frederiksberg
H5403,55.686412,12.534815,1600,True,simulated_from_model_type,5403,Brandhane 100 mm,6100_Brandhaner__Frederiksberg
H5404,55.688327,12.539182,1600,True,simulated_from_model_type,5404,Brandhane 100 mm,6100_Brandhaner__Frederiksberg
H5405,55.686416,12.539082,1200,True,simulated_from_model_type,5405,Brandhane 80 mm,6100_Brandhaner__Frederiksberg
H5406,55.686914,12.536905,1200,True,simulated_from_model_type,5406,Brandhane 80 mm,6100_Brandhaner__Frederiksberg
H5407,55.687061,12.535487,1200,True,simulated_from_model_type,5407,Brandhane 80 mm,6100_Brandhaner__Frederiksberg
H5408,55.68791,12.540098,1600,True,simulated_from_model_type,5408,Brandhane 100 mm,6100_Brandhaner__Frederiksberg
H5409,55.687578,12.539991,600,True,simulated_from_model_type,5409,Brandhane 50 mm,6100_Brandhaner__Frederiksberg
H5410,55.687141,12.542036,1600,True,simulated_from_model_type,5410,Brandhane 100 mm,6100_Brandhaner__Frederiksberg
H5411,55.686819,12.540495,600,True,simulated_from_model_type,5411,Brandhane 50 mm,6100_Brandhaner__Frederiksberg
H5412,55.68556,12.539081,1600,True,simulated_from_model_type,5412,Brandhane 100 mm,6100_Brandhaner__Frederiksberg
H5413,55.687823,12.536532,1200,True,simulated_from_model_type,5413,Brandhane 80 mm,6100_Brandhaner__Frederiksberg
H5414,55.689796,12.535471,1600,True,simulated_from_model_type,5414,Brandhane 100 mm,6100_Brandhaner__Frederiksberg
H5415,55.689496,12.536604,1600,True,simulated_from_model_type,5415,Brandhane 100 mm,6100_Brandhaner__Frederiksberg
H5416,55.686179,12.532685,1600,True,simulated_from_model_type,5416,Brandhane 100 mm,6100_Brandhaner__Frederiksberg
H5417,55.688807,12.522828,1600,True,simulated_from_model_type,5417,Brandhane 100 mm,6100_Brandhaner__Frederiksberg
H5418,55.687491,12.529814,600,True,simulated_from_model_type,5418,Brandhane 50 mm,6100_Brandhaner__Frederiksberg
H5419,55.686021,12.529787,1600,True,simulated_from_model_type,5419,Brandhane 100 mm,6100_Brandhaner__Frederiksberg
H5420,55.687668,12.528717,1200,True,simulated_from_model_type,5420,Brandhane 80 mm,6100_Brandhaner__Frederiksberg
H5421,55.688784,12.524462,1600,True,simulated_from_model_type,5421,Brandhane 100 mm,6100_Brandhaner__Frederiksberg
H5422,55.687149,12.528976,1600,True,simulated_from_model_type,5422,Brandhane 100 mm,6100_Brandhaner__Frederiksberg
H5423,55.68575,12.526702,600,True,simulated_from_model_type,5423,Brandhane 50 mm,6100_Brandhaner__Frederiksberg
H5424,55.689665,12.532356,1600,True,simulated_from_model_type,5424,Brandhane 100 mm,6100_Brandhaner__Frederiksberg
H5425,55.686631,12.533281,600,True,simulated_from_model_type,5425,Brandhane 50 mm,6100_Brandhaner__Frederiksberg
H5426,55.688607,12.529553,1200,True,simulated_from_model_type,5426,Brandhane 80 mm,6100_Brandhaner__Frederiksberg
H5427,55.687648,12.532554,1600,True,simulated_from_model_type,5427,Brandhane 100 mm,6100_Brandhaner__Frederiksberg
H5428,55.688146,12.532909,1200,True,simulated_from_model_type,5428,Brandhane 80 mm,6100_Brandhaner__Frederiksberg
H5429,55.68802,12.527322,1600,True,simulated_from_model_type,5429,Brandhane 100 mm,6100_Brandhaner__Frederiksberg
H5430,55.687349,12.5272,1600,True,simulated_from_model_type,5430,Brandhane 100 mm,6100_Brandhaner__Frederiksberg
H5431,55.687259,12.526813,1200,True,simulated_from_model_type,5431,Brandhane 80 mm,6100_Brandhaner__Frederiksberg
H5432,55.687479,12.524339,1600,True,simulated_from_model_type,5432,Brandhane 100 mm,6100_Brandhaner__Frederiksberg
H5433,55.686509,12.526243,1200,True,simulated_from_model_type,5433,Brandhane 80 mm,6100_Brandhaner__Frederiksberg
H5434,55.68578,12.525699,1200,True,simulated_from_model_type,5434,Brandhane 80 mm,6100_Brandhaner__Frederiksberg
H5435,55.686445,12.531148,600,True,simulated_from_model_type,5435,Brandhane 50 mm,6100_Brandhaner__Frederiksberg
H5436,55.685825,12.53066,1200,True,simulated_from_model_type,5436,Brandhane 80 mm,6100_Brandhaner__Frederiksberg
H5437,55.688439,12.524278,1200,True,simulated_from_model_type,5437,Brandhane 80 mm,6100_Brandhaner__Frederiksberg
H5438,55.690015,12.527701,1600,True,simulated_from_model_type,5438,Brandhane 100 mm,6100_Brandhaner__Frederiksberg
H5439,55.689139,12.526886,1600,True,simulated_from_model_type,5439,Brandhane 100 mm,6100_Brandhaner__Frederiksberg
H5440,55.689783,12.524054,1200,True,simulated_from_model_type,5440,Brandhane 80 mm,6100_Brandhaner__Frederiksberg
H5441,55.687949,12.531458,1600,True,simulated_from_model_type,5441,Brandhane 100 mm,6100_Brandhaner__Frederiksberg
H5442,55.685636,12.533539,1600,True,simulated_from_model_type,5442,Brandhane 100 mm,6100_Brandhaner__Frederiksberg
H5443,55.686478,12.532896,1600,True,simulated_from_model_type,5443,Brandhane 100 mm,6100_Brandhaner__Frederiksberg
H5444,55.686733,12.531678,1600,True,simulated_from_model_type,5444,Brandhane 100 mm,6100_Brandhaner__Frederiksberg
H5445,55.686902,12.532323,1200,True,simulated_from_model_type,5445,Brandhane 80 mm,6100_Brandhaner__Frederiksberg
H5446,55.688201,12.525634,1200,True,simulated_from_model_type,5446,Brandhane 80 mm,6100_Brandhaner__Frederiksberg
H5447,55.688265,12.530183,1200,True,simulated_from_model_type,5447,Brandhane 80 mm,6100_Brandhaner__Frederiksberg
H5448,55.686532,12.522981,1600,True,simulated_from_model_type,5448,Brandhane 100 mm,6100_Brandhaner__Frederiksberg
H5449,55.689063,12.528863,1600,True,simulated_from_model_type,5449,Brandhane 100 mm,6100_Brandhaner__Frederiksberg
H5450,55.68839,12.527887,1200,True,simulated_from_model_type,5450,Brandhane 80 mm,6100_Brandhaner__Frederiksberg
H5451,55.686712,12.524926,1600,True,simulated_from_model_type,5451,Brandhane 100 mm,6100_Brandhaner__Frederiksberg
H5452,55.686385,12.523818,1600,True,simulated_from_model_type,5452,Brandhane 100 mm,6100_Brandhaner__Frederiksberg
H5453,55.68674,12.53004,1200,True,simulated_from_model_type,5453,Brandhane 80 mm,6100_Brandhaner__Frederiksberg
H5454,55.686275,12.528294,1200,True,simulated_from_model_type,5454,Brandhane 80 mm,6100_Brandhaner__Frederiksberg
H5455,55.690438,12.530222,1600,True,simulated_from_model_type,5455,Brandhane 100 mm,6100_Brandhaner__Frederiksberg
H5456,55.690131,12.531304,1600,True,simulated_from_model_type,5456,Brandhane 100 mm,6100_Brandhaner__Frederiksberg
H5457,55.689071,12.530966,1600,True,simulated_from_model_type,5457,Brandhane 100 mm,6100_Brandhaner__Frederiksberg
H5458,55.68888,12.531982,600,True,simulated_from_model_type,5458,Brandhane 50 mm,6100_Brandhaner__Frederiksberg
H5459,55.689446,12.529314,1600,True,simulated_from_model_type,5459,Brandhane 100 mm,6100_Brandhaner__Frederiksberg
H5460,55.687139,12.527755,1200,True,simulated_from_model_type,5460,Brandhane 80 mm,6100_Brandhaner__Frederiksberg
H5461,55.693933,12.533421,1600,True,simulated_from_model_type,5461,Brandhane 100 mm,6100_Brandhaner__Frederiksberg
H5462,55.694567,12.528436,600,True,simulated_from_model_type,5462,Brandhane 50 mm,6100_Brandhaner__Frederiksberg
H5463,55.693862,12.524714,1600,True,simulated_from_model_type,5463,Brandhane 100 mm,6100_Brandhaner__Frederiksberg
H5464,55.691433,12.523743,1600,True,simulated_from_model_type,5464,Brandhane 100 mm,6100_Brandhaner__Frederiksberg
H5465,55.692549,12.532122,1600,True,simulated_from_model_type,5465,Brandhane 100 mm,6100_Brandhaner__Frederiksberg
H5466,55.690819,12.528453,1600,True,simulated_from_model_type,5466,Brandhane 100 mm,6100_Brandhaner__Frederiksberg
H5467,55.690116,12.526618,1200,True,simulated_from_model_type,5467,Brandhane 80 mm,6100_Brandhaner__Frederiksberg
H5468,55.693108,12.525263,1200,True,simulated_from_model_type,5468,Brandhane 80 mm,6100_Brandhaner__Frederiksberg
H5469,55.693084,12.526979,600,True,simulated_from_model_type,5469,Brandhane 50 mm,6100_Brandhaner__Frederiksberg
H5470,55.692346,12.526255,1200,True,simulated_from_model_type,5470,Brandhane 80 mm,6100_Brandhaner__Frederiksberg
H5471,55.694629,12.525364,600,True,simulated_from_model_type,5471,Brandhane 50 mm,6100_Brandhaner__Frederiksberg
H5472,55.694608,12.526836,1600,True,simulated_from_model_type,5472,Brandhane 100 mm,6100_Brandhaner__Frederiksberg
H5473,55.692213,12.524458,1200,True,simulated_from_model_type,5473,Brandhane 80 mm,6100_Brandhaner__Frederiksberg
H5474,55.693778,12.526163,600,True,simulated_from_model_type,5474,Brandhane 50 mm,6100_Brandhaner__Frederiksberg
H5475,55.694314,12.523782,1200,True,simulated_from_model_type,5475,Brandhane 80 mm,6100_Brandhaner__Frederiksberg
H5476,55.69323,12.523175,1200,True,simulated_from_model_type,5476,Brandhane 80 mm,6100_Brandhaner__Frederiksberg
H5477,55.693172,12.523346,1600,True,simulated_from_model_type,5477,Brandhane 100 mm,6100_Brandhaner__Frederiksberg
H5478,55.692856,12.532069,1200,True,simulated_from_model_type,5478,Brandhane 80 mm,6100_Brandhaner__Frederiksberg
H5479,55.692219,12.531467,1200,True,simulated_from_model_type,5479,Brandhane 80 mm,6100_Brandhaner__Frederiksberg
H5480,55.691601,12.530891,1200,True,simulated_from_model_type,5480,Brandhane 80 mm,6100_Brandhaner__Frederiksberg
H5481,55.690219,12.529599,1200,True,simulated_from_model_type,5481,Brandhane 80 mm,6100_Brandhaner__Frederiksberg
H5482,55.690877,12.53056,1600,True,simulated_from_model_type,5482,Brandhane 100 mm,6100_Brandhaner__Frederiksberg
H5483,55.691294,12.531133,1600,True,simulated_from_model_type,5483,Brandhane 100 mm,6100_Brandhaner__Frederiksberg
H5484,55.693559,12.529092,1600,True,simulated_from_model_type,5484,Brandhane 100 mm,6100_Brandhaner__Frederiksberg
H5485,55.691615,12.527101,1200,True,simulated_from_model_type,5485,Brandhane 80 mm,6100_Brandhaner__Frederiksberg
H5486,55.69051,12.526053,1600,True,simulated_from_model_type,5486,Brandhane 100 mm,6100_Brandhaner__Frederiksberg
H5487,55.693341,12.530813,1600,True,simulated_from_model_type,5487,Brandhane 100 mm,6100_Brandhaner__Frederiksberg
H5488,55.692601,12.530125,600,True,simulated_from_model_type,5488,Brandhane 50 mm,6100_Brandhaner__Frederiksberg
H5489,55.693767,12.527691,600,True,simulated_from_model_type,5489,Brandhane 50 mm,6100_Brandhaner__Frederiksberg
H5490,55.691815,12.529601,1200,True,simulated_from_model_type,5490,Brandhane 80 mm,6100_Brandhaner__Frederiksberg
H5491,55.692341,12.527821,600,True,simulated_from_model_type,5491,Brandhane 50 mm,6100_Brandhaner__Frederiksberg
H5492,55.694545,12.533999,1200,True,simulated_from_model_type,5492,Brandhane 80 mm,6100_Brandhaner__Frederiksberg
H5493,55.694251,12.534609,1600,True,simulated_from_model_type,5493,Brandhane 100 mm,6100_Brandhaner__Frederiksberg
H5494,55.692221,12.534609,1200,True,simulated_from_model_type,5494,Brandhane 80 mm,6100_Brandhaner__Frederiksberg
H5495,55.692048,12.532887,1600,True,simulated_from_model_type,5495,Brandhane 100 mm,6100_Brandhaner__Frederiksberg
H5496,55.690941,12.531808,1600,True,simulated_from_model_type,5496,Brandhane 100 mm,6100_Brandhaner__Frederiksberg
H5497,55.690677,12.53267,1600,True,simulated_from_model_type,5497,Brandhane 100 mm,6100_Brandhaner__Frederiksberg
H5498,55.694184,12.531472,1600,True,simulated_from_model_type,5498,Brandhane 100 mm,6100_Brandhaner__Frederiksberg
H5499,55.693086,12.533804,1600,True,simulated_from_model_type,5499,Brandhane 100 mm,6100_Brandhaner__Frederiksberg
H5500,55.694605,12.530142,1200,True,simulated_from_model_type,5500,Brandhane 80 mm,6100_Brandhaner__Frederiksberg
H5501,55.694329,12.529901,1600,True,simulated_from_model_type,5501,Brandhane 100 mm,6100_Brandhaner__Frederiksberg
H5502,55.69737,12.538272,600,True,simulated_from_model_type,5502,Brandhane 50 mm,6100_Brandhaner__Frederiksberg
H5503,55.696876,12.535859,1600,True,simulated_from_model_type,5503,Brandhane 100 mm,6100_Brandhaner__Frederiksberg
H5504,55.695606,12.534982,1600,True,simulated_from_model_type,5504,Brandhane 100 mm,6100_Brandhaner__Frederiksberg
H5505,55.696189,12.53552,1600,True,simulated_from_model_type,5505,Brandhane 100 mm,6100_Brandhaner__Frederiksberg
H5506,55.696504,12.535193,1600,True,simulated_from_model_type,5506,Brandhane 100 mm,6100_Brandhaner__Frederiksberg
H5507,55.696064,12.535064,1600,True,simulated_from_model_type,5507,Brandhane 100 mm,6100_Brandhaner__Frederiksberg
H5508,55.696896,12.535535,1200,True,simulated_from_model_type,5508,Brandhane 80 mm,6100_Brandhaner__Frederiksberg
H5509,55.696912,12.537117,1200,True,simulated_from_model_type,5509,Brandhane 80 mm,6100_Brandhaner__Frederiksberg
H5510,55.696654,12.53276,1600,True,simulated_from_model_type,5510,Brandhane 100 mm,6100_Brandhaner__Frederiksberg
H5511,55.695118,12.528191,1200,True,simulated_from_model_type,5511,Brandhane 80 mm,6100_Brandhaner__Frederiksberg
H5512,55.694948,12.529151,1200,True,simulated_from_model_type,5512,Brandhane 80 mm,6100_Brandhaner__Frederiksberg
H5513,55.695365,12.53097,1600,True,simulated_from_model_type,5513,Brandhane 100 mm,6100_Brandhaner__Frederiksberg
H5514,55.696761,12.533798,1600,True,simulated_from_model_type,5514,Brandhane 100 mm,6100_Brandhaner__Frederiksberg
H5515,55.694776,12.533237,600,True,simulated_from_model_type,5515,Brandhane 50 mm,6100_Brandhaner__Frederiksberg
H5516,55.695875,12.533637,1600,True,simulated_from_model_type,5516,Brandhane 100 mm,6100_Brandhaner__Frederiksberg
H5517,55.694768,12.531692,1600,True,simulated_from_model_type,5517,Brandhane 100 mm,6100_Brandhaner__Frederiksberg
H5518,55.694508,12.532817,1600,True,simulated_from_model_type,5518,Brandhane 100 mm,6100_Brandhaner__Frederiksberg
H5519,55.690179,12.520823,600,True,simulated_from_model_type,5519,Brandhane 50 mm,6100_Brandhaner__Frederiksberg
H5520,55.691434,12.519378,1200,True,simulated_from_model_type,5520,Brandhane 80 mm,6100_Brandhaner__Frederiksberg
H5521,55.690511,12.520183,1200,True,simulated_from_model_type,5521,Brandhane 80 mm,6100_Brandhaner__Frederiksberg
H5522,55.691551,12.522041,1600,True,simulated_from_model_type,5522,Brandhane 100 mm,6100_Brandhaner__Frederiksberg
H5523,55.691842,12.522065,1600,True,simulated_from_model_type,5523,Brandhane 100 mm,6100_Brandhaner__Frederiksberg
H5524,55.691621,12.521892,600,True,simulated_from_model_type,5524,Brandhane 50 mm,6100_Brandhaner__Frederiksberg
H5525,55.6901,12.52077,600,True,simulated_from_model_type,5525,Brandhane 50 mm,6100_Brandhaner__Frederiksberg
H5526,55.691696,12.520597,1200,True,simulated_from_model_type,5526,Brandhane 80 mm,6100_Brandhaner__Frederiksberg
H5527,55.69053,12.518083,1200,True,simulated_from_model_type,5527,Brandhane 80 mm,6100_Brandhaner__Frederiksberg
H5528,55.67285,12.494979,1600,True,simulated_from_model_type,5528,Brandhane 100 mm,6100_Brandhaner__Frederiksberg
H5529,55.681258,12.496737,1200,True,simulated_from_model_type,5529,Brandhane 80 mm,6100_Brandhaner__Frederiksberg
H5530,55.678167,12.493195,1600,True,simulated_from_model_type,5530,Brandhane 100 mm,6100_Brandhaner__Frederiksberg
H5531,55.678267,12.495993,1200,True,simulated_from_model_type,5531,Brandhane 80 mm,6100_Brandhaner__Frederiksberg
H5532,55.678429,12.494415,1600,True,simulated_from_model_type,5532,Brandhane 100 mm,6100_Brandhaner__Frederiksberg
H5533,55.679761,12.497665,1200,True,simulated_from_model_type,5533,Brandhane 80 mm,6100_Brandhaner__Frederiksberg
H5534,55.680697,12.497044,1600,True,simulated_from_model_type,5534,Brandhane 100 mm,6100_Brandhaner__Frederiksberg
H5535,55.680165,12.494067,1600,True,simulated_from_model_type,5535,Brandhane 100 mm,6100_Brandhaner__Frederiksberg
H5536,55.680603,12.494899,1600,True,simulated_from_model_type,5536,Brandhane 100 mm,6100_Brandhaner__Frederiksberg
H5537,55.679963,12.494688,1600,True,simulated_from_model_type,5537,Brandhane 100 mm,6100_Brandhaner__Frederiksberg
H5538,55.679148,12.494614,1600,True,simulated_from_model_type,5538,Brandhane 100 mm,6100_Brandhaner__Frederiksberg
H5539,55.677661,12.494339,600,True,simulated_from_model_type,5539,Brandhane 50 mm,6100_Brandhaner__Frederiksberg
H5540,55.67769,12.495263,1600,True,simulated_from_model_type,5540,Brandhane 100 mm,6100_Brandhaner__Frederiksberg
H5541,55.679031,12.493212,1600,True,simulated_from_model_type,5541,Brandhane 100 mm,6100_Brandhaner__Frederiksberg
H5542,55.678531,12.496142,1600,True,simulated_from_model_type,5542,Brandhane 100 mm,6100_Brandhaner__Frederiksberg
H5543,55.679155,12.496445,1600,True,simulated_from_model_type,5543,Brandhane 100 mm,6100_Brandhaner__Frederiksberg
H5544,55.680102,12.496778,1600,True,simulated_from_model_type,5544,Brandhane 100 mm,6100_Brandhaner__Frederiksberg
H5545,55.679978,12.495961,1600,True,simulated_from_model_type,5545,Brandhane 100 mm,6100_Brandhaner__Frederiksberg
H5546,55.682697,12.513037,1200,True,simulated_from_model_type,5546,Brandhane 80 mm,6100_Brandhaner__Frederiksberg
H5547,55.682036,12.512608,1200,True,simulated_from_model_type,5547,Brandhane 80 mm,6100_Brandhaner__Frederiksberg
H5548,55.681983,12.509797,1600,True,simulated_from_model_type,5548,Brandhane 100 mm,6100_Brandhaner__Frederiksberg
H5549,55.682551,12.511289,1200,True,simulated_from_model_type,5549,Brandhane 80 mm,6100_Brandhaner__Frederiksberg
H5550,55.683614,12.514292,1600,True,simulated_from_model_type,5550,Brandhane 100 mm,6100_Brandhaner__Frederiksberg
H5551,55.685763,12.517159,1600,True,simulated_from_model_type,5551,Brandhane 100 mm,6100_Brandhaner__Frederiksberg
H5552,55.685115,12.515021,1600,True,simulated_from_model_type,5552,Brandhane 100 mm,6100_Brandhaner__Frederiksberg
H5553,55.685369,12.51342,1200,True,simulated_from_model_type,5553,Brandhane 80 mm,6100_Brandhaner__Frederiksberg
H5554,55.685315,12.511958,600,True,simulated_from_model_type,5554,Brandhane 50 mm,6100_Brandhaner__Frederiksberg
H5555,55.685145,12.520933,1200,True,simulated_from_model_type,5555,Brandhane 80 mm,6100_Brandhaner__Frederiksberg
H5556,55.685618,12.518684,1600,True,simulated_from_model_type,5556,Brandhane 100 mm,6100_Brandhaner__Frederiksberg
H5557,55.685059,12.521333,1200,True,simulated_from_model_type,5557,Brandhane 80 mm,6100_Brandhaner__Frederiksberg
H5558,55.684752,12.521969,1200,True,simulated_from_model_type,5558,Brandhane 80 mm,6100_Brandhaner__Frederiksberg
H5559,55.683914,12.521021,1600,True,simulated_from_model_type,5559,Brandhane 100 mm,6100_Brandhaner__Frederiksberg
H5560,55.682983,12.519738,1600,True,simulated_from_model_type,5560,Brandhane 100 mm,6100_Brandhaner__Frederiksberg
H5561,55.681324,12.519292,1600,True,simulated_from_model_type,5561,Brandhane 100 mm,6100_Brandhaner__Frederiksberg
H5562,55.684483,12.510925,1200,True,simulated_from_model_type,5562,Brandhane 80 mm,6100_Brandhaner__Frederiksberg
H5563,55.683223,12.516506,1600,True,simulated_from_model_type,5563,Brandhane 100 mm,6100_Brandhaner__Frederiksberg
H5564,55.683862,12.515689,1600,True,simulated_from_model_type,5564,Brandhane 100 mm,6100_Brandhaner__Frederiksberg
H5565,55.682505,12.514626,1200,True,simulated_from_model_type,5565,Brandhane 80 mm,6100_Brandhaner__Frederiksberg
H5566,55.682276,12.516497,1200,True,simulated_from_model_type,5566,Brandhane 80 mm,6100_Brandhaner__Frederiksberg
H5567,55.682041,12.517743,1600,True,simulated_from_model_type,5567,Brandhane 100 mm,6100_Brandhaner__Frederiksberg
H5568,55.681551,12.517034,1600,True,simulated_from_model_type,5568,Brandhane 100 mm,6100_Brandhaner__Frederiksberg
H5569,55.684554,12.513223,1600,True,simulated_from_model_type,5569,Brandhane 100 mm,6100_Brandhaner__Frederiksberg
H5570,55.685326,12.520469,1200,True,simulated_from_model_type,5570,Brandhane 80 mm,6100_Brandhaner__Frederiksberg
H5571,55.681616,12.515977,1600,True,simulated_from_model_type,5571,Brandhane 100 mm,6100_Brandhaner__Frederiksberg
H5572,55.681751,12.513772,1600,True,simulated_from_model_type,5572,Brandhane 100 mm,6100_Brandhaner__Frederiksberg
H5573,55.681595,12.521563,1600,True,simulated_from_model_type,5573,Brandhane 100 mm,6100_Brandhaner__Frederiksberg
H5574,55.685109,12.519347,1600,True,simulated_from_model_type,5574,Brandhane 100 mm,6100_Brandhaner__Frederiksberg
H5575,55.683204,12.518129,1200,True,simulated_from_model_type,5575,Brandhane 80 mm,6100_Brandhaner__Frederiksberg
H5576,55.684541,12.518009,1600,True,simulated_from_model_type,5576,Brandhane 100 mm,6100_Brandhaner__Frederiksberg
H5577,55.684633,12.519033,1600,True,simulated_from_model_type,5577,Brandhane 100 mm,6100_Brandhaner__Frederiksberg
H5578,55.683297,12.512262,1600,True,simulated_from_model_type,5578,Brandhane 100 mm,6100_Brandhaner__Frederiksberg
H5579,55.683519,12.517336,1600,True,simulated_from_model_type,5579,Brandhane 100 mm,6100_Brandhaner__Frederiksberg
H5580,55.684125,12.513902,1600,True,simulated_from_model_type,5580,Brandhane 100 mm,6100_Brandhaner__Frederiksberg
H5581,55.683913,12.518588,1600,True,simulated_from_model_type,5581,Brandhane 100 mm,6100_Brandhaner__Frederiksberg
H5582,55.685702,12.510855,600,True,simulated_from_model_type,5582,Brandhane 50 mm,6100_Brandhaner__Frederiksberg
H5583,55.68196,12.518462,1200,True,simulated_from_model_type,5583,Brandhane 80 mm,6100_Brandhaner__Frederiksberg
H5584,55.684762,12.516837,1200,True,simulated_from_model_type,5584,Brandhane 80 mm,6100_Brandhaner__Frederiksberg
H5585,55.681576,12.505353,1200,True,simulated_from_model_type,5585,Brandhane 80 mm,6100_Brandhaner__Frederiksberg
H5586,55.68423,12.498759,1600,True,simulated_from_model_type,5586,Brandhane 100 mm,6100_Brandhaner__Frederiksberg
H5587,55.684275,12.501862,1200,True,simulated_from_model_type,5587,Brandhane 80 mm,6100_Brandhaner__Frederiksberg
H5588,55.683292,12.505,1600,True,simulated_from_model_type,5588,Brandhane 100 mm,6100_Brandhaner__Frederiksberg
H5589,55.684712,12.502164,1600,True,simulated_from_model_type,5589,Brandhane 100 mm,6100_Brandhaner__Frederiksberg
H5590,55.683204,12.501365,1600,True,simulated_from_model_type,5590,Brandhane 100 mm,6100_Brandhaner__Frederiksberg
H5591,55.682053,12.504793,1200,True,simulated_from_model_type,5591,Brandhane 80 mm,6100_Brandhaner__Frederiksberg
H5592,55.68539,12.507537,600,True,simulated_from_model_type,5592,Brandhane 50 mm,6100_Brandhaner__Frederiksberg
H5593,55.685498,12.50716,1200,True,simulated_from_model_type,5593,Brandhane 80 mm,6100_Brandhaner__Frederiksberg
H5594,55.682464,12.501472,1600,True,simulated_from_model_type,5594,Brandhane 100 mm,6100_Brandhaner__Frederiksberg
H5595,55.682153,12.506785,1600,True,simulated_from_model_type,5595,Brandhane 100 mm,6100_Brandhaner__Frederiksberg
H5596,55.682533,12.50025,1200,True,simulated_from_model_type,5596,Brandhane 80 mm,6100_Brandhaner__Frederiksberg
H5597,55.683513,12.49911,600,True,simulated_from_model_type,5597,Brandhane 50 mm,6100_Brandhaner__Frederiksberg
H5598,55.684969,12.50015,1600,True,simulated_from_model_type,5598,Brandhane 100 mm,6100_Brandhaner__Frederiksberg
H5599,55.681865,12.502535,1200,True,simulated_from_model_type,5599,Brandhane 80 mm,6100_Brandhaner__Frederiksberg
H5600,55.685744,12.504563,1200,True,simulated_from_model_type,5600,Brandhane 80 mm,6100_Brandhaner__Frederiksberg
H5601,55.685644,12.509928,1600,True,simulated_from_model_type,5601,Brandhane 100 mm,6100_Brandhaner__Frederiksberg
H5602,55.684864,12.509743,600,True,simulated_from_model_type,5602,Brandhane 50 mm,6100_Brandhaner__Frederiksberg
H5603,55.683574,12.507112,1600,True,simulated_from_model_type,5603,Brandhane 100 mm,6100_Brandhaner__Frederiksberg
H5604,55.68311,12.506737,1600,True,simulated_from_model_type,5604,Brandhane 100 mm,6100_Brandhaner__Frederiksberg
H5605,55.68184,12.50846,1600,True,simulated_from_model_type,5605,Brandhane 100 mm,6100_Brandhaner__Frederiksberg
H5606,55.68234,12.503486,1200,True,simulated_from_model_type,5606,Brandhane 80 mm,6100_Brandhaner__Frederiksberg
H5607,55.685382,12.509125,600,True,simulated_from_model_type,5607,Brandhane 50 mm,6100_Brandhaner__Frederiksberg
H5608,55.685945,12.504024,1600,True,simulated_from_model_type,5608,Brandhane 100 mm,6100_Brandhaner__Frederiksberg
H5609,55.684127,12.50765,1600,True,simulated_from_model_type,5609,Brandhane 100 mm,6100_Brandhaner__Frederiksberg
H5610,55.683744,12.509603,1600,True,simulated_from_model_type,5610,Brandhane 100 mm,6100_Brandhaner__Frederiksberg
H5611,55.68243,12.498088,1600,True,simulated_from_model_type,5611,Brandhane 100 mm,6100_Brandhaner__Frederiksberg
H5612,55.682659,12.498122,600,True,simulated_from_model_type,5612,Brandhane 50 mm,6100_Brandhaner__Frederiksberg
H5613,55.684951,12.508276,1600,True,simulated_from_model_type,5613,Brandhane 100 mm,6100_Brandhaner__Frederiksberg
H5614,55.685363,12.499448,1600,True,simulated_from_model_type,5614,Brandhane 100 mm,6100_Brandhaner__Frederiksberg
H5615,55.686025,12.499275,1600,True,simulated_from_model_type,5615,Brandhane 100 mm,6100_Brandhaner__Frederiksberg
H5616,55.689128,12.521407,1600,True,simulated_from_model_type,5616,Brandhane 100 mm,6100_Brandhaner__Frederiksberg
H5617,55.687303,12.519826,1600,True,simulated_from_model_type,5617,Brandhane 100 mm,6100_Brandhaner__Frederiksberg
H5618,55.68783,12.511228,600,True,simulated_from_model_type,5618,Brandhane 50 mm,6100_Brandhaner__Frederiksberg
H5619,55.686238,12.519167,1200,True,simulated_from_model_type,5619,Brandhane 80 mm,6100_Brandhaner__Frederiksberg
H5620,55.689837,12.519557,1200,True,simulated_from_model_type,5620,Brandhane 80 mm,6100_Brandhaner__Frederiksberg
H5621,55.686726,12.51021,1600,True,simulated_from_model_type,5621,Brandhane 100 mm,6100_Brandhaner__Frederiksberg
H5622,55.687638,12.510235,1600,True,simulated_from_model_type,5622,Brandhane 100 mm,6100_Brandhaner__Frederiksberg
H5623,55.686814,12.517176,1200,True,simulated_from_model_type,5623,Brandhane 80 mm,6100_Brandhaner__Frederiksberg
H5624,55.686793,12.515797,1600,True,simulated_from_model_type,5624,Brandhane 100 mm,6100_Brandhaner__Frederiksberg
H5625,55.687407,12.518238,1200,True,simulated_from_model_type,5625,Brandhane 80 mm,6100_Brandhaner__Frederiksberg
H5626,55.688215,12.519145,600,True,simulated_from_model_type,5626,Brandhane 50 mm,6100_Brandhaner__Frederiksberg
H5627,55.687478,12.517049,1200,True,simulated_from_model_type,5627,Brandhane 80 mm,6100_Brandhaner__Frederiksberg
H5628,55.687213,12.52122,1600,True,simulated_from_model_type,5628,Brandhane 100 mm,6100_Brandhaner__Frederiksberg
H5629,55.69019,12.517836,1200,True,simulated_from_model_type,5629,Brandhane 80 mm,6100_Brandhaner__Frederiksberg
H5630,55.689997,12.517658,1600,True,simulated_from_model_type,5630,Brandhane 100 mm,6100_Brandhaner__Frederiksberg
H5631,55.689148,12.513594,1600,True,simulated_from_model_type,5631,Brandhane 100 mm,6100_Brandhaner__Frederiksberg
H5632,55.689598,12.515973,600,True,simulated_from_model_type,5632,Brandhane 50 mm,6100_Brandhaner__Frederiksberg
H5633,55.690014,12.519342,600,True,simulated_from_model_type,5633,Brandhane 50 mm,6100_Brandhaner__Frederiksberg
H5634,55.689522,12.520771,1600,True,simulated_from_model_type,5634,Brandhane 100 mm,6100_Brandhaner__Frederiksberg
H5635,55.688007,12.522744,1200,True,simulated_from_model_type,5635,Brandhane 80 mm,6100_Brandhaner__Frederiksberg
H5636,55.68603,12.512641,1200,True,simulated_from_model_type,5636,Brandhane 80 mm,6100_Brandhaner__Frederiksberg
H5637,55.687002,12.51819,1600,True,simulated_from_model_type,5637,Brandhane 100 mm,6100_Brandhaner__Frederiksberg
H5638,55.688954,12.517135,1200,True,simulated_from_model_type,5638,Brandhane 80 mm,6100_Brandhaner__Frederiksberg
H5639,55.687738,12.515541,600,True,simulated_from_model_type,5639,Brandhane 50 mm,6100_Brandhaner__Frederiksberg
H5640,55.686027,12.516009,1200,True,simulated_from_model_type,5640,Brandhane 80 mm,6100_Brandhaner__Frederiksberg
H5641,55.688204,12.51799,1200,True,simulated_from_model_type,5641,Brandhane 80 mm,6100_Brandhaner__Frederiksberg
H5642,55.688826,12.520256,1200,True,simulated_from_model_type,5642,Brandhane 80 mm,6100_Brandhaner__Frederiksberg
H5643,55.686479,12.514222,1600,True,simulated_from_model_type,5643,Brandhane 100 mm,6100_Brandhaner__Frederiksberg
H5644,55.689448,12.519708,1600,True,simulated_from_model_type,5644,Brandhane 100 mm,6100_Brandhaner__Frederiksberg
H5645,55.686623,12.519457,1600,True,simulated_from_model_type,5645,Brandhane 100 mm,6100_Brandhaner__Frederiksberg
H5646,55.686545,12.520424,1600,True,simulated_from_model_type,5646,Brandhane 100 mm,6100_Brandhaner__Frederiksberg
H5647,55.686704,12.522039,1600,True,simulated_from_model_type,5647,Brandhane 100 mm,6100_Brandhaner__Frederiksberg
H5648,55.687274,12.521796,1600,True,simulated_from_model_type,5648,Brandhane 100 mm,6100_Brandhaner__Frederiksberg
H5649,55.688359,12.514024,600,True,simulated_from_model_type,5649,Brandhane 50 mm,6100_Brandhaner__Frederiksberg
H5650,55.688688,12.515748,600,True,simulated_from_model_type,5650,Brandhane 50 mm,6100_Brandhaner__Frederiksberg
H5651,55.688118,12.51348,1600,True,simulated_from_model_type,5651,Brandhane 100 mm,6100_Brandhaner__Frederiksberg
H5652,55.687342,12.513715,1200,True,simulated_from_model_type,5652,Brandhane 80 mm,6100_Brandhaner__Frederiksberg
H5653,55.68646,12.51524,1600,True,simulated_from_model_type,5653,Brandhane 100 mm,6100_Brandhaner__Frederiksberg
H5654,55.68834,12.509375,1600,True,simulated_from_model_type,5654,Brandhane 100 mm,6100_Brandhaner__Frederiksberg
H5655,55.687428,12.506739,600,True,simulated_from_model_type,5655,Brandhane 50 mm,6100_Brandhaner__Frederiksberg
H5656,55.686701,12.505669,1600,True,simulated_from_model_type,5656,Brandhane 100 mm,6100_Brandhaner__Frederiksberg
H5657,55.686735,12.504405,1600,True,simulated_from_model_type,5657,Brandhane 100 mm,6100_Brandhaner__Frederiksberg
H5658,55.687292,12.508448,600,True,simulated_from_model_type,5658,Brandhane 50 mm,6100_Brandhaner__Frederiksberg
H5659,55.686916,12.507049,1600,True,simulated_from_model_type,5659,Brandhane 100 mm,6100_Brandhaner__Frederiksberg
H5660,55.686125,12.506819,1600,True,simulated_from_model_type,5660,Brandhane 100 mm,6100_Brandhaner__Frederiksberg
H5661,55.687621,12.504809,1600,True,simulated_from_model_type,5661,Brandhane 100 mm,6100_Brandhaner__Frederiksberg
H5662,55.687371,12.503931,1600,True,simulated_from_model_type,5662,Brandhane 100 mm,6100_Brandhaner__Frederiksberg
H5663,55.687243,12.502772,1600,True,simulated_from_model_type,5663,Brandhane 100 mm,6100_Brandhaner__Frederiksberg
H5664,55.686274,12.500667,1600,True,simulated_from_model_type,5664,Brandhane 100 mm,6100_Brandhaner__Frederiksberg
H5665,55.687161,12.502559,1600,True,simulated_from_model_type,5665,Brandhane 100 mm,6100_Brandhaner__Frederiksberg
H5666,55.686464,12.50891,1600,True,simulated_from_model_type,5666,Brandhane 100 mm,6100_Brandhaner__Frederiksberg
H5667,55.683162,12.497181,1200,True,simulated_from_model_type,5667,Brandhane 80 mm,6100_Brandhaner__Frederiksberg
H5668,55.68279,12.495883,1200,True,simulated_from_model_type,5668,Brandhane 80 mm,6100_Brandhaner__Frederiksberg
H5669,55.682541,12.495974,1600,True,simulated_from_model_type,5669,Brandhane 100 mm,6100_Brandhaner__Frederiksberg
H5670,55.684012,12.497228,600,True,simulated_from_model_type,5670,Brandhane 50 mm,6100_Brandhaner__Frederiksberg
H5671,55.681672,12.49455,1200,True,simulated_from_model_type,5671,Brandhane 80 mm,6100_Brandhaner__Frederiksberg
H5672,55.681815,12.496064,1200,True,simulated_from_model_type,5672,Brandhane 80 mm,6100_Brandhaner__Frederiksberg
H5673,55.690189,12.534188,1600,True,simulated_from_model_type,5673,Brandhane 100 mm,6100_Brandhaner__Frederiksberg
H5674,55.690553,12.534896,1600,True,simulated_from_model_type,5674,Brandhane 100 mm,6100_Brandhaner__Frederiksberg
H5675,55.693136,12.535475,1200,True,simulated_from_model_type,5675,Brandhane 80 mm,6100_Brandhaner__Frederiksberg
H5676,55.690827,12.536367,1600,True,simulated_from_model_type,5676,Brandhane 100 mm,6100_Brandhaner__Frederiksberg
H5677,55.690526,12.535207,1200,True,simulated_from_model_type,5677,Brandhane 80 mm,6100_Brandhaner__Frederiksberg
H5678,55.693333,12.534335,1200,True,simulated_from_model_type,5678,Brandhane 80 mm,6100_Brandhaner__Frederiksberg
H5679,55.692926,12.534864,1600,True,simulated_from_model_type,5679,Brandhane 100 mm,6100_Brandhaner__Frederiksberg
H5680,55.691244,12.535042,1600,True,simulated_from_model_type,5680,Brandhane 100 mm,6100_Brandhaner__Frederiksberg
H5681,55.690613,12.523007,1200,True,simulated_from_model_type,5681,Brandhane 80 mm,6100_Brandhaner__Frederiksberg
H5682,55.693881,12.533026,1200,True,simulated_from_model_type,5682,Brandhane 80 mm,6100_Brandhaner__Frederiksberg
H5683,55.691019,12.524998,1200,True,simulated_from_model_type,5683,Brandhane 80 mm,6100_Brandhaner__Frederiksberg
H5684,55.692128,12.527603,1200,True,simulated_from_model_type,5684,Brandhane 80 mm,6100_Brandhaner__Frederiksberg
H5685,55.69162,12.534325,1600,True,simulated_from_model_type,5685,Brandhane 100 mm,6100_Brandhaner__Frederiksberg
H5686,55.690925,12.532255,1600,True,simulated_from_model_type,5686,Brandhane 100 mm,6100_Brandhaner__Frederiksberg
H5687,55.681129,12.533147,1600,True,simulated_from_model_type,5687,Brandhane 100 mm,6100_Brandhaner__Frederiksberg
H5688,55.680815,12.527946,1200,True,simulated_from_model_type,5688,Brandhane 80 mm,6100_Brandhaner__Frederiksberg
H5689,55.68416,12.503831,1200,True,simulated_from_model_type,5689,Brandhane 80 mm,6100_Brandhaner__Frederiksberg
H5690,55.679432,12.556245,1200,True,simulated_from_model_type,5690,Brandhane 80 mm,6100_Brandhaner__Frederiksberg
H5691,55.683945,12.555081,1200,True,simulated_from_model_type,5691,Brandhane 80 mm,6100_Brandhaner__Frederiksberg
H5692,55.683193,12.508406,1600,True,simulated_from_model_type,5692,Brandhane 100 mm,6100_Brandhaner__Frederiksberg
H5693,55.678219,12.555995,1600,True,simulated_from_model_type,5693,Brandhane 100 mm,6100_Brandhaner__Frederiksberg
H5694,55.687201,12.512103,1200,True,simulated_from_model_type,5694,Brandhane 80 mm,6100_Brandhaner__Frederiksberg
H5695,55.672098,12.531662,1200,True,simulated_from_model_type,5695,Brandhane 80 mm,6100_Brandhaner__Frederiksberg
H5696,55.682999,12.510592,1600,True,simulated_from_model_type,5696,Brandhane 100 mm,6100_Brandhaner__Frederiksberg
H5697,55.67809,12.547226,600,True,simulated_from_model_type,5697,Brandhane 50 mm,6100_Brandhaner__Frederiksberg
